Energy,Magnetization
-24708.0,158.0
-33140.0,340.0
-37572.0,254.0
-40140.0,182.0
-42004.0,296.0
-43780.0,274.0
-44744.0,48.0
-45872.0,436.0
-46196.0,378.0
-46580.0,658.0
-47504.0,696.0
-48036.0,454.0
-47800.0,448.0
-47912.0,808.0
-48500.0,1152.0
-49068.0,1520.0
-49464.0,1522.0
-49672.0,1766.0
-50060.0,1676.0
-49992.0,1982.0
-49744.0,2204.0
-49788.0,2036.0
-50172.0,2178.0
-50708.0,2256.0
-50472.0,2520.0
-50452.0,2798.0
-50800.0,2504.0
-51468.0,2202.0
-51468.0,2254.0
-51516.0,2110.0
-52004.0,2272.0
-52068.0,2452.0
-52172.0,2414.0
-51960.0,2472.0
-51624.0,2308.0
-51796.0,2392.0
-52016.0,2362.0
-51896.0,2242.0
-52000.0,1928.0
-52688.0,2186.0
-52396.0,2312.0
-52088.0,2120.0
-52684.0,2184.0
-52900.0,2238.0
-52628.0,2162.0
-52532.0,2528.0
-52656.0,2432.0
-52424.0,2564.0
-52444.0,2814.0
-52572.0,2810.0
-53072.0,2696.0
-53168.0,2960.0
-53288.0,2988.0
-52736.0,3330.0
-53000.0,3464.0
-52896.0,3598.0
-53176.0,3676.0
-52636.0,3614.0
-52692.0,3432.0
-52172.0,3184.0
-52876.0,2998.0
-52860.0,3186.0
-52592.0,3172.0
-52276.0,3104.0
-52328.0,2926.0
-52704.0,2778.0
-52240.0,2880.0
-51880.0,2814.0
-52380.0,2810.0
-52624.0,2990.0
-52484.0,3266.0
-52680.0,3272.0
-53436.0,3218.0
-53412.0,3338.0
-53740.0,3156.0
-53624.0,3166.0
-53692.0,3444.0
-53444.0,3976.0
-53088.0,3948.0
-53320.0,4024.0
-53128.0,4136.0
-53072.0,4286.0
-53088.0,4162.0
-52968.0,4078.0
-52776.0,4124.0
-52704.0,4492.0
-53000.0,4454.0
-52936.0,4414.0
-53804.0,4596.0
-53584.0,4514.0
-53484.0,4502.0
-53516.0,4588.0
-53036.0,4556.0
-53276.0,4588.0
-53536.0,4504.0
-53696.0,4564.0
-53608.0,4132.0
-53516.0,4202.0
-53728.0,3980.0
-53056.0,3988.0
-53000.0,3972.0
-53536.0,4402.0
-54328.0,4420.0
-54064.0,4806.0
-54168.0,4586.0
-53956.0,4582.0
-53676.0,4678.0
-53412.0,4552.0
-53528.0,4862.0
-53804.0,5012.0
-53568.0,4946.0
-53760.0,5076.0
-53876.0,5198.0
-54240.0,5088.0
-54412.0,5252.0
-54100.0,5352.0
-54108.0,5372.0
-53808.0,5688.0
-53968.0,5354.0
-53688.0,5400.0
-53544.0,5444.0
-53772.0,5274.0
-53812.0,5186.0
-53592.0,5568.0
-53416.0,5426.0
-53192.0,5468.0
-53424.0,5616.0
-53516.0,5278.0
-53480.0,5346.0
-53580.0,5496.0
-53472.0,5526.0
-53580.0,5572.0
-53432.0,5678.0
-53764.0,5698.0
-53724.0,5646.0
-53912.0,5664.0
-54216.0,5922.0
-54112.0,5598.0
-54080.0,5618.0
-54296.0,5200.0
-54184.0,5088.0
-54284.0,4950.0
-53832.0,5054.0
-54416.0,4718.0
-54072.0,4616.0
-54168.0,4594.0
-54752.0,4788.0
-54756.0,4830.0
-54700.0,4718.0
-54640.0,4760.0
-54676.0,4802.0
-54328.0,4888.0
-54464.0,4742.0
-54404.0,4572.0
-53928.0,4414.0
-53872.0,4594.0
-54328.0,4834.0
-54796.0,4750.0
-54988.0,4746.0
-54708.0,4994.0
-54432.0,5044.0
-54268.0,5322.0
-54892.0,5510.0
-54780.0,5398.0
-54400.0,5348.0
-54036.0,5256.0
-54484.0,5004.0
-55056.0,5114.0
-54936.0,5002.0
-54400.0,5092.0
-54232.0,5230.0
-54792.0,5232.0
-54924.0,5494.0
-54456.0,5466.0
-54640.0,5336.0
-55244.0,5542.0
-54880.0,5604.0
-55068.0,5254.0
-55212.0,5546.0
-54872.0,5428.0
-55192.0,5434.0
-55136.0,5270.0
-54700.0,5474.0
-54672.0,5224.0
-54932.0,5268.0
-55004.0,5458.0
-55172.0,5794.0
-54816.0,5564.0
-54976.0,5648.0
-55040.0,5784.0
-55016.0,5646.0
-55236.0,5496.0
-54852.0,5348.0
-55112.0,5476.0
-55376.0,5806.0
-55232.0,5836.0
-55072.0,5794.0
-54624.0,5890.0
-55216.0,5942.0
-55432.0,6086.0
-55176.0,6448.0
-55252.0,6486.0
-55452.0,6238.0
-55468.0,6216.0
-55096.0,6556.0
-55600.0,6374.0
-55344.0,6562.0
-55504.0,6522.0
-55572.0,6458.0
-55336.0,6320.0
-55856.0,6584.0
-55352.0,6564.0
-55676.0,6650.0
-55544.0,6878.0
-55736.0,7048.0
-55480.0,6810.0
-55092.0,6728.0
-54620.0,6662.0
-55192.0,6840.0
-55024.0,6396.0
-55212.0,6498.0
-55132.0,6600.0
-55032.0,6704.0
-54820.0,6630.0
-54792.0,6730.0
-54700.0,6612.0
-55244.0,6756.0
-55288.0,6730.0
-55228.0,6860.0
-55448.0,6660.0
-55348.0,6590.0
-55336.0,6266.0
-55400.0,6158.0
-55052.0,6236.0
-55656.0,6296.0
-55152.0,6270.0
-55196.0,6368.0
-55280.0,6320.0
-55528.0,6540.0
-55052.0,6726.0
-54724.0,7038.0
-54680.0,7038.0
-54256.0,6974.0
-54316.0,7210.0
-54248.0,7216.0
-54864.0,7190.0
-55136.0,7188.0
-55232.0,7198.0
-54932.0,7108.0
-55212.0,7088.0
-54744.0,7252.0
-54848.0,7018.0
-54900.0,7068.0
-54740.0,7240.0
-54924.0,7420.0
-54936.0,7282.0
-55204.0,7238.0
-54648.0,7258.0
-55164.0,7414.0
-55708.0,7530.0
-55396.0,7314.0
-55536.0,7384.0
-55428.0,7312.0
-55664.0,7288.0
-54724.0,7240.0
-55228.0,7240.0
-55832.0,7576.0
-55172.0,7264.0
-54800.0,7480.0
-54924.0,7524.0
-54960.0,7776.0
-54576.0,7806.0
-54808.0,7910.0
-55508.0,8092.0
-55364.0,8166.0
-54904.0,8264.0
-54796.0,8206.0
-54872.0,8498.0
-55396.0,8278.0
-55236.0,8256.0
-55468.0,8294.0
-55544.0,8688.0
-55248.0,8724.0
-55600.0,8812.0
-55140.0,8646.0
-54928.0,8614.0
-54688.0,8458.0
-54888.0,8802.0
-54268.0,8404.0
-54396.0,8478.0
-54392.0,8526.0
-54700.0,8544.0
-54532.0,8748.0
-55804.0,8646.0
-55552.0,8648.0
-55740.0,8884.0
-55812.0,9100.0
-55648.0,8970.0
-55184.0,8894.0
-55380.0,9138.0
-55208.0,8930.0
-55148.0,8980.0
-55100.0,8864.0
-55080.0,8808.0
-55224.0,8672.0
-55072.0,8702.0
-54584.0,8646.0
-54716.0,8438.0
-55140.0,8698.0
-55172.0,8564.0
-55280.0,8994.0
-55796.0,9228.0
-55768.0,9176.0
-55632.0,8912.0
-55452.0,8794.0
-55612.0,8766.0
-55612.0,9020.0
-55600.0,8898.0
-55440.0,9058.0
-55284.0,9078.0
-54820.0,8968.0
-54892.0,9170.0
-55060.0,9238.0
-55148.0,9140.0
-55708.0,8884.0
-56072.0,8942.0
-55748.0,8832.0
-55880.0,8606.0
-55256.0,8542.0
-55172.0,8742.0
-55216.0,8838.0
-55244.0,8926.0
-54956.0,8968.0
-55016.0,9064.0
-55328.0,8726.0
-54932.0,8478.0
-54660.0,8900.0
-54800.0,8816.0
-55060.0,8934.0
-55204.0,9002.0
-55224.0,8884.0
-54968.0,8788.0
-55240.0,8614.0
-54896.0,8674.0
-55176.0,8750.0
-55192.0,8818.0
-55164.0,8716.0
-55556.0,8930.0
-54964.0,8940.0
-55252.0,8930.0
-54904.0,9040.0
-54412.0,8730.0
-54788.0,9038.0
-54636.0,9146.0
-54336.0,9334.0
-54992.0,9488.0
-55200.0,9674.0
-55048.0,9746.0
-55296.0,9872.0
-55232.0,9756.0
-54892.0,9626.0
-55176.0,9548.0
-54900.0,9574.0
-55004.0,9664.0
-54992.0,9574.0
-55284.0,9796.0
-54668.0,9684.0
-54792.0,10006.0
-54884.0,9914.0
-55048.0,10078.0
-54988.0,10084.0
-55020.0,10372.0
-55112.0,10326.0
-55104.0,10728.0
-55204.0,10642.0
-55000.0,10390.0
-54716.0,10494.0
-54836.0,10284.0
-55084.0,10262.0
-55288.0,10290.0
-55580.0,10368.0
-55380.0,10482.0
-55212.0,10634.0
-54596.0,10730.0
-54308.0,10730.0
-54748.0,10792.0
-55040.0,10916.0
-54600.0,11148.0
-55000.0,11248.0
-55188.0,11250.0
-55320.0,10928.0
-55476.0,10586.0
-55232.0,10754.0
-55232.0,10586.0
-55020.0,10654.0
-55028.0,10894.0
-55240.0,10584.0
-54808.0,10626.0
-55268.0,10774.0
-54840.0,10698.0
-55056.0,10754.0
-55528.0,10486.0
-55604.0,10708.0
-55396.0,10540.0
-55476.0,10774.0
-55304.0,10542.0
-54984.0,10884.0
-54764.0,10648.0
-54984.0,10638.0
-55236.0,10590.0
-55444.0,10612.0
-55628.0,10828.0
-55156.0,10892.0
-55344.0,10846.0
-55472.0,10644.0
-55360.0,10708.0
-55768.0,10892.0
-55604.0,11136.0
-55396.0,11108.0
-55816.0,11250.0
-55496.0,11250.0
-55096.0,11450.0
-55552.0,11374.0
-55472.0,11328.0
-55192.0,11370.0
-55256.0,11172.0
-55308.0,11398.0
-54968.0,11080.0
-55412.0,11172.0
-55620.0,11288.0
-55288.0,11422.0
-55164.0,11102.0
-55372.0,11150.0
-55460.0,10980.0
-55460.0,11090.0
-55276.0,11196.0
-54968.0,11138.0
-54528.0,10984.0
-54496.0,10780.0
-54888.0,10588.0
-54996.0,10644.0
-54304.0,10478.0
-54328.0,10586.0
-54508.0,10818.0
-53896.0,10452.0
-53532.0,10360.0
-53776.0,10384.0
-54056.0,10336.0
-54388.0,10360.0
-54164.0,10104.0
-54092.0,9816.0
-54548.0,9998.0
-54500.0,10266.0
-54396.0,10264.0
-54736.0,10256.0
-54980.0,10418.0
-54804.0,10278.0
-54752.0,10608.0
-55340.0,10598.0
-54812.0,10480.0
-54960.0,10412.0
-55128.0,10714.0
-54920.0,10728.0
-55224.0,10838.0
-55076.0,10618.0
-55152.0,10666.0
-55472.0,10338.0
-55556.0,10216.0
-55264.0,10240.0
-55016.0,10338.0
-54592.0,10318.0
-54432.0,10052.0
-54440.0,10042.0
-55416.0,10028.0
-54892.0,9776.0
-55212.0,9728.0
-54936.0,9638.0
-54824.0,9638.0
-54796.0,9688.0
-54476.0,9648.0
-54556.0,9584.0
-54476.0,9690.0
-54248.0,9948.0
-54736.0,10124.0
-54404.0,10182.0
-54080.0,10304.0
-54144.0,10462.0
-54960.0,10470.0
-55332.0,10624.0
-55024.0,10560.0
-55064.0,10516.0
-55380.0,10300.0
-55612.0,10444.0
-55984.0,10120.0
-56224.0,10338.0
-56000.0,10514.0
-56120.0,10518.0
-55904.0,10434.0
-55548.0,10494.0
-55876.0,10468.0
-56040.0,10818.0
-56284.0,10600.0
-56820.0,10948.0
-56168.0,10810.0
-56256.0,10652.0
-56228.0,10396.0
-55548.0,10314.0
-55652.0,10278.0
-55360.0,10078.0
-55308.0,10174.0
-55480.0,10342.0
-55012.0,10372.0
-54940.0,10162.0
-54880.0,10062.0
-55004.0,10424.0
-55384.0,10658.0
-55336.0,10772.0
-54948.0,10610.0
-55272.0,10900.0
-55304.0,10612.0
-55444.0,10592.0
-55464.0,10488.0
-55424.0,10550.0
-55696.0,10514.0
-56368.0,10740.0
-56320.0,10658.0
-56236.0,10752.0
-56284.0,10724.0
-55792.0,10578.0
-55620.0,10410.0
-55860.0,10552.0
-56392.0,10612.0
-56188.0,10550.0
-55804.0,10594.0
-55812.0,10474.0
-55616.0,10246.0
-56140.0,10420.0
-55872.0,10504.0
-55844.0,10526.0
-55832.0,10584.0
-55828.0,10870.0
-55948.0,10932.0
-56688.0,10798.0
-56008.0,10408.0
-55540.0,10180.0
-55576.0,10404.0
-55372.0,10286.0
-54980.0,10228.0
-55548.0,10360.0
-55052.0,10296.0
-54660.0,10288.0
-55080.0,10406.0
-55200.0,10148.0
-55320.0,10118.0
-55228.0,10196.0
-55084.0,10448.0
-55004.0,10458.0
-55576.0,10286.0
-55292.0,10492.0
-55940.0,10878.0
-55636.0,10838.0
-55080.0,10728.0
-54852.0,10550.0
-55068.0,10414.0
-54756.0,10524.0
-54948.0,10320.0
-54764.0,10480.0
-55124.0,10524.0
-55260.0,10400.0
-55096.0,10262.0
-54860.0,10118.0
-54956.0,10052.0
-55468.0,10530.0
-55032.0,10350.0
-54900.0,10116.0
-55112.0,10432.0
-55480.0,10292.0
-55816.0,10414.0
-56032.0,10308.0
-55876.0,10138.0
-55632.0,10346.0
-55936.0,10710.0
-56468.0,11206.0
-56608.0,11426.0
-56616.0,11268.0
-56604.0,11060.0
-56040.0,11196.0
-55992.0,11212.0
-55736.0,11122.0
-56440.0,11360.0
-56568.0,11222.0
-56516.0,11072.0
-56288.0,10968.0
-56052.0,11018.0
-56576.0,11184.0
-56396.0,11170.0
-56996.0,11540.0
-57120.0,11552.0
-57032.0,11706.0
-56648.0,11500.0
-56476.0,11128.0
-56560.0,11272.0
-55960.0,11304.0
-56276.0,11382.0
-56360.0,11414.0
-56008.0,11316.0
-55944.0,11178.0
-56132.0,11146.0
-56116.0,11046.0
-56376.0,11310.0
-56416.0,11278.0
-56444.0,11078.0
-56100.0,10822.0
-55584.0,11036.0
-55768.0,11062.0
-55924.0,11074.0
-55864.0,11118.0
-55612.0,10742.0
-56480.0,11012.0
-56344.0,10954.0
-56424.0,11120.0
-55920.0,10972.0
-55824.0,11098.0
-56304.0,11046.0
-56404.0,11182.0
-55892.0,11146.0
-56240.0,11214.0
-56268.0,11140.0
-56024.0,11342.0
-55848.0,11306.0
-56164.0,11612.0
-55716.0,11568.0
-55448.0,11446.0
-55672.0,11172.0
-55500.0,11170.0
-55412.0,11308.0
-55816.0,11358.0
-56088.0,11464.0
-55724.0,11316.0
-55740.0,11362.0
-55544.0,11426.0
-55532.0,11238.0
-55776.0,11408.0
-56352.0,11526.0
-55700.0,11100.0
-55984.0,11142.0
-55724.0,11424.0
-56284.0,11372.0
-56280.0,11560.0
-56440.0,11514.0
-56436.0,11450.0
-57184.0,11768.0
-56656.0,11858.0
-56564.0,11894.0
-56552.0,11836.0
-56324.0,11822.0
-56196.0,11618.0
-56248.0,11528.0
-56420.0,11610.0
-56156.0,11480.0
-55968.0,11774.0
-56016.0,11564.0
-55772.0,11624.0
-56272.0,11660.0
-55324.0,11348.0
-55440.0,11494.0
-56152.0,11530.0
-55572.0,11676.0
-55560.0,11794.0
-55852.0,11762.0
-55404.0,11614.0
-55564.0,11786.0
-55024.0,11544.0
-55220.0,11414.0
-55072.0,11340.0
-54924.0,11292.0
-55340.0,11426.0
-55580.0,11606.0
-55480.0,11516.0
-55128.0,11672.0
-56020.0,11834.0
-56000.0,11944.0
-55856.0,11906.0
-55440.0,11876.0
-55804.0,12084.0
-55528.0,12032.0
-56084.0,12040.0
-56344.0,12202.0
-55824.0,12308.0
-55920.0,12302.0
-56220.0,12276.0
-56088.0,12590.0
-56172.0,12716.0
-55864.0,12814.0
-56732.0,12908.0
-56448.0,12806.0
-55992.0,12478.0
-55552.0,12550.0
-55872.0,12520.0
-55780.0,12624.0
-55556.0,12660.0
-55600.0,12552.0
-55476.0,12436.0
-56048.0,12738.0
-56160.0,12846.0
-55604.0,12878.0
-56212.0,12682.0
-56256.0,12704.0
-56316.0,12478.0
-56012.0,12382.0
-55296.0,12526.0
-55336.0,12726.0
-55520.0,12740.0
-55604.0,12564.0
-55980.0,12894.0
-55848.0,13106.0
-55800.0,12942.0
-55836.0,13012.0
-55976.0,13144.0
-56268.0,13220.0
-56112.0,13294.0
-55644.0,13266.0
-55076.0,12998.0
-55572.0,12948.0
-55480.0,12742.0
-55732.0,12924.0
-55604.0,12662.0
-55704.0,12626.0
-55908.0,12816.0
-55768.0,12624.0
-55596.0,12544.0
-55172.0,12432.0
-55184.0,12112.0
-55196.0,12352.0
-55036.0,12420.0
-55016.0,12654.0
-55296.0,12528.0
-56076.0,12798.0
-56340.0,12980.0
-56292.0,13072.0
-55840.0,13196.0
-55944.0,13198.0
-55996.0,13386.0
-55948.0,13420.0
-55796.0,13292.0
-55588.0,13120.0
-55528.0,13276.0
-56104.0,13584.0
-56088.0,13616.0
-56216.0,13596.0
-56212.0,13212.0
-56376.0,13104.0
-56652.0,13028.0
-56504.0,12854.0
-56440.0,12838.0
-56332.0,12860.0
-56428.0,13004.0
-56440.0,12890.0
-56012.0,13012.0
-55516.0,12964.0
-56124.0,13000.0
-56184.0,12978.0
-56076.0,12798.0
-56048.0,12840.0
-56328.0,13090.0
-56764.0,13252.0
-57080.0,13506.0
-57108.0,13548.0
-57024.0,13732.0
-56948.0,13688.0
-56656.0,13848.0
-56952.0,13756.0
-56776.0,13644.0
-56456.0,13362.0
-56248.0,13392.0
-56328.0,13532.0
-56804.0,13816.0
-56292.0,13698.0
-56256.0,13560.0
-56508.0,13818.0
-56452.0,13832.0
-55996.0,13716.0
-56728.0,13660.0
-56936.0,13606.0
-56100.0,13690.0
-56508.0,13988.0
-56228.0,13960.0
-56156.0,14014.0
-56156.0,14042.0
-56244.0,14046.0
-56264.0,14014.0
-55916.0,13924.0
-55932.0,13992.0
-56264.0,13820.0
-56028.0,13998.0
-56468.0,13854.0
-56552.0,14140.0
-56648.0,14084.0
-56084.0,13768.0
-55768.0,13764.0
-55728.0,13806.0
-55228.0,13860.0
-55168.0,14146.0
-55724.0,14504.0
-55804.0,14434.0
-56172.0,14648.0
-56568.0,14894.0
-56308.0,14912.0
-56252.0,14818.0
-55972.0,14810.0
-56280.0,14652.0
-56464.0,14640.0
-56340.0,14486.0
-56520.0,14646.0
-56220.0,14858.0
-56144.0,14804.0
-55880.0,14590.0
-55840.0,14452.0
-56252.0,14134.0
-56008.0,14008.0
-55896.0,14094.0
-55872.0,13880.0
-56384.0,14088.0
-56156.0,14088.0
-56444.0,14600.0
-55848.0,14442.0
-56040.0,14552.0
-55812.0,14166.0
-55924.0,14364.0
-55896.0,14158.0
-55916.0,14080.0
-55788.0,13974.0
-56080.0,14290.0
-56220.0,14708.0
-56248.0,14710.0
-55876.0,14696.0
-56048.0,14972.0
-56272.0,15052.0
-56148.0,15010.0
-56328.0,15340.0
-56764.0,15196.0
-56324.0,15188.0
-56704.0,15152.0
-56756.0,15248.0
-56672.0,15312.0
-56872.0,15420.0
-56892.0,15302.0
-56280.0,14848.0
-56008.0,14926.0
-56236.0,14958.0
-56252.0,15052.0
-56460.0,15140.0
-56124.0,15172.0
-56168.0,15054.0
-56432.0,15264.0
-56216.0,15420.0
-56212.0,15360.0
-56636.0,15502.0
-56628.0,15312.0
-56836.0,15422.0
-56668.0,15420.0
-56656.0,15494.0
-56512.0,15436.0
-56540.0,15320.0
-56332.0,15512.0
-55956.0,15360.0
-56380.0,15178.0
-56284.0,15014.0
-57036.0,15130.0
-57020.0,15260.0
-57036.0,15424.0
-56612.0,15502.0
-56592.0,15334.0
-56428.0,15500.0
-56920.0,15534.0
-56552.0,15482.0
-56756.0,15572.0
-56508.0,15638.0
-56392.0,15880.0
-56856.0,15988.0
-56772.0,16188.0
-56320.0,15962.0
-55624.0,15898.0
-55500.0,15668.0
-55924.0,16142.0
-55600.0,15998.0
-56012.0,15836.0
-56304.0,15766.0
-56244.0,15514.0
-56160.0,15666.0
-56220.0,15748.0
-56508.0,16056.0
-56220.0,15998.0
-56220.0,15768.0
-56232.0,15796.0
-56504.0,15722.0
-56372.0,15718.0
-56852.0,15786.0
-56952.0,15764.0
-56604.0,15678.0
-56620.0,15560.0
-56776.0,15886.0
-56976.0,15986.0
-56692.0,15894.0
-56788.0,16064.0
-56780.0,16024.0
-57068.0,16254.0
-56892.0,16040.0
-57364.0,16220.0
-57128.0,16228.0
-56800.0,16180.0
-56648.0,16206.0
-57012.0,16320.0
-57340.0,16354.0
-56860.0,16256.0
-56728.0,16038.0
-57016.0,15910.0
-57004.0,16098.0
-56280.0,15978.0
-56444.0,16052.0
-56048.0,15788.0
-56208.0,15602.0
-56232.0,15624.0
-55988.0,15300.0
-56260.0,15124.0
-56044.0,15278.0
-55888.0,15448.0
-55580.0,15474.0
-55660.0,15610.0
-55668.0,15456.0
-55488.0,15506.0
-55760.0,15668.0
-54988.0,15514.0
-55540.0,15310.0
-55856.0,15294.0
-56072.0,15396.0
-56148.0,15360.0
-56396.0,15310.0
-56648.0,15350.0
-56188.0,15252.0
-56044.0,15412.0
-56532.0,15626.0
-56812.0,15682.0
-56636.0,15412.0
-56540.0,15236.0
-56212.0,15212.0
-56192.0,15466.0
-55884.0,15388.0
-56236.0,15672.0
-56484.0,15720.0
-56208.0,15740.0
-56164.0,15716.0
-56120.0,15446.0
-56516.0,15406.0
-56148.0,15214.0
-55716.0,15402.0
-55976.0,14866.0
-55552.0,14686.0
-55464.0,14810.0
-55952.0,15006.0
-55340.0,15070.0
-55940.0,15284.0
-56088.0,15172.0
-56544.0,15186.0
-55820.0,14880.0
-55964.0,15086.0
-56292.0,15110.0
-56616.0,15196.0
-56660.0,15258.0
-56348.0,15252.0
-55836.0,15026.0
-55912.0,15288.0
-55636.0,15228.0
-55436.0,15006.0
-55160.0,14866.0
-55760.0,15098.0
-55408.0,14700.0
-55500.0,14856.0
-55660.0,15004.0
-55960.0,14888.0
-55576.0,14846.0
-55428.0,14642.0
-55572.0,14768.0
-55056.0,14676.0
-55316.0,14694.0
-55176.0,14988.0
-54960.0,14946.0
-54992.0,15010.0
-54884.0,15180.0
-54980.0,15318.0
-54816.0,15362.0
-54540.0,15674.0
-55272.0,15508.0
-56604.0,15666.0
-56308.0,15348.0
-56068.0,15324.0
-56216.0,15214.0
-56248.0,15058.0
-55916.0,15092.0
-55940.0,15088.0
-55876.0,14960.0
-55976.0,14804.0
-56168.0,14838.0
-56196.0,14894.0
-55712.0,15020.0
-55948.0,14986.0
-55816.0,15092.0
-55840.0,15286.0
-55596.0,15258.0
-55724.0,15238.0
-56004.0,15512.0
-55884.0,15482.0
-55540.0,15454.0
-56096.0,15698.0
-56152.0,16150.0
-56112.0,16450.0
-56300.0,16522.0
-56848.0,16512.0
-56516.0,16342.0
-56616.0,16128.0
-56236.0,16146.0
-56224.0,16078.0
-56044.0,15746.0
-56024.0,15774.0
-56212.0,15868.0
-56736.0,16162.0
-56908.0,16178.0
-56176.0,16218.0
-56504.0,16334.0
-56764.0,16300.0
-56708.0,16300.0
-56968.0,16624.0
-57620.0,16564.0
-57460.0,16546.0
-56832.0,16180.0
-56196.0,15950.0
-56332.0,16230.0
-55960.0,15982.0
-55652.0,15942.0
-56832.0,16134.0
-56660.0,16062.0
-56300.0,16046.0
-55572.0,15732.0
-55700.0,15644.0
-55868.0,15416.0
-55964.0,15702.0
-55980.0,15808.0
-56432.0,15610.0
-56292.0,15334.0
-56200.0,15516.0
-56132.0,15342.0
-56120.0,15278.0
-56076.0,15188.0
-55896.0,14918.0
-55864.0,15102.0
-56208.0,15226.0
-56008.0,15006.0
-56228.0,15520.0
-56476.0,15756.0
-56544.0,15634.0
-56264.0,15788.0
-56144.0,15668.0
-56192.0,15690.0
-55896.0,15520.0
-56168.0,15578.0
-56308.0,15582.0
-56392.0,15460.0
-56772.0,15700.0
-56760.0,15740.0
-56288.0,15536.0
-56368.0,15552.0
-56812.0,15678.0
-56216.0,15690.0
-56296.0,15974.0
-56748.0,15886.0
-56648.0,16038.0
-56640.0,15974.0
-56860.0,16142.0
-57064.0,16282.0
-56904.0,16238.0
-56312.0,16050.0
-56420.0,15938.0
-56628.0,16038.0
-56916.0,16028.0
-56520.0,16062.0
-56520.0,16372.0
-56720.0,16272.0
-56900.0,16164.0
-56668.0,16328.0
-56672.0,16366.0
-56336.0,16272.0
-56128.0,16120.0
-56516.0,16072.0
-55972.0,15754.0
-56104.0,15860.0
-56048.0,15646.0
-56196.0,15800.0
-56204.0,15702.0
-56700.0,15702.0
-56472.0,15578.0
-56908.0,15832.0
-56868.0,15654.0
-56192.0,15800.0
-55856.0,15844.0
-56804.0,16262.0
-56508.0,16310.0
-56772.0,16202.0
-56584.0,16164.0
-57048.0,16228.0
-56652.0,16114.0
-56440.0,16244.0
-56800.0,16148.0
-56460.0,16172.0
-56604.0,16056.0
-56848.0,16270.0
-56668.0,16296.0
-56460.0,16462.0
-56912.0,16664.0
-56340.0,16452.0
-56764.0,16690.0
-56560.0,16906.0
-56544.0,17068.0
-56596.0,16834.0
-56424.0,16908.0
-56384.0,16800.0
-56332.0,16850.0
-56200.0,17168.0
-56340.0,16860.0
-56312.0,16680.0
-56076.0,16696.0
-56416.0,16818.0
-56176.0,16866.0
-56048.0,17044.0
-56480.0,16930.0
-56448.0,17054.0
-56448.0,16902.0
-56188.0,16638.0
-55716.0,16282.0
-55712.0,16324.0
-56056.0,16478.0
-56108.0,16704.0
-56072.0,16740.0
-57156.0,16906.0
-56924.0,16796.0
-56776.0,16826.0
-56604.0,16712.0
-56228.0,16302.0
-56856.0,16348.0
-56800.0,16246.0
-56236.0,16432.0
-56316.0,16500.0
-56004.0,16170.0
-56056.0,16226.0
-55916.0,16314.0
-55688.0,16460.0
-55792.0,16650.0
-55216.0,16374.0
-55892.0,16526.0
-55876.0,16586.0
-56372.0,16762.0
-56428.0,17008.0
-56580.0,16938.0
-56112.0,16834.0
-55792.0,16634.0
-55704.0,16658.0
-55848.0,16504.0
-55900.0,16310.0
-56320.0,16546.0
-56324.0,16352.0
-56340.0,16500.0
-56152.0,16252.0
-55948.0,16244.0
-56208.0,16400.0
-56032.0,16560.0
-55808.0,16238.0
-55280.0,16386.0
-55644.0,16160.0
-56088.0,16376.0
-56120.0,16536.0
-55768.0,16356.0
-55340.0,16198.0
-55856.0,16146.0
-56104.0,16280.0
-55772.0,16248.0
-56372.0,16546.0
-56268.0,16812.0
-56252.0,16916.0
-56228.0,17100.0
-56084.0,16954.0
-56252.0,17034.0
-55964.0,17098.0
-55640.0,17176.0
-56204.0,17400.0
-56096.0,17516.0
-56088.0,17390.0
-56132.0,17236.0
-55704.0,17198.0
-55676.0,17038.0
-55860.0,16892.0
-55176.0,16664.0
-55448.0,16716.0
-55384.0,16738.0
-54996.0,17002.0
-55596.0,17056.0
-55748.0,17232.0
-56316.0,17230.0
-56140.0,17214.0
-56200.0,17120.0
-55712.0,17444.0
-55764.0,17282.0
-55700.0,17288.0
-55284.0,17490.0
-55580.0,17566.0
-55756.0,17420.0
-55392.0,17424.0
-55972.0,17608.0
-55696.0,17484.0
-55712.0,17156.0
-55748.0,17274.0
-55792.0,17292.0
-55696.0,17148.0
-55116.0,17112.0
-54988.0,17228.0
-55172.0,17258.0
-55344.0,17326.0
-55608.0,17220.0
-55404.0,17010.0
-55696.0,17118.0
-55360.0,17182.0
-55456.0,17108.0
-55216.0,17144.0
-56016.0,17180.0
-56364.0,17308.0
-56416.0,17590.0
-56520.0,17524.0
-56724.0,17736.0
-56804.0,17900.0
-56588.0,17944.0
-56496.0,18020.0
-56400.0,17982.0
-56568.0,18060.0
-56872.0,17888.0
-56424.0,17724.0
-56476.0,17718.0
-56316.0,17548.0
-56548.0,17088.0
-56320.0,16826.0
-56260.0,16842.0
-56264.0,16948.0
-56092.0,16876.0
-56224.0,16998.0
-56560.0,17300.0
-56400.0,17356.0
-56460.0,17376.0
-56516.0,17370.0
-56504.0,17352.0
-56124.0,17402.0
-55800.0,17258.0
-55856.0,17516.0
-56004.0,17668.0
-55716.0,17532.0
-56120.0,17646.0
-56028.0,17298.0
-55476.0,17300.0
-55520.0,17380.0
-55792.0,17344.0
-56240.0,17600.0
-56280.0,17650.0
-56176.0,17578.0
-56016.0,17518.0
-56144.0,17800.0
-56248.0,17932.0
-56316.0,18056.0
-56956.0,18140.0
-56956.0,18144.0
-56968.0,18036.0
-56804.0,18184.0
-57084.0,18374.0
-57284.0,18238.0
-56768.0,17838.0
-56336.0,17728.0
-56320.0,17822.0
-56076.0,17718.0
-55800.0,17774.0
-56220.0,17810.0
-56012.0,17474.0
-56072.0,17334.0
-56072.0,17516.0
-55752.0,17538.0
-55960.0,17710.0
-56132.0,17806.0
-56024.0,17816.0
-55716.0,17982.0
-56256.0,18078.0
-56260.0,18134.0
-56464.0,18016.0
-56744.0,17952.0
-56444.0,17712.0
-56356.0,17756.0
-56000.0,17844.0
-56496.0,18016.0
-55968.0,17770.0
-56332.0,17902.0
-56452.0,18070.0
-56400.0,17898.0
-56728.0,17778.0
-56580.0,17722.0
-56440.0,17800.0
-56768.0,17844.0
-56396.0,17768.0
-56264.0,17822.0
-56424.0,17802.0
-56184.0,17948.0
-56164.0,18108.0
-56260.0,18206.0
-56560.0,18340.0
-56716.0,18180.0
-55836.0,18080.0
-55524.0,17924.0
-55128.0,17360.0
-55404.0,17284.0
-56020.0,17326.0
-56240.0,17126.0
-56300.0,17392.0
-56384.0,17422.0
-56112.0,17434.0
-56008.0,17478.0
-56380.0,17686.0
-56576.0,17898.0
-56580.0,17928.0
-56168.0,17816.0
-56232.0,17746.0
-56488.0,18034.0
-56648.0,18108.0
-56524.0,18014.0
-56376.0,17968.0
-56560.0,18270.0
-56656.0,18198.0
-56432.0,18284.0
-56388.0,18288.0
-56600.0,18376.0
-56960.0,18740.0
-57292.0,19128.0
-57508.0,19168.0
-57320.0,18946.0
-57416.0,18876.0
-57036.0,18836.0
-57388.0,19078.0
-57132.0,18958.0
-56392.0,18814.0
-56640.0,18726.0
-56824.0,18786.0
-56456.0,18616.0
-56568.0,18708.0
-56844.0,18804.0
-56528.0,18706.0
-56668.0,18598.0
-56680.0,18744.0
-56904.0,18788.0
-57208.0,18946.0
-56936.0,18604.0
-56488.0,18512.0
-56696.0,18562.0
-56892.0,18774.0
-57168.0,19004.0
-57480.0,19176.0
-56868.0,19028.0
-56840.0,19056.0
-56940.0,19074.0
-56900.0,19182.0
-57424.0,19126.0
-57220.0,19148.0
-57180.0,18988.0
-57320.0,19322.0
-57436.0,19282.0
-57224.0,19064.0
-57468.0,18926.0
-57504.0,18916.0
-57184.0,18514.0
-57020.0,18528.0
-56960.0,18598.0
-56700.0,18556.0
-56984.0,18680.0
-56792.0,18624.0
-57096.0,18736.0
-56940.0,18932.0
-56788.0,19038.0
-56892.0,18730.0
-56860.0,18786.0
-56468.0,18772.0
-56332.0,18616.0
-56196.0,18612.0
-57192.0,18728.0
-57048.0,18764.0
-57028.0,18794.0
-57156.0,18938.0
-56952.0,18996.0
-56788.0,19130.0
-57092.0,19082.0
-57516.0,18998.0
-57136.0,19122.0
-56964.0,18886.0
-57344.0,19124.0
-57508.0,19162.0
-58196.0,19202.0
-57940.0,19258.0
-57396.0,19232.0
-57428.0,19298.0
-57900.0,19600.0
-58044.0,19554.0
-57932.0,19672.0
-57836.0,19594.0
-57720.0,19242.0
-57412.0,19204.0
-57016.0,19146.0
-56740.0,18966.0
-57500.0,19274.0
-57232.0,18814.0
-56604.0,18794.0
-56628.0,19186.0
-57400.0,19034.0
-56892.0,19058.0
-56896.0,19324.0
-57332.0,19550.0
-56936.0,19374.0
-56824.0,19414.0
-56604.0,19122.0
-56744.0,19012.0
-56848.0,18652.0
-56424.0,18546.0
-56960.0,18706.0
-56980.0,18890.0
-56864.0,18850.0
-57020.0,18714.0
-56752.0,18396.0
-56664.0,18160.0
-56260.0,18052.0
-56352.0,17866.0
-56336.0,17988.0
-56152.0,17942.0
-56160.0,17984.0
-56256.0,17988.0
-57008.0,18220.0
-56860.0,18260.0
-56428.0,18272.0
-56584.0,18420.0
-56676.0,18390.0
-56492.0,18614.0
-56336.0,18450.0
-56500.0,18554.0
-56652.0,18494.0
-56236.0,18348.0
-56552.0,18684.0
-56816.0,18618.0
-56916.0,18504.0
-56692.0,18806.0
-56860.0,18850.0
-57208.0,18984.0
-56912.0,19082.0
-57036.0,19184.0
-57068.0,19134.0
-57148.0,19274.0
-57424.0,19376.0
-57016.0,19188.0
-56940.0,19216.0
-57084.0,19400.0
-57196.0,19528.0
-57280.0,19620.0
-57172.0,19662.0
-57240.0,19754.0
-57212.0,19612.0
-56780.0,19428.0
-57168.0,19508.0
-57764.0,19700.0
-57524.0,19642.0
-57764.0,19546.0
-57480.0,19402.0
-57324.0,19528.0
-57344.0,19254.0
-56916.0,19302.0
-56920.0,19280.0
-57132.0,19472.0
-57160.0,19580.0
-56792.0,19570.0
-56484.0,19266.0
-56560.0,19232.0
-56712.0,19200.0
-56620.0,19168.0
-56972.0,19376.0
-56536.0,19490.0
-56844.0,19620.0
-56496.0,19438.0
-56204.0,19130.0
-56308.0,18924.0
-56864.0,19396.0
-56716.0,19250.0
-56744.0,19226.0
-57116.0,19004.0
-56920.0,19168.0
-57080.0,18990.0
-56860.0,18888.0
-56956.0,18920.0
-57156.0,18946.0
-57232.0,19014.0
-56568.0,19070.0
-57084.0,19024.0
-56780.0,18750.0
-56656.0,18732.0
-57000.0,18776.0
-56864.0,18722.0
-57316.0,18922.0
-56976.0,18858.0
-57000.0,18854.0
-56576.0,18718.0
-56560.0,18770.0
-56252.0,18966.0
-56384.0,18934.0
-56632.0,19086.0
-57268.0,19184.0
-57420.0,19292.0
-57488.0,19184.0
-57276.0,19342.0
-56964.0,19524.0
-57280.0,19722.0
-56908.0,19610.0
-57080.0,19950.0
-56924.0,19908.0
-57132.0,19648.0
-57196.0,19664.0
-56992.0,19430.0
-57008.0,19288.0
-57136.0,19374.0
-57196.0,19348.0
-57316.0,19100.0
-56624.0,19002.0
-57000.0,18964.0
-56860.0,18956.0
-56652.0,18880.0
-56556.0,18794.0
-56736.0,18566.0
-56572.0,18426.0
-56364.0,18400.0
-56696.0,18596.0
-56668.0,18560.0
-57160.0,18796.0
-56604.0,18776.0
-57084.0,18668.0
-56884.0,18716.0
-57048.0,18886.0
-57256.0,19160.0
-57164.0,19106.0
-56968.0,18890.0
-56436.0,19014.0
-56792.0,19046.0
-56380.0,19120.0
-56140.0,18978.0
-56408.0,18812.0
-56420.0,18752.0
-57208.0,19088.0
-56784.0,19024.0
-56860.0,19198.0
-56632.0,19344.0
-56548.0,19366.0
-56720.0,19374.0
-56928.0,19312.0
-56936.0,19484.0
-56704.0,19186.0
-56824.0,19180.0
-56300.0,19024.0
-56612.0,19032.0
-56372.0,18960.0
-56580.0,19114.0
-56456.0,18750.0
-56076.0,18492.0
-55960.0,18440.0
-56156.0,18702.0
-56272.0,18510.0
-55948.0,18232.0
-55948.0,18128.0
-56084.0,18060.0
-56116.0,18216.0
-56556.0,18426.0
-56896.0,18274.0
-56948.0,18522.0
-57036.0,18950.0
-57320.0,19352.0
-56724.0,18840.0
-56664.0,18714.0
-56340.0,18592.0
-57032.0,18906.0
-57008.0,18934.0
-57044.0,18852.0
-57092.0,18590.0
-57032.0,18692.0
-56864.0,18460.0
-56584.0,18360.0
-56688.0,18508.0
-56916.0,18702.0
-56688.0,18554.0
-56856.0,18680.0
-56300.0,18414.0
-56420.0,18470.0
-56652.0,18676.0
-56548.0,18496.0
-56800.0,18684.0
-55948.0,18314.0
-56344.0,18420.0
-56040.0,18492.0
-55944.0,18358.0
-56252.0,18468.0
-56492.0,18342.0
-55796.0,18048.0
-55848.0,17788.0
-56032.0,18052.0
-56296.0,18156.0
-56224.0,18194.0
-55992.0,18354.0
-56064.0,18300.0
-55924.0,18150.0
-55656.0,18134.0
-55920.0,18306.0
-56008.0,18278.0
-56548.0,18406.0
-56936.0,18624.0
-56592.0,18710.0
-57180.0,18922.0
-56628.0,18786.0
-56940.0,18764.0
-57280.0,19058.0
-56996.0,18628.0
-57292.0,19044.0
-57408.0,19134.0
-56720.0,19010.0
-57564.0,19196.0
-57404.0,19010.0
-57316.0,18938.0
-57844.0,19206.0
-57264.0,19168.0
-57596.0,19148.0
-56748.0,18778.0
-56676.0,18426.0
-56764.0,18056.0
-57032.0,17700.0
-56852.0,17804.0
-56284.0,17768.0
-56492.0,17842.0
-56212.0,18190.0
-56400.0,18210.0
-56936.0,18676.0
-56484.0,18276.0
-56868.0,18502.0
-56904.0,18492.0
-56776.0,18512.0
-56788.0,18272.0
-56524.0,18618.0
-56520.0,18636.0
-56656.0,18754.0
-56788.0,18900.0
-57100.0,19108.0
-56940.0,18626.0
-56440.0,18772.0
-56748.0,18752.0
-56904.0,18808.0
-56432.0,18970.0
-56320.0,19144.0
-56216.0,19258.0
-57016.0,19504.0
-57156.0,19310.0
-57364.0,19576.0
-56512.0,19564.0
-56916.0,19792.0
-56856.0,20018.0
-56912.0,19920.0
-56848.0,19886.0
-56684.0,19982.0
-56844.0,19982.0
-56712.0,19930.0
-57024.0,19590.0
-56532.0,19598.0
-56520.0,19572.0
-56868.0,19638.0
-57196.0,19456.0
-57428.0,19532.0
-57020.0,19304.0
-56840.0,18978.0
-56760.0,19046.0
-56268.0,18848.0
-56380.0,18894.0
-56636.0,18914.0
-56488.0,18840.0
-56184.0,18544.0
-56548.0,18564.0
-56788.0,18828.0
-56476.0,18836.0
-57036.0,19186.0
-57540.0,19642.0
-57128.0,19648.0
-56992.0,19386.0
-56864.0,19242.0
-56852.0,19244.0
-57072.0,19474.0
-56736.0,19430.0
-56844.0,19224.0
-56940.0,19228.0
-56628.0,19188.0
-56732.0,19128.0
-57168.0,19060.0
-57224.0,18950.0
-57216.0,18932.0
-57568.0,19132.0
-58116.0,19118.0
-58096.0,18994.0
-57792.0,18936.0
-56956.0,18818.0
-57168.0,19122.0
-56816.0,19316.0
-57244.0,19532.0
-56712.0,19062.0
-56644.0,19090.0
-56256.0,18978.0
-56412.0,18774.0
-56852.0,19062.0
-56572.0,18984.0
-56596.0,19026.0
-56132.0,18990.0
-56424.0,18808.0
-56364.0,18946.0
-56412.0,19052.0
-56168.0,19260.0
-55896.0,19166.0
-55928.0,18932.0
-56008.0,19092.0
-56492.0,19114.0
-56820.0,19104.0
-56684.0,18796.0
-56444.0,19056.0
-56368.0,19148.0
-56520.0,19060.0
-56172.0,18922.0
-56452.0,19352.0
-56412.0,19312.0
-56636.0,19418.0
-56876.0,19594.0
-56800.0,19356.0
-57068.0,19318.0
-56752.0,19344.0
-56932.0,19106.0
-56524.0,19112.0
-56240.0,19170.0
-56680.0,19158.0
-56716.0,19140.0
-56896.0,19234.0
-56960.0,19320.0
-57216.0,19262.0
-56776.0,19202.0
-56684.0,19128.0
-56304.0,18906.0
-56544.0,19182.0
-56456.0,19184.0
-56356.0,19170.0
-56220.0,19284.0
-56012.0,19436.0
-56204.0,19574.0
-56232.0,19570.0
-56388.0,19594.0
-56404.0,19584.0
-56384.0,19572.0
-56264.0,19624.0
-56348.0,19610.0
-56680.0,19838.0
-56512.0,19626.0
-56888.0,19736.0
-57196.0,20084.0
-57184.0,20270.0
-57064.0,20150.0
-57248.0,20148.0
-57148.0,20204.0
-57524.0,19818.0
-56836.0,19798.0
-56948.0,20130.0
-56884.0,20202.0
-56440.0,20182.0
-57224.0,20212.0
-57736.0,20196.0
-57452.0,20170.0
-57316.0,20118.0
-57172.0,20042.0
-57276.0,19924.0
-57044.0,19966.0
-56940.0,20032.0
-56688.0,19894.0
-56968.0,19940.0
-57024.0,19882.0
-56676.0,19862.0
-57012.0,20028.0
-56816.0,20082.0
-56464.0,20266.0
-56708.0,20304.0
-56076.0,20184.0
-56980.0,20302.0
-56772.0,20242.0
-56784.0,20152.0
-56544.0,19946.0
-56616.0,20220.0
-56880.0,20606.0
-57172.0,20822.0
-56980.0,20960.0
-57056.0,21174.0
-57280.0,21450.0
-57540.0,21522.0
-57480.0,21326.0
-57272.0,21308.0
-57800.0,21384.0
-57792.0,21288.0
-58060.0,21264.0
-58060.0,21246.0
-57676.0,21160.0
-58112.0,21182.0
-57184.0,20922.0
-57100.0,20634.0
-56596.0,20326.0
-56612.0,20210.0
-56740.0,20438.0
-56672.0,20228.0
-56856.0,20448.0
-56468.0,20654.0
-56924.0,20742.0
-56488.0,20604.0
-56640.0,20478.0
-55988.0,20456.0
-56756.0,20828.0
-57188.0,20916.0
-57392.0,20848.0
-56992.0,20740.0
-56988.0,20962.0
-57336.0,20882.0
-57484.0,21148.0
-57444.0,21142.0
-58076.0,21176.0
-58164.0,21316.0
-58424.0,21538.0
-58180.0,21592.0
-57964.0,21520.0
-58256.0,21716.0
-58568.0,21876.0
-58072.0,21892.0
-58052.0,21874.0
-57856.0,21916.0
-57728.0,21688.0
-57784.0,21476.0
-57556.0,21436.0
-57644.0,21562.0
-57624.0,21528.0
-57824.0,21632.0
-57824.0,21534.0
-57524.0,21444.0
-57372.0,21696.0
-57560.0,21612.0
-57584.0,21676.0
-57672.0,21562.0
-58452.0,21636.0
-58040.0,21194.0
-57596.0,21198.0
-57656.0,21354.0
-57428.0,21656.0
-57652.0,21550.0
-57808.0,21738.0
-58052.0,22028.0
-58032.0,21898.0
-57708.0,21796.0
-57768.0,21766.0
-57828.0,21844.0
-57848.0,21882.0
-58368.0,22054.0
-58320.0,21966.0
-57692.0,21976.0
-57788.0,21960.0
-57632.0,21962.0
-57952.0,22282.0
-57716.0,22178.0
-57664.0,22208.0
-57552.0,21828.0
-57244.0,21840.0
-57444.0,22076.0
-57772.0,22120.0
-57784.0,22106.0
-57864.0,21994.0
-57672.0,21900.0
-58044.0,21840.0
-57988.0,21592.0
-58144.0,21378.0
-58360.0,21702.0
-57848.0,21460.0
-57940.0,21416.0
-58048.0,21320.0
-58132.0,21488.0
-57992.0,21632.0
-57620.0,21608.0
-57956.0,21622.0
-58096.0,21814.0
-57804.0,21670.0
-58656.0,21834.0
-58752.0,21804.0
-58548.0,21488.0
-58640.0,21542.0
-58756.0,21782.0
-58608.0,21862.0
-58180.0,21660.0
-58172.0,21612.0
-58036.0,21518.0
-57916.0,21512.0
-58348.0,21556.0
-58024.0,21532.0
-57840.0,21430.0
-57936.0,21280.0
-58052.0,21190.0
-58240.0,21216.0
-58248.0,21140.0
-58056.0,20932.0
-58444.0,21138.0
-58124.0,21046.0
-58416.0,21142.0
-58456.0,21048.0
-57740.0,20802.0
-58044.0,20926.0
-57596.0,20628.0
-57264.0,20554.0
-57592.0,20632.0
-57872.0,20824.0
-57592.0,20808.0
-57724.0,20776.0
-57056.0,20540.0
-57136.0,20348.0
-56808.0,20440.0
-57024.0,20452.0
-56704.0,20468.0
-56752.0,20350.0
-56308.0,20376.0
-56512.0,20566.0
-56936.0,20492.0
-57288.0,20962.0
-57372.0,21084.0
-56816.0,21024.0
-57128.0,21038.0
-56788.0,20790.0
-56872.0,20764.0
-56852.0,20594.0
-57196.0,20464.0
-57100.0,20164.0
-56840.0,20012.0
-57288.0,20300.0
-57164.0,20458.0
-57072.0,20472.0
-57268.0,20400.0
-57512.0,20758.0
-57148.0,20552.0
-56584.0,20464.0
-56636.0,20542.0
-56948.0,20410.0
-56560.0,20224.0
-57104.0,20426.0
-57484.0,20440.0
-56948.0,20568.0
-57232.0,20446.0
-57356.0,20320.0
-57336.0,20306.0
-57060.0,20124.0
-56752.0,20182.0
-56936.0,20394.0
-56888.0,20486.0
-57128.0,20696.0
-57140.0,20512.0
-57488.0,20536.0
-57332.0,20666.0
-57124.0,20730.0
-57364.0,20746.0
-57156.0,20446.0
-56832.0,20302.0
-56900.0,20314.0
-57088.0,20640.0
-57212.0,20910.0
-56696.0,20802.0
-56440.0,20572.0
-57060.0,20888.0
-56828.0,20956.0
-56896.0,20938.0
-56792.0,20748.0
-57316.0,20886.0
-57100.0,20998.0
-56836.0,21118.0
-57176.0,21182.0
-56996.0,21284.0
-56992.0,21090.0
-56744.0,21042.0
-56788.0,21222.0
-57072.0,21222.0
-56896.0,20966.0
-57048.0,21034.0
-56796.0,20966.0
-56788.0,20884.0
-57060.0,20998.0
-57700.0,20912.0
-57148.0,20740.0
-57440.0,20962.0
-57660.0,21116.0
-57520.0,21100.0
-57068.0,20880.0
-57204.0,20958.0
-57352.0,20916.0
-57452.0,20854.0
-57740.0,20850.0
-57724.0,20952.0
-57236.0,20768.0
-57144.0,20714.0
-57596.0,20752.0
-57864.0,20918.0
-57368.0,20850.0
-57760.0,21132.0
-57404.0,21024.0
-56924.0,20770.0
-57336.0,20956.0
-57280.0,20954.0
-57188.0,21084.0
-57408.0,21238.0
-57372.0,21214.0
-57128.0,21260.0
-56584.0,21094.0
-57056.0,21044.0
-57512.0,21158.0
-57276.0,21180.0
-57724.0,21054.0
-57580.0,20904.0
-57640.0,20882.0
-57656.0,20978.0
-57356.0,21000.0
-57488.0,20816.0
-58020.0,21066.0
-58248.0,21154.0
-57680.0,21090.0
-57584.0,21204.0
-57968.0,21388.0
-58108.0,21754.0
-58416.0,21786.0
-58100.0,21550.0
-57816.0,21378.0
-57440.0,21352.0
-57312.0,21310.0
-57140.0,21214.0
-57252.0,21218.0
-57156.0,21018.0
-57012.0,21282.0
-56708.0,21088.0
-56788.0,21188.0
-57004.0,21208.0
-56432.0,20972.0
-56456.0,20942.0
-57160.0,21202.0
-57724.0,21318.0
-57992.0,21550.0
-58024.0,21478.0
-58204.0,21430.0
-58428.0,21482.0
-58060.0,21306.0
-58308.0,21480.0
-58604.0,21388.0
-58524.0,21820.0
-57912.0,21858.0
-58240.0,21942.0
-58256.0,22066.0
-58212.0,22182.0
-58240.0,22230.0
-58180.0,22136.0
-57548.0,21880.0
-57256.0,21740.0
-57912.0,22006.0
-57520.0,21674.0
-57388.0,21738.0
-57676.0,21834.0
-57272.0,21642.0
-57184.0,21720.0
-58016.0,21730.0
-57348.0,21630.0
-57416.0,21890.0
-57496.0,22112.0
-57920.0,22316.0
-58368.0,22476.0
-57996.0,22344.0
-57724.0,22300.0
-58048.0,22532.0
-57548.0,22350.0
-57792.0,22158.0
-57292.0,22138.0
-57644.0,22374.0
-57688.0,22264.0
-57468.0,22268.0
-57592.0,22162.0
-57752.0,22396.0
-58084.0,22480.0
-58056.0,22400.0
-57976.0,22640.0
-57860.0,22454.0
-58044.0,22638.0
-57644.0,22748.0
-58072.0,22614.0
-57828.0,22648.0
-57568.0,22402.0
-57332.0,22284.0
-57536.0,22190.0
-57984.0,22262.0
-57804.0,22124.0
-57620.0,21980.0
-57904.0,22132.0
-57964.0,22248.0
-58336.0,22264.0
-57868.0,22184.0
-57732.0,22088.0
-57376.0,21926.0
-57584.0,22052.0
-57948.0,22092.0
-57628.0,21910.0
-57288.0,21760.0
-57372.0,21518.0
-56928.0,21260.0
-56884.0,20844.0
-56840.0,20808.0
-56812.0,20724.0
-56628.0,20404.0
-56332.0,20408.0
-56268.0,20460.0
-56412.0,20406.0
-56812.0,20714.0
-56972.0,20694.0
-57156.0,20606.0
-58108.0,21246.0
-58160.0,21448.0
-57684.0,21114.0
-58012.0,21212.0
-57728.0,21100.0
-57740.0,21118.0
-57716.0,21084.0
-57576.0,21060.0
-57592.0,21066.0
-57380.0,21086.0
-57232.0,20732.0
-56536.0,20770.0
-56352.0,20698.0
-56320.0,20616.0
-57048.0,20980.0
-57008.0,21098.0
-57392.0,21382.0
-58016.0,21392.0
-57820.0,21770.0
-57908.0,21994.0
-57136.0,21814.0
-57060.0,21602.0
-57484.0,21538.0
-57632.0,21694.0
-58012.0,21856.0
-57644.0,21884.0
-57488.0,22092.0
-57748.0,22192.0
-58192.0,22432.0
-58068.0,21950.0
-57436.0,22052.0
-57148.0,21944.0
-57212.0,22038.0
-57440.0,22042.0
-57348.0,22088.0
-57700.0,22202.0
-57884.0,22386.0
-58220.0,22382.0
-58512.0,22414.0
-58196.0,22564.0
-58584.0,22420.0
-58120.0,22350.0
-57868.0,22036.0
-57528.0,21930.0
-57600.0,22030.0
-57872.0,21830.0
-57648.0,21752.0
-57480.0,21668.0
-57076.0,21654.0
-57208.0,21700.0
-57636.0,21638.0
-57516.0,21672.0
-57204.0,21358.0
-57300.0,21286.0
-58004.0,21446.0
-57940.0,21424.0
-57840.0,21502.0
-57916.0,21856.0
-57756.0,21674.0
-58136.0,21686.0
-57996.0,21968.0
-57492.0,21664.0
-58244.0,22038.0
-58476.0,22122.0
-57876.0,21932.0
-57880.0,22038.0
-57904.0,22032.0
-57828.0,21946.0
-57648.0,21632.0
-57736.0,21896.0
-57784.0,21832.0
-58292.0,21888.0
-58412.0,22098.0
-58320.0,22098.0
-58356.0,22002.0
-58612.0,22140.0
-58688.0,22276.0
-58392.0,22106.0
-58404.0,22068.0
-58028.0,21888.0
-58068.0,21942.0
-57960.0,21550.0
-57584.0,21562.0
-57392.0,21692.0
-57068.0,21604.0
-56760.0,21566.0
-57088.0,21700.0
-57164.0,21538.0
-57132.0,21268.0
-57004.0,21382.0
-56384.0,21302.0
-57312.0,21568.0
-57924.0,21894.0
-57672.0,21932.0
-57864.0,21814.0
-57708.0,21614.0
-57652.0,21640.0
-57628.0,21488.0
-58276.0,22058.0
-58568.0,21994.0
-58328.0,21902.0
-58000.0,21768.0
-57964.0,21554.0
-58340.0,21700.0
-58304.0,21720.0
-58828.0,21676.0
-58716.0,21800.0
-58844.0,21890.0
-58548.0,21840.0
-58440.0,21844.0
-58456.0,21972.0
-58312.0,21984.0
-58364.0,21964.0
-58048.0,21842.0
-57824.0,21774.0
-58020.0,21902.0
-57988.0,21918.0
-57612.0,21778.0
-57692.0,21868.0
-57864.0,21926.0
-58092.0,21758.0
-58352.0,21534.0
-58444.0,21492.0
-58640.0,21458.0
-58356.0,21246.0
-58492.0,21140.0
-58520.0,21258.0
-58696.0,21408.0
-58212.0,21424.0
-58560.0,21316.0
-58256.0,21260.0
-57812.0,21148.0
-57844.0,20936.0
-57612.0,20996.0
-58024.0,21026.0
-58280.0,20920.0
-58464.0,21462.0
-58600.0,21484.0
-58324.0,21354.0
-58208.0,21428.0
-57632.0,21370.0
-57608.0,21310.0
-57772.0,21334.0
-58444.0,21584.0
-58200.0,21752.0
-57776.0,21744.0
-57992.0,21512.0
-57900.0,21410.0
-57648.0,21260.0
-58200.0,21612.0
-58364.0,21866.0
-58224.0,21816.0
-58420.0,21888.0
-57980.0,21698.0
-58288.0,21698.0
-58280.0,21808.0
-58600.0,21896.0
-57972.0,21830.0
-58140.0,21746.0
-58432.0,21834.0
-58788.0,22016.0
-58896.0,22274.0
-58904.0,22280.0
-58864.0,22072.0
-58464.0,22164.0
-58284.0,22022.0
-58900.0,22264.0
-58632.0,22122.0
-58260.0,22062.0
-58588.0,22174.0
-58200.0,22190.0
-57796.0,22224.0
-57692.0,22326.0
-58224.0,22362.0
-58328.0,22596.0
-58264.0,22828.0
-58212.0,22708.0
-57992.0,22404.0
-57932.0,22366.0
-57504.0,22012.0
-57632.0,22028.0
-57884.0,21840.0
-58100.0,22158.0
-58208.0,22160.0
-57504.0,21928.0
-58176.0,21988.0
-57716.0,21802.0
-57584.0,21928.0
-57952.0,22198.0
-58024.0,22238.0
-57948.0,22146.0
-58112.0,22400.0
-58044.0,22338.0
-57828.0,22366.0
-57624.0,22230.0
-57344.0,22246.0
-57572.0,22132.0
-57488.0,22008.0
-57304.0,21978.0
-57508.0,22110.0
-57880.0,22180.0
-57716.0,22136.0
-57996.0,22128.0
-57928.0,22020.0
-57976.0,21940.0
-57704.0,21936.0
-57712.0,21760.0
-57816.0,21718.0
-57724.0,21816.0
-57740.0,21818.0
-57788.0,21798.0
-57912.0,21846.0
-57584.0,21714.0
-58360.0,21604.0
-58400.0,21790.0
-57892.0,21704.0
-57556.0,21428.0
-57516.0,21332.0
-57084.0,21118.0
-58040.0,21364.0
-58212.0,21620.0
-58120.0,21576.0
-58212.0,21538.0
-57972.0,21612.0
-57816.0,21586.0
-58060.0,21616.0
-58376.0,21592.0
-58020.0,21418.0
-58056.0,21210.0
-57836.0,21148.0
-57516.0,21008.0
-57640.0,20898.0
-57188.0,20684.0
-57520.0,20546.0
-57472.0,20406.0
-56904.0,20224.0
-56736.0,20114.0
-56816.0,20004.0
-57160.0,20218.0
-57032.0,20316.0
-57464.0,20408.0
-57284.0,20262.0
-56732.0,19900.0
-56848.0,20234.0
-56900.0,20146.0
-57172.0,20382.0
-57532.0,20956.0
-56928.0,20636.0
-57172.0,20948.0
-57144.0,20714.0
-56940.0,20708.0
-57116.0,20716.0
-57148.0,20630.0
-57380.0,20720.0
-57356.0,20478.0
-57876.0,20692.0
-57320.0,20370.0
-57588.0,20848.0
-57652.0,20736.0
-57784.0,20792.0
-57400.0,20600.0
-57524.0,20492.0
-57696.0,20660.0
-57804.0,21046.0
-57724.0,20724.0
-57592.0,20382.0
-57268.0,20634.0
-56984.0,20508.0
-57060.0,20576.0
-56880.0,20602.0
-56584.0,20410.0
-56956.0,20598.0
-56784.0,20492.0
-56944.0,20510.0
-57256.0,20556.0
-57444.0,20738.0
-57668.0,20768.0
-58084.0,20942.0
-57636.0,20884.0
-57484.0,20688.0
-57308.0,20790.0
-57608.0,20588.0
-57392.0,20682.0
-57512.0,20804.0
-57376.0,20826.0
-57640.0,20838.0
-57276.0,20634.0
-56992.0,20366.0
-57236.0,20362.0
-58084.0,20356.0
-57716.0,20438.0
-57524.0,20254.0
-57832.0,20372.0
-57900.0,20388.0
-57680.0,20420.0
-57520.0,20344.0
-57696.0,20544.0
-57436.0,20228.0
-56736.0,20012.0
-56588.0,20098.0
-57108.0,20302.0
-56864.0,20214.0
-57096.0,20318.0
-57384.0,20108.0
-57816.0,20150.0
-57524.0,20142.0
-56912.0,19980.0
-56864.0,19850.0
-56924.0,19842.0
-57676.0,20088.0
-57928.0,20276.0
-57764.0,20184.0
-57876.0,20228.0
-57684.0,20406.0
-58128.0,20414.0
-58576.0,21024.0
-58384.0,20936.0
-58156.0,20946.0
-58224.0,20892.0
-58008.0,20602.0
-57468.0,20256.0
-57916.0,20486.0
-57440.0,20254.0
-57484.0,20152.0
-57440.0,20008.0
-57344.0,19914.0
-57116.0,20048.0
-57032.0,19944.0
-56764.0,19930.0
-56516.0,19884.0
-56560.0,19884.0
-56664.0,19742.0
-56600.0,20094.0
-57400.0,20246.0
-57172.0,20498.0
-57448.0,20562.0
-57440.0,20514.0
-57052.0,20412.0
-57092.0,20784.0
-56892.0,20722.0
-56904.0,20754.0
-56976.0,20874.0
-57176.0,20864.0
-57140.0,20908.0
-57320.0,21208.0
-57172.0,21276.0
-57328.0,21490.0
-57708.0,21600.0
-57864.0,21930.0
-58556.0,21920.0
-58004.0,21816.0
-57868.0,21818.0
-58132.0,22080.0
-58044.0,21832.0
-58108.0,21702.0
-58076.0,21766.0
-58236.0,21720.0
-57928.0,21670.0
-58072.0,21604.0
-58116.0,21578.0
-57880.0,21608.0
-57344.0,21666.0
-57508.0,21702.0
-57296.0,21506.0
-57376.0,21432.0
-57164.0,21118.0
-57196.0,21044.0
-57160.0,20812.0
-57368.0,20848.0
-56868.0,20908.0
-57028.0,20770.0
-56596.0,20690.0
-56592.0,20676.0
-55880.0,20306.0
-55888.0,20392.0
-55936.0,20450.0
-56564.0,20460.0
-56396.0,20432.0
-56336.0,20408.0
-56064.0,20452.0
-56296.0,20502.0
-56636.0,20618.0
-56096.0,20316.0
-55516.0,20148.0
-55748.0,20254.0
-56044.0,20468.0
-56252.0,20632.0
-56324.0,20450.0
-56568.0,20518.0
-57316.0,20742.0
-57408.0,20638.0
-57308.0,20604.0
-56784.0,20522.0
-56968.0,20340.0
-56612.0,20078.0
-56704.0,19696.0
-56416.0,19608.0
-56160.0,19616.0
-56344.0,19706.0
-56924.0,19812.0
-57244.0,19902.0
-56924.0,19916.0
-57244.0,19980.0
-56896.0,19826.0
-57164.0,19930.0
-56620.0,19836.0
-56836.0,19974.0
-56604.0,19966.0
-56488.0,20052.0
-56768.0,20092.0
-55908.0,20002.0
-56664.0,20054.0
-56440.0,20128.0
-56768.0,20294.0
-56948.0,20488.0
-56560.0,20312.0
-56512.0,20394.0
-56816.0,20562.0
-56940.0,20884.0
-57008.0,20768.0
-57372.0,20932.0
-57472.0,20916.0
-56936.0,20932.0
-57040.0,21098.0
-57468.0,21352.0
-57368.0,21304.0
-57112.0,21308.0
-57240.0,21464.0
-56832.0,21492.0
-57384.0,21732.0
-57584.0,21638.0
-57552.0,21452.0
-57544.0,21498.0
-57644.0,21618.0
-57568.0,21574.0
-58244.0,21784.0
-57860.0,21464.0
-57588.0,21314.0
-57084.0,21162.0
-57116.0,21284.0
-57376.0,21352.0
-57256.0,21338.0
-57768.0,21446.0
-57620.0,21490.0
-57476.0,21762.0
-57688.0,21818.0
-57252.0,21800.0
-57584.0,21868.0
-57384.0,21676.0
-57284.0,21496.0
-57708.0,21368.0
-57440.0,21334.0
-57056.0,21190.0
-57704.0,21312.0
-58040.0,21364.0
-57612.0,21508.0
-57588.0,21246.0
-57712.0,21344.0
-57620.0,21376.0
-57372.0,21514.0
-57448.0,21704.0
-57408.0,21570.0
-57308.0,21766.0
-57640.0,21558.0
-57660.0,21746.0
-57608.0,21608.0
-57232.0,21626.0
-57384.0,21650.0
-57728.0,21738.0
-58368.0,21928.0
-58156.0,21836.0
-58032.0,21872.0
-57648.0,21688.0
-57768.0,21786.0
-57660.0,21692.0
-57544.0,21564.0
-58052.0,21626.0
-57740.0,21544.0
-57004.0,21150.0
-57032.0,20860.0
-57156.0,20610.0
-56996.0,20522.0
-56900.0,20124.0
-57076.0,20200.0
-56736.0,20064.0
-56604.0,20090.0
-56840.0,20104.0
-56920.0,20264.0
-56928.0,20302.0
-56688.0,20168.0
-57092.0,20276.0
-56864.0,20110.0
-56800.0,20422.0
-56936.0,20518.0
-56152.0,20476.0
-56240.0,20470.0
-56148.0,20268.0
-56544.0,20250.0
-57000.0,20392.0
-56572.0,20174.0
-56812.0,20190.0
-57064.0,20168.0
-56808.0,20242.0
-57156.0,20306.0
-57108.0,20370.0
-57232.0,20532.0
-57204.0,20388.0
-57348.0,20506.0
-57072.0,20170.0
-56668.0,20182.0
-56148.0,19978.0
-56056.0,19888.0
-56608.0,20084.0
-56480.0,19892.0
-56900.0,19944.0
-56256.0,19702.0
-56400.0,19090.0
-56372.0,18880.0
-56136.0,19140.0
-56384.0,19240.0
-56636.0,19380.0
-56460.0,19502.0
-56420.0,19442.0
-56304.0,19484.0
-56300.0,19536.0
-56848.0,19730.0
-57068.0,19748.0
-57080.0,19760.0
-57116.0,19686.0
-56852.0,19476.0
-57088.0,19712.0
-56776.0,19614.0
-57296.0,19758.0
-57096.0,19580.0
-56436.0,19108.0
-56412.0,19160.0
-56968.0,19318.0
-57020.0,19440.0
-57000.0,19302.0
-56864.0,19186.0
-57108.0,19116.0
-57268.0,19140.0
-57056.0,19316.0
-57184.0,19472.0
-57300.0,19402.0
-57248.0,19280.0
-57320.0,19330.0
-56960.0,19150.0
-57204.0,19316.0
-57236.0,19180.0
-57280.0,19320.0
-56968.0,19030.0
-56684.0,18916.0
-56584.0,19122.0
-57368.0,19242.0
-56656.0,19058.0
-56928.0,18960.0
-57068.0,18696.0
-56524.0,18680.0
-56320.0,18718.0
-55828.0,18734.0
-56312.0,18914.0
-57100.0,19104.0
-57452.0,19144.0
-56924.0,18840.0
-56120.0,18712.0
-56080.0,18822.0
-56192.0,19016.0
-56056.0,18908.0
-56508.0,19204.0
-56592.0,18950.0
-57024.0,18934.0
-56580.0,19016.0
-56904.0,19324.0
-56828.0,18886.0
-56940.0,19240.0
-57176.0,18912.0
-57080.0,18974.0
-57412.0,18856.0
-56972.0,18650.0
-57152.0,18844.0
-57088.0,19062.0
-57008.0,18886.0
-56940.0,18674.0
-56720.0,18980.0
-56620.0,19122.0
-57120.0,19154.0
-56324.0,18906.0
-56052.0,18948.0
-56500.0,18834.0
-56956.0,19156.0
-56776.0,19320.0
-56608.0,19082.0
-57116.0,19256.0
-56676.0,19294.0
-57376.0,19818.0
-57436.0,19644.0
-57140.0,19650.0
-57272.0,19700.0
-56996.0,19602.0
-56684.0,19618.0
-56908.0,19582.0
-56576.0,19482.0
-56656.0,19668.0
-56684.0,19496.0
-55884.0,19446.0
-55904.0,19090.0
-56792.0,19576.0
-56868.0,19846.0
-56992.0,19846.0
-57248.0,19752.0
-56960.0,19552.0
-56692.0,19520.0
-56740.0,19526.0
-56860.0,19642.0
-57136.0,19814.0
-56876.0,19856.0
-56668.0,19936.0
-56920.0,19850.0
-56884.0,19604.0
-57092.0,19836.0
-56796.0,19712.0
-56672.0,19706.0
-57200.0,19916.0
-57292.0,19738.0
-57256.0,19876.0
-57468.0,20024.0
-57348.0,19798.0
-57708.0,19928.0
-57572.0,19834.0
-57136.0,20008.0
-57176.0,20084.0
-56824.0,20024.0
-57196.0,20022.0
-57432.0,20126.0
-57544.0,20320.0
-57756.0,20404.0
-57304.0,20254.0
-58068.0,20352.0
-57720.0,20342.0
-57692.0,20340.0
-58072.0,20384.0
-57640.0,20262.0
-57872.0,20434.0
-57920.0,20584.0
-57244.0,20302.0
-57460.0,20336.0
-57136.0,20024.0
-57540.0,20158.0
-57596.0,20084.0
-57908.0,20088.0
-57440.0,19580.0
-57580.0,19586.0
-57888.0,19608.0
-58176.0,19862.0
-57660.0,19688.0
-57980.0,19826.0
-56940.0,19740.0
-56460.0,19376.0
-56608.0,19420.0
-56440.0,19244.0
-55796.0,18970.0
-56468.0,19096.0
-56820.0,19376.0
-56888.0,19552.0
-57200.0,19490.0
-56940.0,19292.0
-56336.0,19024.0
-56044.0,18998.0
-55924.0,18812.0
-56352.0,18850.0
-56508.0,19024.0
-56148.0,18852.0
-56028.0,18856.0
-55972.0,18958.0
-56096.0,18992.0
-56312.0,18770.0
-56728.0,18970.0
-56904.0,19010.0
-56684.0,18998.0
-57080.0,18834.0
-57532.0,19046.0
-57256.0,18878.0
-56712.0,18568.0
-57128.0,18926.0
-57620.0,19314.0
-57328.0,19120.0
-57240.0,19222.0
-57536.0,19364.0
-57388.0,19346.0
-57664.0,19634.0
-57272.0,19434.0
-56852.0,19562.0
-56616.0,19598.0
-56796.0,19610.0
-57024.0,19504.0
-57800.0,19870.0
-57616.0,19580.0
-57512.0,19432.0
-57144.0,19406.0
-56844.0,19228.0
-56404.0,18992.0
-56704.0,19114.0
-56748.0,19302.0
-56572.0,19296.0
-56980.0,19424.0
-56684.0,19336.0
-56572.0,19610.0
-56140.0,19754.0
-56496.0,19844.0
-56688.0,19954.0
-56688.0,20232.0
-56928.0,20252.0
-57500.0,20340.0
-57468.0,20290.0
-56744.0,20144.0
-57580.0,20348.0
-57192.0,20346.0
-56516.0,20172.0
-57156.0,20342.0
-57276.0,19930.0
-57208.0,20256.0
-56760.0,20106.0
-57052.0,20316.0
-56916.0,20312.0
-56952.0,20066.0
-57172.0,20432.0
-56672.0,20378.0
-57216.0,20306.0
-56948.0,20188.0
-56728.0,19880.0
-56824.0,19798.0
-56460.0,19846.0
-56512.0,19804.0
-56320.0,19992.0
-56228.0,19928.0
-56552.0,19998.0
-57144.0,19980.0
-56836.0,19704.0
-56828.0,19494.0
-56644.0,19604.0
-56960.0,19760.0
-57024.0,19756.0
-56764.0,19838.0
-56860.0,19838.0
-56304.0,19758.0
-56736.0,19848.0
-56800.0,19912.0
-56904.0,19742.0
-57176.0,19968.0
-57164.0,20018.0
-57000.0,19936.0
-57528.0,19812.0
-57244.0,19716.0
-56972.0,19610.0
-56584.0,19578.0
-56504.0,19364.0
-56840.0,19240.0
-56576.0,19342.0
-56896.0,19474.0
-57232.0,19654.0
-56948.0,19458.0
-56832.0,19542.0
-56684.0,19772.0
-56744.0,19514.0
-56708.0,19330.0
-56588.0,19224.0
-56580.0,19062.0
-56880.0,19080.0
-57240.0,19106.0
-56956.0,19458.0
-56704.0,19334.0
-56780.0,19200.0
-56588.0,18940.0
-56960.0,19218.0
-56900.0,18962.0
-57068.0,18974.0
-56648.0,19040.0
-56904.0,19248.0
-57060.0,19446.0
-56904.0,19656.0
-57284.0,19558.0
-57320.0,19656.0
-57004.0,19524.0
-56912.0,19468.0
-56784.0,19434.0
-56872.0,19204.0
-57364.0,19002.0
-56812.0,18802.0
-56948.0,18744.0
-57188.0,18982.0
-57472.0,18970.0
-57516.0,18818.0
-57448.0,18842.0
-57272.0,18944.0
-57092.0,18908.0
-56988.0,19202.0
-57588.0,19166.0
-57232.0,19174.0
-56928.0,19068.0
-57160.0,19044.0
-57412.0,19066.0
-57364.0,19100.0
-57220.0,18826.0
-57332.0,18822.0
-56912.0,18710.0
-57436.0,19088.0
-57028.0,18892.0
-56740.0,18772.0
-56728.0,18610.0
-57688.0,18902.0
-57900.0,18788.0
-57988.0,18960.0
-57804.0,18920.0
-57136.0,18986.0
-56904.0,18788.0
-56948.0,18868.0
-57144.0,18916.0
-56932.0,18904.0
-57108.0,19048.0
-56768.0,18792.0
-57272.0,19078.0
-57480.0,19144.0
-57524.0,19416.0
-57252.0,19074.0
-57164.0,18828.0
-56828.0,18510.0
-56764.0,18406.0
-56424.0,18432.0
-56308.0,18304.0
-56836.0,18332.0
-56820.0,18410.0
-56660.0,18240.0
-55948.0,18022.0
-56228.0,18138.0
-56288.0,18106.0
-56460.0,18260.0
-56804.0,18424.0
-56984.0,18484.0
-57072.0,18470.0
-56836.0,18272.0
-56960.0,18288.0
-56668.0,18274.0
-56612.0,18416.0
-56928.0,18660.0
-57296.0,18712.0
-57108.0,18644.0
-57144.0,18622.0
-57184.0,18762.0
-57044.0,18790.0
-56840.0,18606.0
-56692.0,18786.0
-57112.0,18798.0
-57020.0,18866.0
-56864.0,18726.0
-57016.0,18974.0
-57148.0,19070.0
-56284.0,18746.0
-56072.0,18610.0
-56404.0,18596.0
-56752.0,18726.0
-56932.0,18844.0
-56328.0,18558.0
-56316.0,18702.0
-56716.0,18722.0
-56604.0,18658.0
-56812.0,18910.0
-56332.0,18542.0
-56236.0,18524.0
-56096.0,18538.0
-55812.0,18478.0
-56176.0,18470.0
-56128.0,18408.0
-55884.0,18410.0
-56268.0,18114.0
-55936.0,18214.0
-55632.0,18068.0
-55832.0,18238.0
-55928.0,18246.0
-56092.0,18182.0
-56580.0,18042.0
-56660.0,17718.0
-56752.0,17782.0
-56332.0,17652.0
-56532.0,17610.0
-56252.0,17348.0
-56116.0,17358.0
-56200.0,17388.0
-56244.0,17304.0
-56520.0,17372.0
-56164.0,17396.0
-56040.0,17288.0
-56628.0,17652.0
-56384.0,17554.0
-56292.0,17746.0
-55672.0,17576.0
-55800.0,17588.0
-56080.0,17564.0
-55480.0,17514.0
-55968.0,17316.0
-56284.0,17486.0
-56144.0,17450.0
-56784.0,17308.0
-56932.0,17512.0
-56952.0,17412.0
-56712.0,17498.0
-56212.0,17324.0
-56088.0,17514.0
-56084.0,17184.0
-55900.0,17154.0
-56012.0,17416.0
-55392.0,17152.0
-55424.0,17412.0
-55700.0,17598.0
-55420.0,17384.0
-55448.0,17518.0
-56232.0,17690.0
-56220.0,17522.0
-56480.0,17494.0
-55668.0,17392.0
-55444.0,17242.0
-56232.0,17370.0
-55896.0,17372.0
-55764.0,17408.0
-56196.0,17482.0
-56300.0,17640.0
-56176.0,17592.0
-56020.0,17372.0
-55856.0,17324.0
-55452.0,17160.0
-56040.0,17274.0
-56220.0,17322.0
-56148.0,17060.0
-56388.0,17226.0
-56544.0,17162.0
-56636.0,17160.0
-56420.0,17044.0
-56280.0,17280.0
-56100.0,17002.0
-56756.0,17010.0
-56160.0,16770.0
-56640.0,16824.0
-56744.0,17064.0
-56924.0,17010.0
-56592.0,16876.0
-56336.0,17006.0
-56096.0,16970.0
-55428.0,16796.0
-55824.0,16752.0
-56004.0,16662.0
-55760.0,16800.0
-55524.0,16744.0
-55440.0,16912.0
-56024.0,17100.0
-56068.0,16982.0
-55976.0,16972.0
-56344.0,16942.0
-56720.0,16886.0
-56488.0,16836.0
-56672.0,17088.0
-55872.0,17062.0
-56152.0,17308.0
-56172.0,17542.0
-56420.0,17420.0
-56320.0,17522.0
-57000.0,18008.0
-56188.0,17578.0
-55988.0,17634.0
-55760.0,17448.0
-55660.0,17540.0
-55928.0,17568.0
-56108.0,17752.0
-56400.0,17786.0
-56240.0,17788.0
-56308.0,17878.0
-56172.0,17698.0
-55792.0,17490.0
-55944.0,17670.0
-56228.0,17640.0
-56088.0,17612.0
-55768.0,17562.0
-56248.0,17602.0
-56284.0,17446.0
-56788.0,17980.0
-56612.0,18142.0
-56872.0,17816.0
-55548.0,17718.0
-55792.0,17900.0
-55912.0,18362.0
-56316.0,18708.0
-56136.0,18728.0
-55736.0,18586.0
-56336.0,18692.0
-56276.0,18588.0
-56096.0,18606.0
-56088.0,19020.0
-55672.0,18904.0
-56076.0,19372.0
-56092.0,19212.0
-56340.0,19208.0
-56552.0,19142.0
-56420.0,19050.0
-56088.0,19000.0
-56024.0,18948.0
-56116.0,18810.0
-55868.0,18812.0
-56044.0,18832.0
-56436.0,19152.0
-56148.0,19166.0
-56448.0,19376.0
-56564.0,19334.0
-56680.0,19376.0
-56388.0,19296.0
-56564.0,19212.0
-56784.0,19134.0
-56460.0,18894.0
-56608.0,18926.0
-56976.0,19360.0
-57248.0,19224.0
-56472.0,18764.0
-56276.0,18568.0
-56072.0,18620.0
-56792.0,19124.0
-56852.0,19122.0
-56700.0,19110.0
-56616.0,19096.0
-56516.0,19234.0
-56560.0,18906.0
-56828.0,18978.0
-56712.0,19090.0
-56896.0,19120.0
-56952.0,19272.0
-57352.0,19614.0
-56940.0,19570.0
-56068.0,19396.0
-56076.0,19282.0
-56336.0,19082.0
-56152.0,19068.0
-55996.0,18968.0
-56216.0,18836.0
-56188.0,18774.0
-56444.0,18700.0
-56840.0,18964.0
-56880.0,18976.0
-56764.0,19024.0
-56248.0,18696.0
-56528.0,18896.0
-56232.0,18528.0
-56568.0,18568.0
-56720.0,18624.0
-56688.0,18412.0
-56560.0,18282.0
-57456.0,18512.0
-56752.0,18550.0
-56440.0,18292.0
-56616.0,18492.0
-56496.0,18736.0
-56444.0,18824.0
-55928.0,18684.0
-56460.0,18574.0
-56664.0,18804.0
-56164.0,18782.0
-56576.0,18986.0
-56276.0,19126.0
-56228.0,19214.0
-56520.0,19412.0
-56532.0,19538.0
-56908.0,19808.0
-56688.0,19674.0
-56716.0,19416.0
-56752.0,19644.0
-56796.0,19528.0
-56484.0,19248.0
-56616.0,19206.0
-56700.0,19214.0
-56816.0,19102.0
-56856.0,19218.0
-56456.0,19102.0
-55988.0,19064.0
-55960.0,19032.0
-56456.0,19340.0
-56632.0,19328.0
-56824.0,19652.0
-57112.0,19686.0
-57244.0,20018.0
-56824.0,19750.0
-56960.0,19960.0
-56612.0,19890.0
-56500.0,19680.0
-56500.0,19546.0
-56532.0,19406.0
-56412.0,19366.0
-56348.0,19560.0
-56448.0,19308.0
-57072.0,19600.0
-57664.0,19758.0
-56508.0,19488.0
-57124.0,19660.0
-56504.0,19454.0
-56484.0,19450.0
-56812.0,19690.0
-56720.0,19766.0
-56876.0,19744.0
-56720.0,19796.0
-56560.0,19612.0
-56856.0,19786.0
-56928.0,19904.0
-56900.0,19996.0
-56656.0,19788.0
-57436.0,19970.0
-56688.0,19870.0
-56740.0,19764.0
-56968.0,19894.0
-57016.0,19924.0
-57456.0,20124.0
-57384.0,20092.0
-57344.0,20054.0
-57220.0,19918.0
-56980.0,19668.0
-56908.0,19456.0
-56672.0,19556.0
-56528.0,19648.0
-56304.0,19760.0
-56348.0,19736.0
-56652.0,19788.0
-56716.0,19686.0
-56500.0,19792.0
-56340.0,19578.0
-56272.0,19574.0
-56368.0,19664.0
-56244.0,19298.0
-55688.0,18976.0
-55632.0,18966.0
-55796.0,19200.0
-56188.0,19438.0
-56260.0,19420.0
-56224.0,19250.0
-55980.0,19386.0
-56492.0,19238.0
-56676.0,19198.0
-56604.0,19158.0
-56452.0,19238.0
-56904.0,19116.0
-56432.0,19044.0
-56176.0,18956.0
-56464.0,18994.0
-56128.0,18814.0
-56088.0,19014.0
-56312.0,19330.0
-56408.0,19272.0
-55860.0,19134.0
-56380.0,19214.0
-56288.0,19204.0
-56196.0,19062.0
-56468.0,19352.0
-55840.0,19152.0
-56372.0,19292.0
-56444.0,19412.0
-56140.0,19354.0
-56400.0,19220.0
-56416.0,19386.0
-56684.0,19726.0
-56208.0,19728.0
-55872.0,19644.0
-56232.0,19388.0
-56540.0,19612.0
-56520.0,19684.0
-56312.0,19572.0
-56800.0,19992.0
-56756.0,19716.0
-56576.0,19790.0
-55944.0,19630.0
-56296.0,19636.0
-56296.0,19574.0
-56336.0,19516.0
-56664.0,19588.0
-56200.0,19382.0
-56252.0,19428.0
-56040.0,19518.0
-55812.0,19652.0
-55684.0,19782.0
-56336.0,20016.0
-55740.0,19918.0
-55952.0,19680.0
-55580.0,19566.0
-55940.0,19624.0
-56004.0,19764.0
-56080.0,19656.0
-56020.0,19628.0
-56052.0,19630.0
-56264.0,19840.0
-56012.0,19720.0
-55840.0,19614.0
-56324.0,19286.0
-56272.0,19280.0
-55608.0,18982.0
-56084.0,18956.0
-56200.0,18922.0
-55512.0,18802.0
-55892.0,19218.0
-56400.0,19464.0
-56448.0,19578.0
-56140.0,19406.0
-55752.0,19268.0
-56052.0,19450.0
-56656.0,19656.0
-56288.0,19368.0
-56336.0,19316.0
-56128.0,19390.0
-56000.0,19482.0
-55832.0,19556.0
-56028.0,19666.0
-56428.0,19806.0
-56484.0,20014.0
-56408.0,20062.0
-56164.0,20166.0
-56360.0,20140.0
-56776.0,20138.0
-56720.0,20156.0
-56604.0,20360.0
-56392.0,20268.0
-56540.0,20412.0
-56624.0,20358.0
-56736.0,20490.0
-56288.0,20292.0
-56284.0,20428.0
-56412.0,20528.0
-56312.0,20448.0
-56040.0,20364.0
-56208.0,20364.0
-55984.0,20564.0
-56104.0,20458.0
-55728.0,20494.0
-56036.0,20582.0
-56340.0,20700.0
-56156.0,20702.0
-56028.0,20892.0
-56280.0,20806.0
-56000.0,20690.0
-55932.0,20638.0
-56176.0,20866.0
-56136.0,21048.0
-55704.0,21082.0
-55864.0,21188.0
-55192.0,21190.0
-55732.0,21188.0
-55944.0,21270.0
-55984.0,21156.0
-55808.0,21166.0
-55784.0,21164.0
-55876.0,21264.0
-56040.0,21208.0
-55964.0,21328.0
-55884.0,21158.0
-56168.0,21296.0
-56216.0,21426.0
-56772.0,21518.0
-56668.0,21694.0
-56496.0,21928.0
-56840.0,22130.0
-56964.0,22140.0
-56992.0,22262.0
-56936.0,22376.0
-56916.0,22228.0
-56824.0,22232.0
-56952.0,22478.0
-57216.0,22402.0
-56844.0,22298.0
-56728.0,22118.0
-57264.0,22404.0
-57348.0,22508.0
-57320.0,22424.0
-57156.0,22518.0
-57032.0,22212.0
-56644.0,21996.0
-57084.0,22386.0
-56672.0,22372.0
-56800.0,22310.0
-56532.0,22316.0
-56240.0,22424.0
-56624.0,22248.0
-56796.0,22632.0
-56996.0,22494.0
-56700.0,22492.0
-56800.0,22682.0
-57080.0,23026.0
-56972.0,22970.0
-57500.0,23294.0
-57476.0,23262.0
-57364.0,23226.0
-57700.0,23132.0
-57676.0,23148.0
-57304.0,23074.0
-56912.0,22906.0
-56932.0,23014.0
-56848.0,22972.0
-56704.0,23058.0
-57468.0,23078.0
-57224.0,22932.0
-57080.0,22880.0
-57100.0,22882.0
-56776.0,22996.0
-57104.0,23150.0
-57020.0,23220.0
-56748.0,23052.0
-56596.0,23234.0
-57096.0,23206.0
-56768.0,22946.0
-56884.0,22740.0
-56784.0,22692.0
-56652.0,22856.0
-56916.0,22754.0
-57288.0,22816.0
-57528.0,22846.0
-57200.0,22784.0
-57192.0,22460.0
-57208.0,22384.0
-56420.0,22092.0
-56648.0,21898.0
-56728.0,21858.0
-56632.0,21754.0
-57240.0,21906.0
-57324.0,21990.0
-57264.0,22158.0
-57284.0,22446.0
-56588.0,22418.0
-56280.0,22328.0
-56720.0,22520.0
-56960.0,22584.0
-57252.0,22490.0
-57368.0,22488.0
-56948.0,22568.0
-56992.0,22664.0
-56796.0,22600.0
-56400.0,22398.0
-57256.0,22430.0
-57000.0,22520.0
-56964.0,22194.0
-57420.0,22406.0
-57328.0,22296.0
-57016.0,22056.0
-56948.0,21984.0
-56556.0,21868.0
-56412.0,21790.0
-56360.0,21764.0
-56492.0,21766.0
-56872.0,21894.0
-56224.0,21834.0
-56332.0,21950.0
-56272.0,21866.0
-55704.0,21556.0
-55924.0,21670.0
-55892.0,21782.0
-56040.0,21708.0
-55916.0,21594.0
-56336.0,21870.0
-56624.0,22222.0
-56536.0,22078.0
-56548.0,22042.0
-56780.0,21850.0
-56820.0,21778.0
-56788.0,21864.0
-56844.0,21822.0
-57628.0,21942.0
-57308.0,22098.0
-57172.0,22050.0
-56592.0,21748.0
-55872.0,21604.0
-56420.0,21812.0
-56596.0,22016.0
-57104.0,22154.0
-57176.0,22192.0
-57288.0,22284.0
-56620.0,21928.0
-56756.0,21968.0
-56756.0,21912.0
-56316.0,22106.0
-56700.0,21824.0
-56680.0,21730.0
-56216.0,21904.0
-56316.0,21766.0
-55408.0,21508.0
-55832.0,21800.0
-55972.0,21834.0
-56320.0,21954.0
-56184.0,22192.0
-56188.0,21960.0
-56584.0,22050.0
-56456.0,22204.0
-56188.0,22232.0
-56156.0,22356.0
-56308.0,22546.0
-56068.0,22662.0
-56496.0,22922.0
-56544.0,23108.0
-56584.0,22910.0
-56740.0,22972.0
-56920.0,22980.0
-56644.0,22968.0
-57184.0,23264.0
-56928.0,23296.0
-56816.0,23522.0
-57088.0,23492.0
-56788.0,23262.0
-56436.0,23220.0
-56616.0,23274.0
-56144.0,22958.0
-56692.0,23062.0
-56608.0,22998.0
-56852.0,23260.0
-57308.0,23356.0
-57028.0,23208.0
-57408.0,23314.0
-57160.0,23358.0
-56828.0,23066.0
-56048.0,22728.0
-56840.0,22980.0
-56752.0,22726.0
-56200.0,22368.0
-56304.0,22124.0
-55832.0,21738.0
-56600.0,21916.0
-56732.0,22132.0
-55916.0,22194.0
-56184.0,22246.0
-56416.0,22492.0
-56220.0,22238.0
-56192.0,22390.0
-56628.0,22440.0
-56084.0,22368.0
-56248.0,22536.0
-56144.0,22554.0
-56088.0,22328.0
-56196.0,22088.0
-56256.0,21900.0
-56312.0,21972.0
-56512.0,22406.0
-56272.0,22200.0
-56932.0,22506.0
-57072.0,22334.0
-57264.0,22474.0
-56984.0,22318.0
-56920.0,22426.0
-57084.0,22386.0
-56716.0,22406.0
-56612.0,22420.0
-56464.0,22310.0
-57072.0,22440.0
-57012.0,22490.0
-56596.0,22376.0
-55880.0,22126.0
-56108.0,22080.0
-56628.0,22398.0
-56604.0,22500.0
-56764.0,22674.0
-56956.0,22858.0
-57176.0,22810.0
-57036.0,22834.0
-57444.0,22810.0
-56804.0,22860.0
-56876.0,22966.0
-57128.0,23004.0
-56704.0,22860.0
-56880.0,22750.0
-56752.0,22672.0
-56776.0,22554.0
-56472.0,22576.0
-56472.0,22426.0
-56368.0,22406.0
-56428.0,22900.0
-56308.0,22830.0
-56352.0,22934.0
-56560.0,22724.0
-56612.0,22702.0
-56496.0,22736.0
-56428.0,22658.0
-57008.0,22830.0
-56588.0,22900.0
-56380.0,22686.0
-56344.0,22620.0
-56336.0,22388.0
-56116.0,22428.0
-56724.0,22614.0
-56600.0,22454.0
-56764.0,22946.0
-56660.0,22760.0
-57228.0,23186.0
-56728.0,23122.0
-57032.0,23382.0
-57020.0,23488.0
-57540.0,23678.0
-57400.0,23850.0
-57356.0,23878.0
-57580.0,23742.0
-57848.0,23770.0
-57712.0,23408.0
-57676.0,23568.0
-57316.0,23424.0
-57560.0,23448.0
-57828.0,23210.0
-57916.0,23222.0
-57268.0,23064.0
-57152.0,22910.0
-57080.0,22786.0
-57028.0,22504.0
-57124.0,22138.0
-57748.0,22278.0
-57136.0,22178.0
-57596.0,22416.0
-57188.0,22134.0
-57512.0,22474.0
-57368.0,22446.0
-57036.0,22390.0
-56932.0,21994.0
-56616.0,22004.0
-56008.0,21726.0
-56372.0,21828.0
-56212.0,21674.0
-56340.0,22012.0
-55968.0,21652.0
-55976.0,21736.0
-56112.0,22084.0
-55996.0,21976.0
-55860.0,21786.0
-56456.0,21998.0
-56264.0,22176.0
-56664.0,22140.0
-56540.0,22200.0
-56864.0,22330.0
-57104.0,22450.0
-56552.0,22222.0
-56936.0,22276.0
-56948.0,22244.0
-56944.0,22274.0
-56968.0,22400.0
-57148.0,22642.0
-56936.0,22578.0
-56976.0,22356.0
-57668.0,22500.0
-57572.0,22700.0
-57416.0,22852.0
-56984.0,22716.0
-57088.0,22506.0
-56728.0,22316.0
-56620.0,22160.0
-56284.0,22182.0
-56352.0,22220.0
-56836.0,22248.0
-56584.0,22168.0
-56376.0,22032.0
-56600.0,22198.0
-56548.0,22220.0
-56488.0,22594.0
-56840.0,22576.0
-56472.0,22338.0
-55968.0,22338.0
-56216.0,22504.0
-56092.0,22436.0
-55792.0,22374.0
-56048.0,22524.0
-56512.0,22542.0
-56752.0,22618.0
-56288.0,22262.0
-56284.0,22076.0
-56376.0,22040.0
-56400.0,22016.0
-56244.0,22198.0
-56104.0,22440.0
-56584.0,22488.0
-56164.0,22440.0
-56452.0,22546.0
-56684.0,22690.0
-56608.0,23090.0
-57024.0,23296.0
-57068.0,23190.0
-57036.0,23254.0
-57088.0,22948.0
-56996.0,22984.0
-56668.0,22788.0
-56584.0,22880.0
-57112.0,22884.0
-56564.0,22676.0
-56672.0,22684.0
-56312.0,22636.0
-56520.0,22532.0
-56252.0,22448.0
-56548.0,22546.0
-56676.0,22424.0
-57228.0,22664.0
-57636.0,22722.0
-56920.0,22424.0
-57124.0,22410.0
-57116.0,22204.0
-56552.0,21904.0
-56440.0,21876.0
-56308.0,21764.0
-56504.0,22074.0
-56720.0,22174.0
-56940.0,22468.0
-56808.0,22368.0
-57036.0,22512.0
-56876.0,22492.0
-56584.0,22488.0
-56224.0,22548.0
-56268.0,22590.0
-56252.0,22592.0
-56596.0,22592.0
-56296.0,22638.0
-56592.0,22530.0
-56360.0,22548.0
-55804.0,22282.0
-56352.0,22546.0
-56144.0,22596.0
-56432.0,22580.0
-57128.0,22866.0
-57056.0,22982.0
-57372.0,23238.0
-57196.0,23172.0
-57480.0,23254.0
-56960.0,22970.0
-56984.0,23086.0
-57124.0,23284.0
-57896.0,23354.0
-57672.0,23310.0
-58116.0,23648.0
-58040.0,23668.0
-57680.0,23550.0
-57452.0,23332.0
-56996.0,22994.0
-57500.0,23000.0
-57404.0,23066.0
-57440.0,22780.0
-57492.0,22614.0
-57660.0,22644.0
-58144.0,22724.0
-57284.0,22450.0
-57368.0,22478.0
-56820.0,22250.0
-56612.0,22010.0
-56588.0,21962.0
-56304.0,21526.0
-56368.0,21574.0
-56600.0,21934.0
-56228.0,21734.0
-56676.0,21854.0
-56788.0,21722.0
-57284.0,21956.0
-57184.0,21714.0
-57168.0,21792.0
-57668.0,21846.0
-57584.0,21900.0
-57332.0,21836.0
-56776.0,21706.0
-56880.0,21786.0
-57296.0,21564.0
-57464.0,21680.0
-57352.0,21678.0
-57060.0,21548.0
-56848.0,21620.0
-57384.0,21774.0
-57900.0,21970.0
-58224.0,21964.0
-58176.0,21876.0
-58260.0,22052.0
-57940.0,21860.0
-57776.0,21752.0
-57160.0,21290.0
-57680.0,21458.0
-57472.0,21248.0
-57092.0,21062.0
-57132.0,21128.0
-57184.0,21312.0
-57336.0,21492.0
-56368.0,21318.0
-57056.0,21716.0
-56804.0,21368.0
-57324.0,21498.0
-57128.0,21498.0
-56708.0,21144.0
-56884.0,21224.0
-56804.0,21262.0
-56592.0,21200.0
-56748.0,21008.0
-56776.0,21014.0
-56888.0,21152.0
-57068.0,21068.0
-57048.0,21204.0
-56336.0,20966.0
-56056.0,20850.0
-56092.0,21132.0
-56668.0,21276.0
-56624.0,21472.0
-56668.0,21520.0
-56552.0,21630.0
-56608.0,21628.0
-56036.0,21104.0
-56208.0,21030.0
-55952.0,20820.0
-56208.0,20810.0
-56624.0,21086.0
-56604.0,21120.0
-56380.0,21006.0
-56384.0,20914.0
-56604.0,20988.0
-56836.0,21028.0
-56304.0,20936.0
-56656.0,20982.0
-57136.0,21144.0
-56968.0,21234.0
-56388.0,20798.0
-56880.0,21010.0
-56868.0,20994.0
-56168.0,20688.0
-56180.0,20666.0
-56092.0,20520.0
-56220.0,20382.0
-55836.0,20074.0
-55908.0,19804.0
-55716.0,19860.0
-55652.0,19904.0
-55876.0,19766.0
-55892.0,19740.0
-56176.0,19840.0
-56152.0,19934.0
-56136.0,19836.0
-56068.0,19836.0
-55904.0,19706.0
-55716.0,19746.0
-56052.0,19960.0
-55836.0,19894.0
-55976.0,19980.0
-56080.0,19784.0
-56648.0,20156.0
-56512.0,19906.0
-56000.0,19788.0
-56180.0,19646.0
-56208.0,19770.0
-56008.0,19588.0
-56524.0,19788.0
-56356.0,19740.0
-56456.0,19708.0
-56472.0,19764.0
-56460.0,19720.0
-56384.0,19634.0
-56676.0,19784.0
-56956.0,20176.0
-56880.0,20030.0
-56932.0,19884.0
-56744.0,20326.0
-56208.0,20238.0
-56136.0,20122.0
-56368.0,20260.0
-56824.0,20316.0
-57192.0,20730.0
-56572.0,20444.0
-56108.0,20084.0
-56352.0,20366.0
-56492.0,20420.0
-56264.0,20498.0
-56256.0,20382.0
-56536.0,20826.0
-56864.0,20840.0
-56628.0,20612.0
-56532.0,20598.0
-56696.0,20634.0
-56572.0,20504.0
-56756.0,20588.0
-56348.0,20534.0
-56572.0,20560.0
-56744.0,20594.0
-56816.0,20656.0
-56720.0,20632.0
-57136.0,20686.0
-57020.0,20720.0
-56980.0,20902.0
-57044.0,20782.0
-56848.0,20546.0
-56512.0,20180.0
-56768.0,20324.0
-56748.0,20234.0
-57084.0,20344.0
-56968.0,20418.0
-56980.0,20304.0
-56928.0,20014.0
-56752.0,20106.0
-56904.0,20150.0
-56644.0,20046.0
-56600.0,20034.0
-56784.0,20118.0
-56760.0,20328.0
-56624.0,20382.0
-56932.0,20540.0
-56968.0,20578.0
-56628.0,20498.0
-56888.0,20630.0
-56500.0,20300.0
-56324.0,20426.0
-55952.0,20542.0
-56036.0,20458.0
-56556.0,20590.0
-56592.0,20690.0
-56712.0,20656.0
-56960.0,20956.0
-57204.0,21018.0
-57012.0,20962.0
-56780.0,20928.0
-56100.0,20516.0
-56680.0,20774.0
-56700.0,20574.0
-56352.0,20662.0
-56220.0,20668.0
-56592.0,20674.0
-56364.0,20504.0
-56044.0,20712.0
-56320.0,20638.0
-56316.0,20796.0
-56360.0,20722.0
-56236.0,20712.0
-56596.0,21032.0
-56776.0,21290.0
-57236.0,21346.0
-57720.0,21694.0
-57412.0,21554.0
-57432.0,21530.0
-56996.0,21170.0
-56988.0,21024.0
-57300.0,20972.0
-57448.0,21036.0
-56920.0,20902.0
-56956.0,20922.0
-56608.0,20932.0
-57108.0,21178.0
-57056.0,21274.0
-56868.0,21380.0
-57648.0,21850.0
-57460.0,21418.0
-57544.0,21620.0
-57184.0,21470.0
-56664.0,21036.0
-56796.0,20876.0
-56284.0,20732.0
-56872.0,21078.0
-56652.0,20958.0
-56452.0,20948.0
-55984.0,20790.0
-56240.0,20712.0
-55980.0,21096.0
-56248.0,21110.0
-55920.0,20982.0
-55788.0,21036.0
-55824.0,20840.0
-55848.0,20896.0
-55812.0,20872.0
-55784.0,20820.0
-56024.0,21128.0
-56736.0,21072.0
-56452.0,20890.0
-56388.0,21024.0
-56824.0,21082.0
-57348.0,21450.0
-56896.0,21344.0
-56552.0,21384.0
-56452.0,21624.0
-56244.0,21622.0
-56432.0,21524.0
-56252.0,21642.0
-56508.0,21794.0
-56568.0,22158.0
-56828.0,22118.0
-56056.0,22078.0
-56368.0,22200.0
-56548.0,22092.0
-56804.0,21940.0
-56984.0,22032.0
-56656.0,21886.0
-56276.0,21644.0
-56144.0,21740.0
-56000.0,21910.0
-56268.0,22052.0
-56256.0,22060.0
-56100.0,21892.0
-56136.0,21792.0
-55892.0,21684.0
-55472.0,21876.0
-55304.0,21936.0
-55512.0,22082.0
-55648.0,22006.0
-56156.0,21982.0
-56412.0,22026.0
-56196.0,21808.0
-56304.0,21664.0
-56248.0,21908.0
-56164.0,22020.0
-56076.0,21754.0
-56264.0,21690.0
-56788.0,21894.0
-56856.0,21784.0
-56584.0,21770.0
-56796.0,21956.0
-56640.0,21776.0
-56972.0,22074.0
-56476.0,21878.0
-56668.0,21882.0
-56248.0,21478.0
-56600.0,21632.0
-56080.0,21532.0
-56288.0,21366.0
-56932.0,21324.0
-56600.0,20938.0
-56752.0,20956.0
-56776.0,20984.0
-56772.0,21106.0
-56496.0,21196.0
-56220.0,21272.0
-56652.0,21390.0
-56956.0,21420.0
-57000.0,21578.0
-56468.0,21546.0
-56460.0,21460.0
-56672.0,21558.0
-56512.0,21502.0
-56288.0,21320.0
-56072.0,21178.0
-55488.0,21124.0
-55256.0,21158.0
-55460.0,21118.0
-55124.0,20856.0
-55432.0,21054.0
-55484.0,21104.0
-55576.0,20900.0
-55420.0,21002.0
-55432.0,20808.0
-56132.0,20854.0
-56236.0,20990.0
-56028.0,20772.0
-56448.0,21170.0
-56276.0,21046.0
-56104.0,21082.0
-55844.0,21076.0
-56308.0,21146.0
-56412.0,21382.0
-57196.0,21768.0
-57332.0,22072.0
-57296.0,22378.0
-57152.0,22476.0
-56984.0,22430.0
-57216.0,22754.0
-56716.0,22710.0
-56956.0,22700.0
-56776.0,22522.0
-56700.0,22718.0
-56680.0,22808.0
-56768.0,22944.0
-56552.0,22986.0
-56940.0,23228.0
-57040.0,23268.0
-56848.0,23176.0
-57204.0,23326.0
-57192.0,23390.0
-57028.0,23550.0
-57348.0,23590.0
-56888.0,23242.0
-56984.0,23366.0
-56692.0,23110.0
-56436.0,22996.0
-56468.0,22928.0
-56816.0,23038.0
-56616.0,23032.0
-57172.0,23194.0
-57444.0,23316.0
-57192.0,23062.0
-57136.0,22984.0
-56656.0,23092.0
-57116.0,23314.0
-57084.0,23252.0
-57020.0,23132.0
-57528.0,23332.0
-57320.0,23384.0
-57580.0,23456.0
-57804.0,23478.0
-57652.0,23432.0
-57508.0,23554.0
-57544.0,23538.0
-58116.0,23824.0
-58072.0,23824.0
-58012.0,23856.0
-57876.0,23610.0
-57780.0,23658.0
-57732.0,23648.0
-57540.0,23568.0
-57664.0,23640.0
-57284.0,23436.0
-57216.0,23360.0
-57112.0,23340.0
-56632.0,23058.0
-57404.0,23356.0
-57436.0,23548.0
-57516.0,23866.0
-57564.0,23884.0
-57728.0,23854.0
-57952.0,23932.0
-57768.0,23852.0
-57528.0,23806.0
-57608.0,23982.0
-57280.0,23858.0
-57728.0,23928.0
-56980.0,23732.0
-57164.0,23670.0
-57652.0,23974.0
-57448.0,23786.0
-57436.0,23636.0
-57680.0,23652.0
-57636.0,23824.0
-57644.0,24022.0
-57232.0,23736.0
-57004.0,23938.0
-57392.0,24048.0
-57284.0,24150.0
-57392.0,24018.0
-57608.0,24002.0
-58060.0,24272.0
-57360.0,24038.0
-57480.0,24190.0
-57600.0,24276.0
-57204.0,24224.0
-57076.0,24420.0
-56892.0,24572.0
-57012.0,24478.0
-57048.0,24470.0
-57312.0,24374.0
-57628.0,24334.0
-57568.0,24210.0
-57632.0,24370.0
-58032.0,24166.0
-57912.0,24108.0
-57996.0,24058.0
-57928.0,23928.0
-57736.0,23856.0
-57500.0,23788.0
-56716.0,23608.0
-56944.0,23768.0
-56740.0,23758.0
-56828.0,23990.0
-57084.0,24182.0
-56556.0,24014.0
-56676.0,24258.0
-56808.0,24260.0
-57096.0,24230.0
-56560.0,24058.0
-56784.0,24244.0
-56876.0,24428.0
-57184.0,24422.0
-57024.0,24316.0
-56640.0,24202.0
-56980.0,24218.0
-57120.0,24116.0
-57656.0,24186.0
-57372.0,24248.0
-57032.0,24070.0
-57080.0,24174.0
-57116.0,24236.0
-57052.0,24448.0
-56888.0,24154.0
-56896.0,24128.0
-56436.0,23862.0
-56408.0,23632.0
-56300.0,23366.0
-56260.0,23470.0
-56452.0,23716.0
-56728.0,23738.0
-56872.0,23826.0
-56600.0,23724.0
-56560.0,23766.0
-56300.0,23544.0
-56432.0,23698.0
-57012.0,24030.0
-57172.0,24136.0
-56756.0,23846.0
-56580.0,23822.0
-56572.0,23708.0
-55860.0,23368.0
-56256.0,23782.0
-56636.0,23786.0
-56412.0,24052.0
-56260.0,23898.0
-56256.0,24020.0
-56004.0,23968.0
-56240.0,24168.0
-56444.0,24216.0
-56792.0,24354.0
-57260.0,24544.0
-57032.0,24416.0
-56936.0,24422.0
-57840.0,24596.0
-57584.0,24696.0
-57248.0,24508.0
-57196.0,24490.0
-56924.0,24550.0
-57320.0,24902.0
-57812.0,24932.0
-57812.0,24994.0
-57824.0,24834.0
-57816.0,24930.0
-57976.0,25058.0
-57444.0,25028.0
-57524.0,25156.0
-57768.0,25384.0
-57772.0,25424.0
-58128.0,25750.0
-58528.0,25932.0
-58480.0,25956.0
-58360.0,25902.0
-57896.0,25764.0
-57824.0,25644.0
-57696.0,25862.0
-57496.0,25842.0
-57704.0,25854.0
-57608.0,25690.0
-57512.0,25638.0
-57448.0,25518.0
-57400.0,25536.0
-57644.0,25506.0
-57724.0,25502.0
-57400.0,25420.0
-57500.0,25422.0
-57504.0,25468.0
-58188.0,25548.0
-58144.0,25668.0
-58400.0,25606.0
-58312.0,25766.0
-58384.0,25724.0
-58188.0,25886.0
-57676.0,25642.0
-57000.0,25524.0
-57680.0,26030.0
-57488.0,26206.0
-57608.0,26146.0
-57452.0,26148.0
-57696.0,26296.0
-57916.0,26244.0
-57904.0,26398.0
-58400.0,26280.0
-58156.0,26228.0
-58240.0,26310.0
-58564.0,26624.0
-58904.0,26718.0
-58948.0,26630.0
-58332.0,26480.0
-58036.0,26510.0
-57992.0,26542.0
-57940.0,26370.0
-57668.0,25984.0
-57508.0,25648.0
-57216.0,25630.0
-57080.0,25622.0
-57740.0,25730.0
-57348.0,25626.0
-57416.0,25602.0
-57328.0,25548.0
-57236.0,25676.0
-57268.0,25902.0
-57836.0,26090.0
-57912.0,26164.0
-58396.0,26224.0
-58368.0,26330.0
-58316.0,26218.0
-57988.0,26104.0
-57640.0,25940.0
-57700.0,25868.0
-57700.0,26030.0
-57304.0,25946.0
-57520.0,26036.0
-57512.0,26032.0
-57376.0,26004.0
-57536.0,26010.0
-57788.0,26292.0
-57700.0,26236.0
-58000.0,26088.0
-57860.0,25884.0
-57720.0,25984.0
-57444.0,25872.0
-56976.0,25582.0
-57528.0,25726.0
-57564.0,25720.0
-57668.0,25972.0
-57404.0,25874.0
-57520.0,25812.0
-57648.0,26072.0
-57604.0,26290.0
-57300.0,26294.0
-57824.0,26414.0
-58216.0,26714.0
-58124.0,26522.0
-57780.0,26288.0
-58420.0,26578.0
-58728.0,26668.0
-58768.0,26562.0
-58144.0,26520.0
-58284.0,26482.0
-57972.0,26606.0
-58012.0,26572.0
-58280.0,26546.0
-58040.0,26372.0
-58384.0,26712.0
-58064.0,26486.0
-57896.0,26462.0
-58148.0,26402.0
-58016.0,26158.0
-57684.0,25824.0
-57388.0,25534.0
-57400.0,25374.0
-57288.0,25298.0
-56840.0,25278.0
-56844.0,25180.0
-56424.0,25214.0
-56736.0,25460.0
-56920.0,25562.0
-56876.0,25882.0
-57344.0,26102.0
-57052.0,26182.0
-56684.0,26040.0
-56836.0,26078.0
-57132.0,26286.0
-57008.0,26304.0
-57440.0,26424.0
-57580.0,26534.0
-57760.0,26566.0
-58048.0,26740.0
-57636.0,26574.0
-57188.0,26316.0
-57436.0,26378.0
-57780.0,26462.0
-57764.0,26242.0
-57520.0,26160.0
-57560.0,26572.0
-57292.0,26612.0
-57256.0,26550.0
-57312.0,26752.0
-57248.0,26856.0
-57048.0,26560.0
-56864.0,26438.0
-57452.0,26720.0
-57396.0,26668.0
-57144.0,26630.0
-57196.0,26734.0
-57124.0,26876.0
-57584.0,27136.0
-57540.0,27198.0
-57748.0,27058.0
-58124.0,27228.0
-57556.0,26962.0
-57552.0,27034.0
-58164.0,27286.0
-58352.0,27316.0
-58416.0,27138.0
-58388.0,27044.0
-57776.0,26684.0
-57484.0,26680.0
-57284.0,26480.0
-57484.0,26540.0
-57512.0,26326.0
-57060.0,26060.0
-57216.0,26008.0
-57188.0,26338.0
-57456.0,26390.0
-57572.0,26512.0
-57396.0,26458.0
-57684.0,26536.0
-58116.0,26706.0
-57664.0,26402.0
-56976.0,26162.0
-56784.0,26210.0
-56908.0,26426.0
-57536.0,26618.0
-57792.0,26832.0
-57880.0,26760.0
-58108.0,26916.0
-57748.0,27026.0
-57844.0,27228.0
-57996.0,27278.0
-58608.0,27370.0
-58248.0,27292.0
-58268.0,27350.0
-58820.0,27544.0
-58564.0,27366.0
-58624.0,27296.0
-58876.0,27382.0
-58692.0,26974.0
-58836.0,26896.0
-58504.0,26856.0
-58376.0,26736.0
-58304.0,26672.0
-58216.0,26704.0
-57728.0,26496.0
-57580.0,26548.0
-57856.0,26676.0
-57468.0,26582.0
-57696.0,26836.0
-58296.0,27102.0
-57884.0,27016.0
-57872.0,26970.0
-57604.0,26892.0
-57888.0,27096.0
-58056.0,26982.0
-57600.0,26850.0
-57372.0,26546.0
-57436.0,26542.0
-57220.0,26350.0
-57360.0,26470.0
-57376.0,26600.0
-57560.0,26592.0
-57440.0,26674.0
-57876.0,26926.0
-58052.0,26750.0
-57768.0,26782.0
-57784.0,26510.0
-57280.0,26210.0
-57068.0,26132.0
-57324.0,26382.0
-57400.0,26206.0
-57396.0,26062.0
-57416.0,26040.0
-57512.0,26080.0
-57972.0,26538.0
-57652.0,26526.0
-57424.0,26586.0
-57188.0,26364.0
-57736.0,26540.0
-57984.0,26748.0
-57640.0,26776.0
-58352.0,26946.0
-58152.0,26716.0
-58808.0,26808.0
-58600.0,26694.0
-58832.0,26818.0
-58676.0,26994.0
-59200.0,26946.0
-59052.0,26898.0
-58844.0,27068.0
-58224.0,26930.0
-57676.0,26658.0
-58000.0,26646.0
-57704.0,26408.0
-57548.0,26396.0
-57396.0,26184.0
-57316.0,25828.0
-57372.0,25926.0
-56708.0,25650.0
-57116.0,25646.0
-57228.0,25716.0
-57544.0,25714.0
-57656.0,25836.0
-57452.0,25766.0
-57952.0,25854.0
-57624.0,25722.0
-57668.0,25520.0
-57656.0,25402.0
-57992.0,25654.0
-58160.0,25614.0
-57624.0,25464.0
-57524.0,25378.0
-57480.0,25204.0
-57756.0,25224.0
-57840.0,25382.0
-57508.0,25576.0
-57604.0,25602.0
-57820.0,25834.0
-57476.0,25720.0
-57464.0,25978.0
-57816.0,26130.0
-57732.0,26048.0
-58104.0,26330.0
-58424.0,26546.0
-58868.0,26898.0
-58540.0,27090.0
-58556.0,26850.0
-58884.0,26726.0
-58592.0,26486.0
-58548.0,26448.0
-58480.0,26340.0
-58564.0,26420.0
-58068.0,26116.0
-57876.0,26116.0
-57852.0,26266.0
-57184.0,26074.0
-57524.0,26290.0
-57608.0,26356.0
-58008.0,26470.0
-57972.0,26754.0
-57824.0,26822.0
-58256.0,27090.0
-58688.0,27212.0
-58496.0,27076.0
-58196.0,27054.0
-57944.0,26954.0
-57360.0,26606.0
-58036.0,26708.0
-57668.0,26754.0
-57916.0,26896.0
-58156.0,26910.0
-58076.0,26886.0
-57896.0,26762.0
-57588.0,26642.0
-57828.0,26704.0
-57844.0,26758.0
-58104.0,26858.0
-57524.0,26806.0
-57580.0,26866.0
-57608.0,26800.0
-57472.0,26622.0
-57076.0,26486.0
-56756.0,26194.0
-57452.0,26240.0
-57076.0,26086.0
-57168.0,26076.0
-57336.0,26370.0
-58108.0,26490.0
-58100.0,26368.0
-57560.0,26240.0
-57236.0,26098.0
-56824.0,25938.0
-56748.0,25688.0
-57100.0,25868.0
-57492.0,26058.0
-57492.0,25992.0
-57688.0,25976.0
-57660.0,26084.0
-57188.0,26120.0
-57204.0,26158.0
-57448.0,26178.0
-57184.0,26404.0
-57056.0,26292.0
-56960.0,26350.0
-56904.0,26256.0
-56820.0,26114.0
-56876.0,26288.0
-56648.0,25940.0
-57076.0,25874.0
-57276.0,26028.0
-57536.0,25906.0
-57428.0,25916.0
-57152.0,25924.0
-57456.0,25870.0
-57648.0,25820.0
-57472.0,25876.0
-57452.0,25922.0
-57448.0,25894.0
-58100.0,26082.0
-58252.0,26096.0
-57892.0,26172.0
-58020.0,26438.0
-58472.0,26762.0
-58404.0,26898.0
-58024.0,26822.0
-58008.0,27116.0
-57696.0,26994.0
-57608.0,27088.0
-57676.0,27032.0
-57608.0,27086.0
-58340.0,27424.0
-58312.0,27524.0
-57868.0,27524.0
-57704.0,27244.0
-58052.0,27260.0
-58240.0,27386.0
-58348.0,27496.0
-58284.0,27486.0
-58492.0,27566.0
-58040.0,27346.0
-58160.0,27138.0
-57920.0,27240.0
-57768.0,27106.0
-58056.0,27208.0
-57920.0,27220.0
-58412.0,27556.0
-58396.0,27578.0
-58516.0,27708.0
-58340.0,27720.0
-58724.0,27836.0
-58480.0,27768.0
-58444.0,27764.0
-58040.0,27520.0
-58244.0,27492.0
-58192.0,27418.0
-58444.0,27524.0
-57880.0,27278.0
-57476.0,27172.0
-57340.0,27118.0
-57248.0,27196.0
-57008.0,27254.0
-57080.0,27388.0
-57116.0,27358.0
-57640.0,27534.0
-58332.0,27912.0
-58144.0,27862.0
-57984.0,27998.0
-58292.0,28338.0
-58384.0,28360.0
-58344.0,28334.0
-58620.0,28398.0
-57912.0,28220.0
-58448.0,28374.0
-58484.0,28706.0
-58336.0,28564.0
-57908.0,28666.0
-58456.0,28666.0
-58388.0,28692.0
-58136.0,28424.0
-58148.0,28530.0
-58592.0,28690.0
-58980.0,28792.0
-58904.0,28736.0
-59440.0,28906.0
-58808.0,28708.0
-58452.0,28830.0
-58096.0,28696.0
-57616.0,28228.0
-57656.0,28156.0
-57704.0,28240.0
-58308.0,28632.0
-58508.0,28840.0
-58316.0,28822.0
-58280.0,28656.0
-58664.0,28960.0
-59160.0,29222.0
-58944.0,29198.0
-59012.0,29162.0
-58968.0,29268.0
-58876.0,29136.0
-58760.0,29148.0
-58296.0,29080.0
-58696.0,29218.0
-58876.0,29306.0
-58992.0,29320.0
-59264.0,29484.0
-58884.0,29310.0
-58408.0,29216.0
-58616.0,29434.0
-59084.0,29648.0
-59416.0,29628.0
-58996.0,29490.0
-58972.0,29428.0
-58904.0,29352.0
-59140.0,29342.0
-58760.0,29156.0
-58352.0,29022.0
-58128.0,28852.0
-58664.0,28904.0
-58412.0,28764.0
-57896.0,28530.0
-58060.0,28640.0
-58560.0,28888.0
-58276.0,28580.0
-58432.0,28770.0
-58192.0,28560.0
-58420.0,28686.0
-58924.0,28992.0
-59096.0,28988.0
-58720.0,29042.0
-58624.0,29290.0
-58764.0,29048.0
-58524.0,29106.0
-58572.0,29070.0
-58676.0,28984.0
-59196.0,29030.0
-59076.0,29052.0
-59244.0,28974.0
-58808.0,29154.0
-59288.0,29348.0
-59348.0,29292.0
-58468.0,29074.0
-58288.0,29162.0
-58844.0,29314.0
-58800.0,29366.0
-58780.0,29464.0
-58828.0,29584.0
-58148.0,29490.0
-58736.0,29570.0
-58528.0,29490.0
-57964.0,29178.0
-58520.0,29360.0
-58404.0,29174.0
-58528.0,29026.0
-58236.0,29014.0
-58792.0,29138.0
-58604.0,29388.0
-58848.0,29346.0
-58780.0,29404.0
-58668.0,29364.0
-58404.0,29086.0
-58672.0,29074.0
-58448.0,28854.0
-58256.0,28576.0
-58044.0,28438.0
-58184.0,28468.0
-58052.0,28176.0
-58308.0,28236.0
-57968.0,28090.0
-57808.0,28102.0
-58324.0,28418.0
-58456.0,28460.0
-58532.0,28216.0
-58500.0,28528.0
-58296.0,28350.0
-58272.0,28336.0
-58004.0,28102.0
-58560.0,28170.0
-58244.0,28286.0
-58064.0,28284.0
-58696.0,28392.0
-58308.0,28364.0
-57904.0,28440.0
-58732.0,28708.0
-59004.0,28692.0
-58972.0,28620.0
-59024.0,28874.0
-58852.0,28946.0
-59316.0,29014.0
-59244.0,29016.0
-59632.0,29130.0
-59756.0,29244.0
-59612.0,29236.0
-59628.0,29074.0
-59400.0,29174.0
-59516.0,29402.0
-59704.0,29612.0
-59764.0,29542.0
-59504.0,29312.0
-59088.0,29128.0
-58520.0,28746.0
-59396.0,28986.0
-59012.0,28740.0
-58804.0,28552.0
-58668.0,28406.0
-58376.0,28218.0
-58184.0,28512.0
-58092.0,28430.0
-58268.0,28424.0
-58448.0,28250.0
-57784.0,28074.0
-58356.0,28138.0
-58244.0,27960.0
-58668.0,27826.0
-58868.0,27618.0
-58348.0,27506.0
-58504.0,27680.0
-58640.0,27740.0
-59000.0,27924.0
-58712.0,27762.0
-58296.0,27658.0
-58028.0,27716.0
-58416.0,27946.0
-58640.0,28034.0
-58128.0,27674.0
-57756.0,27674.0
-58040.0,27614.0
-57932.0,27718.0
-58092.0,27804.0
-57988.0,27698.0
-57984.0,27606.0
-58132.0,27656.0
-58056.0,27698.0
-58128.0,27762.0
-58164.0,27728.0
-58604.0,27766.0
-58400.0,27900.0
-58268.0,27628.0
-58484.0,27890.0
-58224.0,27730.0
-58096.0,27852.0
-58328.0,28066.0
-58184.0,27814.0
-58008.0,27804.0
-58248.0,27644.0
-58332.0,27782.0
-58552.0,27940.0
-58544.0,28046.0
-58780.0,27894.0
-58828.0,27824.0
-58992.0,27950.0
-58316.0,27838.0
-57872.0,27574.0
-57240.0,27104.0
-57596.0,27160.0
-57712.0,27184.0
-57992.0,27252.0
-57692.0,27114.0
-57908.0,27126.0
-57596.0,27088.0
-57896.0,27156.0
-57456.0,26942.0
-57728.0,27202.0
-57452.0,27220.0
-57540.0,27178.0
-57504.0,26944.0
-57404.0,26900.0
-57164.0,26810.0
-57536.0,26974.0
-57668.0,27056.0
-57888.0,27318.0
-57400.0,27218.0
-57620.0,27340.0
-57904.0,27598.0
-58140.0,27700.0
-58392.0,27832.0
-58648.0,27706.0
-58800.0,28080.0
-58304.0,27836.0
-59044.0,28032.0
-58988.0,27966.0
-58704.0,28008.0
-59376.0,28412.0
-59260.0,28354.0
-59420.0,28392.0
-59436.0,28244.0
-59188.0,28182.0
-58840.0,28190.0
-58844.0,28184.0
-58992.0,28192.0
-59424.0,28326.0
-59312.0,28436.0
-59032.0,28312.0
-58492.0,28174.0
-58680.0,28152.0
-58800.0,28294.0
-58568.0,28056.0
-58000.0,27890.0
-58116.0,28102.0
-58320.0,28144.0
-58608.0,28104.0
-58096.0,27954.0
-58048.0,27868.0
-57680.0,27722.0
-57928.0,27732.0
-57888.0,27584.0
-58392.0,27764.0
-58180.0,27606.0
-58140.0,27664.0
-58416.0,27492.0
-58000.0,27728.0
-58528.0,27820.0
-58276.0,27980.0
-58092.0,27786.0
-58364.0,27758.0
-58264.0,27744.0
-58260.0,27818.0
-58632.0,27938.0
-58208.0,28112.0
-58156.0,28200.0
-57960.0,27966.0
-58628.0,28270.0
-58792.0,28466.0
-58384.0,28134.0
-58112.0,28024.0
-58060.0,27908.0
-58316.0,28056.0
-58024.0,27852.0
-58208.0,27976.0
-58648.0,28090.0
-58704.0,27938.0
-57924.0,27948.0
-57544.0,27914.0
-58312.0,28136.0
-58004.0,27812.0
-58256.0,27884.0
-58320.0,27764.0
-58160.0,27578.0
-58084.0,27482.0
-58276.0,27180.0
-57444.0,26936.0
-57292.0,26928.0
-57696.0,27062.0
-57724.0,27132.0
-57376.0,27164.0
-57724.0,27054.0
-57760.0,27264.0
-57216.0,27028.0
-57480.0,27192.0
-58384.0,27508.0
-58212.0,27276.0
-58148.0,27180.0
-58188.0,27460.0
-58744.0,27688.0
-58252.0,27530.0
-59116.0,27714.0
-58764.0,27334.0
-58400.0,27434.0
-58160.0,27184.0
-58336.0,27098.0
-58212.0,26978.0
-58220.0,26960.0
-58180.0,26926.0
-57552.0,26942.0
-58120.0,27132.0
-58180.0,27288.0
-58156.0,27268.0
-58328.0,27268.0
-58132.0,27234.0
-58288.0,27306.0
-58580.0,27308.0
-58932.0,27504.0
-58972.0,27646.0
-58644.0,27620.0
-58604.0,27576.0
-58372.0,27496.0
-58240.0,27340.0
-58312.0,27266.0
-58212.0,27220.0
-58296.0,27272.0
-58548.0,27528.0
-58488.0,27362.0
-58656.0,27484.0
-58476.0,27468.0
-58452.0,27676.0
-58212.0,27532.0
-58324.0,27354.0
-58220.0,27280.0
-58076.0,27288.0
-58256.0,27208.0
-58364.0,26970.0
-58232.0,26922.0
-58028.0,26736.0
-57924.0,26818.0
-57504.0,26592.0
-57348.0,26618.0
-57044.0,26424.0
-57860.0,26634.0
-57672.0,26634.0
-57812.0,26716.0
-58264.0,26588.0
-58128.0,26696.0
-58380.0,26940.0
-58100.0,26844.0
-58568.0,26996.0
-58412.0,26964.0
-57992.0,26698.0
-58216.0,26768.0
-57968.0,26872.0
-58384.0,27166.0
-58024.0,27066.0
-58468.0,27204.0
-59268.0,27600.0
-59388.0,28034.0
-58660.0,27628.0
-58696.0,27402.0
-58416.0,27190.0
-57424.0,26956.0
-57592.0,26676.0
-57800.0,27016.0
-57900.0,27078.0
-57564.0,26886.0
-57484.0,26808.0
-58096.0,27056.0
-58288.0,27166.0
-57048.0,26816.0
-57292.0,26774.0
-57368.0,26688.0
-57508.0,26696.0
-57652.0,26570.0
-58160.0,26946.0
-58008.0,26958.0
-57632.0,26904.0
-57140.0,26718.0
-57944.0,26898.0
-58176.0,27032.0
-57348.0,26752.0
-57744.0,26712.0
-57948.0,26786.0
-58040.0,26808.0
-57820.0,26788.0
-57868.0,27050.0
-58228.0,27246.0
-58084.0,27068.0
-58100.0,27018.0
-58312.0,27134.0
-57680.0,26910.0
-57780.0,26916.0
-57724.0,26846.0
-57640.0,26692.0
-58104.0,27068.0
-57696.0,26978.0
-57696.0,27060.0
-57964.0,27194.0
-57620.0,27122.0
-57660.0,27150.0
-57076.0,27120.0
-57412.0,26958.0
-57172.0,26824.0
-56944.0,26864.0
-57464.0,26890.0
-57040.0,26776.0
-57268.0,26898.0
-57424.0,26904.0
-57308.0,27226.0
-57840.0,27580.0
-57596.0,27562.0
-57952.0,27714.0
-57996.0,27762.0
-58120.0,27736.0
-58248.0,27896.0
-57888.0,27544.0
-58196.0,27766.0
-58208.0,27870.0
-58492.0,27904.0
-58560.0,28012.0
-59008.0,28102.0
-58452.0,28042.0
-58444.0,27958.0
-58520.0,28068.0
-58496.0,27976.0
-58360.0,27774.0
-58540.0,27860.0
-58296.0,27832.0
-58444.0,27768.0
-58608.0,27786.0
-58252.0,27524.0
-58648.0,27602.0
-58428.0,27614.0
-57804.0,27340.0
-57820.0,27310.0
-57640.0,27340.0
-57812.0,27324.0
-57912.0,27140.0
-57820.0,27064.0
-57852.0,27126.0
-58308.0,27250.0
-58292.0,27274.0
-57648.0,27008.0
-58068.0,27190.0
-57612.0,27140.0
-58100.0,27454.0
-58316.0,27606.0
-58212.0,27530.0
-58264.0,27284.0
-58120.0,27212.0
-58340.0,27308.0
-58216.0,27212.0
-57928.0,27158.0
-57664.0,27270.0
-57548.0,27266.0
-57816.0,27430.0
-57880.0,27408.0
-57824.0,27356.0
-57584.0,27376.0
-57788.0,27392.0
-57572.0,27302.0
-57328.0,27330.0
-57496.0,27606.0
-57612.0,27266.0
-57464.0,27256.0
-57560.0,27336.0
-58064.0,27676.0
-58036.0,27548.0
-58620.0,27734.0
-58328.0,27662.0
-57760.0,27468.0
-57792.0,27366.0
-57704.0,27332.0
-57644.0,27276.0
-57016.0,27188.0
-57136.0,27168.0
-57512.0,27402.0
-58120.0,27696.0
-57804.0,27702.0
-57776.0,27428.0
-57468.0,27538.0
-58068.0,27592.0
-58364.0,27822.0
-58132.0,27660.0
-58036.0,27688.0
-57640.0,27566.0
-57688.0,27640.0
-57624.0,27658.0
-58088.0,27830.0
-57788.0,27406.0
-57948.0,27398.0
-57780.0,27306.0
-58016.0,27260.0
-58196.0,27324.0
-57672.0,26994.0
-57828.0,26926.0
-58088.0,27126.0
-57980.0,27170.0
-57768.0,27038.0
-57768.0,27178.0
-58076.0,27240.0
-57808.0,27206.0
-57632.0,27354.0
-57916.0,27524.0
-57688.0,27392.0
-58184.0,27664.0
-58260.0,27536.0
-58500.0,27468.0
-58188.0,27242.0
-57800.0,27098.0
-57632.0,26982.0
-57636.0,26950.0
-57832.0,27016.0
-57976.0,27290.0
-57864.0,27286.0
-57704.0,27214.0
-58232.0,27406.0
-57952.0,27336.0
-58020.0,27218.0
-57524.0,27268.0
-57540.0,27204.0
-57464.0,26966.0
-57460.0,27098.0
-58040.0,27494.0
-58124.0,27386.0
-58216.0,27530.0
-58072.0,27626.0
-58632.0,27938.0
-58408.0,28046.0
-58032.0,27956.0
-58180.0,28140.0
-58596.0,28210.0
-58724.0,28464.0
-58292.0,28192.0
-58444.0,28350.0
-58416.0,28296.0
-58512.0,28380.0
-58748.0,28354.0
-58596.0,28386.0
-58500.0,28430.0
-58516.0,28310.0
-58248.0,28246.0
-58152.0,28028.0
-58240.0,28068.0
-57648.0,27946.0
-57768.0,27980.0
-57592.0,27614.0
-57848.0,27658.0
-58260.0,27730.0
-58452.0,28006.0
-58116.0,27828.0
-57524.0,27700.0
-58108.0,27760.0
-58108.0,27620.0
-58096.0,27712.0
-57868.0,27598.0
-57876.0,27686.0
-57552.0,27610.0
-57624.0,27534.0
-57576.0,27530.0
-57040.0,27218.0
-57556.0,27154.0
-57736.0,27272.0
-57944.0,27636.0
-57504.0,27500.0
-57456.0,27566.0
-57944.0,27792.0
-58080.0,27854.0
-58136.0,27938.0
-58248.0,28164.0
-58376.0,28262.0
-58360.0,27902.0
-58044.0,27910.0
-58256.0,27872.0
-57928.0,27972.0
-58020.0,28042.0
-57624.0,27940.0
-57572.0,27790.0
-57304.0,27416.0
-57952.0,27736.0
-58216.0,27744.0
-58080.0,27670.0
-58328.0,27726.0
-58532.0,27790.0
-57748.0,27510.0
-57868.0,27616.0
-57844.0,27720.0
-57892.0,27738.0
-58168.0,27766.0
-58140.0,27548.0
-57932.0,27604.0
-58124.0,27776.0
-58656.0,27962.0
-58408.0,27940.0
-58396.0,28098.0
-58084.0,28030.0
-58196.0,28230.0
-58652.0,28180.0
-58816.0,28296.0
-58908.0,28376.0
-58912.0,28362.0
-58964.0,28434.0
-58392.0,28258.0
-58692.0,28238.0
-58972.0,28262.0
-59072.0,28260.0
-59004.0,28198.0
-58916.0,28208.0
-58424.0,28012.0
-58492.0,28028.0
-58268.0,27894.0
-58152.0,27794.0
-58612.0,28158.0
-58320.0,27960.0
-58064.0,27860.0
-57880.0,27896.0
-58116.0,27894.0
-57956.0,27916.0
-58256.0,28084.0
-58080.0,28082.0
-58444.0,28032.0
-58176.0,28058.0
-58188.0,28120.0
-58196.0,28222.0
-57800.0,28052.0
-57808.0,27874.0
-58356.0,27924.0
-58308.0,28010.0
-57908.0,27764.0
-57472.0,27618.0
-57428.0,27646.0
-58012.0,28044.0
-57852.0,28060.0
-57756.0,28058.0
-58228.0,28316.0
-58052.0,28226.0
-58016.0,28110.0
-57932.0,27854.0
-57564.0,27760.0
-58052.0,27994.0
-58172.0,27816.0
-58120.0,27864.0
-58056.0,28078.0
-58012.0,27970.0
-57904.0,27868.0
-57740.0,27432.0
-57912.0,27550.0
-57584.0,27494.0
-57872.0,27766.0
-57492.0,27564.0
-57484.0,27744.0
-57372.0,27760.0
-57440.0,27802.0
-57632.0,27786.0
-57472.0,27638.0
-57792.0,27814.0
-58712.0,28144.0
-58544.0,28254.0
-58676.0,28350.0
-58484.0,28342.0
-58344.0,28442.0
-58968.0,28702.0
-58776.0,28538.0
-58776.0,28604.0
-58836.0,28674.0
-58240.0,28474.0
-58048.0,28264.0
-57892.0,28146.0
-58608.0,28358.0
-58312.0,28386.0
-58076.0,28388.0
-57968.0,28504.0
-57900.0,28430.0
-58036.0,28326.0
-58112.0,28456.0
-58380.0,28556.0
-58224.0,28596.0
-58340.0,28658.0
-57972.0,28522.0
-58700.0,28980.0
-58764.0,28898.0
-58908.0,29180.0
-58768.0,29344.0
-58800.0,29404.0
-59124.0,29440.0
-58900.0,29256.0
-58628.0,29184.0
-58772.0,29308.0
-58452.0,29354.0
-59148.0,29568.0
-58884.0,29596.0
-59224.0,29880.0
-59628.0,30110.0
-59612.0,30146.0
-59676.0,30040.0
-59444.0,29904.0
-59544.0,29734.0
-59224.0,29648.0
-59728.0,29840.0
-59652.0,29766.0
-59140.0,29476.0
-58804.0,29386.0
-58628.0,29206.0
-58884.0,29098.0
-58704.0,28968.0
-58572.0,28870.0
-59084.0,29248.0
-59120.0,29410.0
-59520.0,29544.0
-59468.0,29516.0
-59460.0,29438.0
-58748.0,29138.0
-59148.0,29228.0
-58880.0,29246.0
-59016.0,29272.0
-59320.0,29464.0
-59272.0,29464.0
-59376.0,29482.0
-59164.0,29352.0
-59128.0,29306.0
-59088.0,29054.0
-58844.0,28862.0
-59040.0,29060.0
-58752.0,29040.0
-58572.0,29096.0
-59352.0,29372.0
-59268.0,29484.0
-58984.0,29466.0
-59284.0,29268.0
-58768.0,29012.0
-59656.0,29158.0
-59436.0,29190.0
-59244.0,29246.0
-58908.0,29178.0
-58864.0,29054.0
-58984.0,28994.0
-58680.0,28912.0
-58472.0,28668.0
-58160.0,28510.0
-57736.0,28298.0
-58304.0,28276.0
-58660.0,28510.0
-58984.0,28674.0
-58772.0,28774.0
-58892.0,28838.0
-58664.0,28920.0
-59056.0,29208.0
-58336.0,28878.0
-58524.0,28862.0
-58544.0,28926.0
-58820.0,29014.0
-58988.0,29120.0
-59308.0,29214.0
-58816.0,29138.0
-58612.0,28952.0
-58792.0,28812.0
-58680.0,28782.0
-58752.0,28932.0
-58744.0,29008.0
-58444.0,28818.0
-57864.0,28440.0
-58136.0,28662.0
-58112.0,28458.0
-57908.0,28580.0
-57868.0,28622.0
-57864.0,28722.0
-58008.0,28642.0
-57876.0,28654.0
-58092.0,28518.0
-58304.0,28686.0
-58736.0,28798.0
-59032.0,28858.0
-59044.0,28914.0
-58632.0,28850.0
-59332.0,29242.0
-59344.0,29328.0
-59372.0,29350.0
-59656.0,29562.0
-59716.0,29288.0
-59612.0,29238.0
-59332.0,29196.0
-59208.0,29022.0
-59000.0,29000.0
-59116.0,29176.0
-59732.0,29220.0
-59428.0,29200.0
-59048.0,29124.0
-59176.0,29096.0
-59164.0,29104.0
-59656.0,29320.0
-59084.0,29094.0
-59404.0,29348.0
-58904.0,29200.0
-58984.0,29212.0
-58932.0,29230.0
-59136.0,29500.0
-59564.0,29636.0
-58680.0,29348.0
-58784.0,29354.0
-59144.0,29372.0
-59048.0,29312.0
-58860.0,29130.0
-58732.0,29108.0
-58236.0,28748.0
-58104.0,28572.0
-58364.0,28580.0
-57908.0,28562.0
-58024.0,28708.0
-58756.0,28686.0
-58272.0,28546.0
-58024.0,28460.0
-57976.0,28392.0
-58020.0,28270.0
-58136.0,28320.0
-58256.0,28242.0
-58312.0,28272.0
-58476.0,28328.0
-58360.0,28416.0
-58540.0,28548.0
-58424.0,28382.0
-58636.0,28386.0
-58092.0,28226.0
-58412.0,28248.0
-58416.0,28358.0
-58784.0,28486.0
-58912.0,28582.0
-58556.0,28682.0
-58540.0,28568.0
-58608.0,28544.0
-58480.0,28658.0
-58652.0,28704.0
-58856.0,28910.0
-59200.0,28908.0
-58604.0,28590.0
-58684.0,28764.0
-58796.0,28842.0
-58724.0,28874.0
-58688.0,28758.0
-58768.0,28706.0
-58580.0,28504.0
-58720.0,28558.0
-58900.0,28640.0
-58784.0,28510.0
-58040.0,28086.0
-58232.0,28250.0
-58052.0,28232.0
-58168.0,28198.0
-58092.0,28154.0
-58112.0,28298.0
-58064.0,28244.0
-57904.0,28070.0
-57772.0,28130.0
-57976.0,28296.0
-58252.0,28324.0
-58280.0,28472.0
-58728.0,28556.0
-58728.0,28500.0
-58524.0,28412.0
-58428.0,28270.0
-58592.0,28516.0
-58572.0,28432.0
-58736.0,28764.0
-58468.0,28758.0
-58380.0,28628.0
-58308.0,28790.0
-58060.0,28828.0
-58296.0,28700.0
-58764.0,28818.0
-58664.0,28662.0
-58668.0,28548.0
-58656.0,28432.0
-58472.0,28498.0
-58112.0,28390.0
-58396.0,28448.0
-58148.0,28470.0
-58568.0,28554.0
-58588.0,28378.0
-58340.0,28370.0
-58056.0,28360.0
-58100.0,28212.0
-58380.0,28188.0
-58356.0,28282.0
-58608.0,28408.0
-58208.0,28224.0
-58496.0,28440.0
-58328.0,28334.0
-58092.0,28144.0
-58260.0,28150.0
-58256.0,28200.0
-57944.0,28088.0
-57884.0,28038.0
-58352.0,28226.0
-58500.0,28198.0
-58892.0,28410.0
-58396.0,28424.0
-58916.0,28574.0
-59196.0,28642.0
-58800.0,28314.0
-58812.0,28280.0
-59168.0,28638.0
-58476.0,28218.0
-58092.0,28136.0
-58356.0,28232.0
-58464.0,28424.0
-58536.0,28344.0
-58200.0,28240.0
-58028.0,28048.0
-58056.0,28074.0
-58204.0,28182.0
-58380.0,28148.0
-57884.0,27956.0
-57540.0,27690.0
-58076.0,27960.0
-57644.0,27594.0
-57776.0,27628.0
-58040.0,27614.0
-58344.0,27888.0
-58448.0,27716.0
-58348.0,27818.0
-58456.0,27818.0
-57944.0,27640.0
-57844.0,27394.0
-58016.0,27538.0
-58228.0,27500.0
-57816.0,27594.0
-57680.0,27440.0
-57824.0,27558.0
-58468.0,27746.0
-58144.0,27496.0
-58280.0,27568.0
-58376.0,27604.0
-58600.0,27718.0
-57980.0,27640.0
-57916.0,27554.0
-58044.0,27330.0
-59200.0,27972.0
-59092.0,27840.0
-58468.0,27808.0
-58428.0,27922.0
-57800.0,27750.0
-57948.0,27794.0
-58620.0,28210.0
-58480.0,28312.0
-58636.0,28432.0
-59044.0,28286.0
-58796.0,28406.0
-58968.0,28354.0
-58476.0,28304.0
-57732.0,28180.0
-57676.0,28100.0
-57812.0,28162.0
-57696.0,28344.0
-58544.0,28540.0
-58468.0,28472.0
-58172.0,28344.0
-57704.0,28120.0
-57800.0,28074.0
-58072.0,28496.0
-58068.0,28432.0
-58616.0,28532.0
-57960.0,28210.0
-57964.0,28148.0
-57672.0,28226.0
-57928.0,28272.0
-58148.0,28290.0
-57376.0,27920.0
-57212.0,27658.0
-57540.0,27754.0
-58068.0,28016.0
-57968.0,28024.0
-58572.0,28216.0
-58520.0,28228.0
-58984.0,28256.0
-58244.0,28104.0
-58148.0,27746.0
-57892.0,27552.0
-57916.0,27392.0
-58188.0,27534.0
-58104.0,27510.0
-58088.0,27378.0
-57792.0,27252.0
-57840.0,27274.0
-57648.0,27196.0
-57316.0,27096.0
-57836.0,27388.0
-58180.0,27458.0
-58228.0,27450.0
-57724.0,27550.0
-57764.0,27482.0
-58188.0,27566.0
-58692.0,27936.0
-58956.0,28074.0
-58780.0,28176.0
-58284.0,28006.0
-58588.0,28066.0
-58104.0,27952.0
-58412.0,27964.0
-58252.0,27750.0
-58728.0,28008.0
-59068.0,28338.0
-58872.0,28352.0
-58068.0,28058.0
-58272.0,28058.0
-58708.0,28176.0
-58360.0,27976.0
-58044.0,27912.0
-58496.0,28016.0
-58640.0,27998.0
-58600.0,27822.0
-58748.0,27960.0
-58584.0,28076.0
-58732.0,28242.0
-58376.0,28126.0
-58112.0,28090.0
-58452.0,28236.0
-58180.0,28442.0
-58280.0,28396.0
-58116.0,28222.0
-58124.0,28304.0
-58828.0,28494.0
-58268.0,28200.0
-58288.0,28250.0
-58384.0,28284.0
-58436.0,28314.0
-58724.0,28430.0
-58764.0,28358.0
-58412.0,28400.0
-58608.0,28458.0
-58336.0,28432.0
-58352.0,28398.0
-58468.0,28374.0
-59004.0,28672.0
-58888.0,28786.0
-58612.0,28610.0
-58680.0,28458.0
-58560.0,28336.0
-58564.0,28344.0
-58676.0,28206.0
-58492.0,28130.0
-58688.0,28046.0
-58592.0,27982.0
-58864.0,27914.0
-58284.0,27758.0
-58384.0,27762.0
-58292.0,27974.0
-58000.0,28042.0
-58288.0,28220.0
-58128.0,28424.0
-58124.0,28414.0
-58456.0,28564.0
-59192.0,28780.0
-58852.0,28764.0
-58932.0,29054.0
-59212.0,28950.0
-59180.0,28870.0
-58992.0,28818.0
-59504.0,29142.0
-59320.0,28996.0
-58828.0,28802.0
-59020.0,28766.0
-58920.0,28878.0
-59048.0,29032.0
-59472.0,29100.0
-59652.0,29372.0
-60008.0,29364.0
-59296.0,29166.0
-58880.0,29154.0
-59108.0,29070.0
-59148.0,29104.0
-59200.0,28960.0
-59532.0,29362.0
-59016.0,29100.0
-58752.0,29190.0
-59064.0,29160.0
-58352.0,28806.0
-58236.0,28756.0
-58440.0,28730.0
-58928.0,28790.0
-58812.0,29102.0
-59088.0,28996.0
-58888.0,28844.0
-59036.0,29112.0
-59364.0,29210.0
-58952.0,29034.0
-59104.0,28840.0
-58852.0,28662.0
-59048.0,28514.0
-59436.0,28630.0
-59136.0,28620.0
-58660.0,28294.0
-58228.0,28264.0
-58636.0,28196.0
-59100.0,28294.0
-58928.0,28330.0
-58416.0,28192.0
-58288.0,28032.0
-58132.0,27976.0
-58120.0,28082.0
-57796.0,27922.0
-58020.0,27782.0
-58404.0,27926.0
-57692.0,27596.0
-57740.0,27568.0
-58244.0,27714.0
-58016.0,27622.0
-58136.0,27522.0
-57708.0,27152.0
-57356.0,27312.0
-57408.0,27384.0
-57664.0,27374.0
-57392.0,27178.0
-57424.0,27114.0
-57952.0,27546.0
-57708.0,27168.0
-57908.0,27210.0
-57896.0,27094.0
-58132.0,27208.0
-58444.0,27368.0
-58352.0,27414.0
-58108.0,27504.0
-58320.0,27570.0
-58276.0,27538.0
-57848.0,27462.0
-58284.0,27420.0
-58120.0,27538.0
-57988.0,27360.0
-58084.0,27572.0
-58088.0,27620.0
-58180.0,27600.0
-58312.0,27668.0
-58104.0,27700.0
-58448.0,27828.0
-57828.0,27870.0
-58264.0,27838.0
-58196.0,27928.0
-58620.0,28042.0
-59112.0,28204.0
-58992.0,28168.0
-58776.0,28356.0
-58760.0,28358.0
-58592.0,28342.0
-58340.0,28012.0
-58824.0,28042.0
-57920.0,27828.0
-58424.0,28068.0
-58452.0,28226.0
-58084.0,28094.0
-57608.0,27924.0
-58048.0,27998.0
-58212.0,27930.0
-57648.0,27528.0
-57776.0,27500.0
-57796.0,27496.0
-58440.0,27668.0
-58736.0,27880.0
-58500.0,27836.0
-58868.0,28014.0
-59044.0,28126.0
-58976.0,28280.0
-58780.0,28248.0
-58400.0,28158.0
-58384.0,28122.0
-58748.0,28182.0
-58264.0,27966.0
-58376.0,27952.0
-58568.0,27950.0
-58444.0,28020.0
-58688.0,28150.0
-59032.0,28246.0
-58496.0,28002.0
-59048.0,28424.0
-58816.0,28232.0
-58628.0,28280.0
-58480.0,28302.0
-58336.0,28232.0
-58912.0,28204.0
-58808.0,28150.0
-58792.0,27970.0
-58652.0,28004.0
-58804.0,27996.0
-58780.0,28086.0
-58468.0,27938.0
-58340.0,27876.0
-58140.0,27688.0
-58148.0,27580.0
-58128.0,27856.0
-58276.0,27746.0
-58392.0,27748.0
-58332.0,27850.0
-58432.0,27652.0
-58400.0,27514.0
-57960.0,27526.0
-58060.0,27702.0
-58384.0,27814.0
-58492.0,27844.0
-58344.0,27634.0
-58076.0,27572.0
-57840.0,27314.0
-57720.0,27072.0
-57524.0,27082.0
-57812.0,27234.0
-58764.0,27632.0
-58584.0,27628.0
-59656.0,28036.0
-59204.0,27936.0
-59152.0,28014.0
-59380.0,28280.0
-58860.0,28160.0
-58832.0,28042.0
-58848.0,28076.0
-59388.0,28276.0
-59476.0,28462.0
-58724.0,28100.0
-58552.0,28168.0
-58496.0,28084.0
-58760.0,28152.0
-59032.0,28270.0
-59100.0,28230.0
-59156.0,28274.0
-57952.0,27810.0
-58528.0,27860.0
-58320.0,27800.0
-58204.0,27674.0
-58516.0,27854.0
-58664.0,27938.0
-58580.0,27946.0
-58288.0,27918.0
-58556.0,27810.0
-58032.0,27368.0
-57904.0,27488.0
-58500.0,27798.0
-58136.0,27818.0
-58456.0,27954.0
-58860.0,28238.0
-58420.0,28028.0
-58436.0,28150.0
-59076.0,28522.0
-59040.0,28366.0
-59124.0,28304.0
-58796.0,28150.0
-58884.0,27852.0
-58652.0,27774.0
-58320.0,27778.0
-57952.0,27694.0
-57932.0,27614.0
-57572.0,27448.0
-57972.0,27364.0
-58008.0,27148.0
-58144.0,27074.0
-57328.0,26714.0
-57768.0,26702.0
-57744.0,26884.0
-58184.0,27302.0
-58268.0,27240.0
-58204.0,27126.0
-57480.0,26830.0
-57608.0,26786.0
-57816.0,26980.0
-58104.0,27080.0
-58360.0,27142.0
-57908.0,27126.0
-57612.0,27140.0
-57764.0,27190.0
-58496.0,27508.0
-58020.0,27202.0
-57992.0,27124.0
-57724.0,27182.0
-57632.0,27336.0
-58388.0,27492.0
-58240.0,27542.0
-58648.0,27682.0
-58592.0,27758.0
-58676.0,27698.0
-58380.0,27590.0
-58116.0,27510.0
-58376.0,27502.0
-58616.0,27480.0
-58580.0,27290.0
-58748.0,27416.0
-58752.0,27488.0
-58312.0,27356.0
-58196.0,27138.0
-57920.0,27018.0
-57984.0,27012.0
-57872.0,26924.0
-58228.0,27064.0
-58464.0,26830.0
-58512.0,26888.0
-58524.0,26732.0
-57968.0,26654.0
-57668.0,26404.0
-58288.0,26672.0
-58656.0,26974.0
-58540.0,27014.0
-58872.0,27162.0
-58904.0,27044.0
-59456.0,27262.0
-58984.0,27220.0
-58892.0,27190.0
-58968.0,27036.0
-58584.0,26712.0
-58152.0,26584.0
-58340.0,26714.0
-58576.0,26570.0
-58340.0,26774.0
-58596.0,26660.0
-58788.0,26690.0
-58568.0,26534.0
-58800.0,26478.0
-58080.0,26386.0
-58360.0,26454.0
-58296.0,26522.0
-58296.0,26760.0
-57888.0,26720.0
-58020.0,26654.0
-58472.0,26890.0
-58388.0,27062.0
-58236.0,27184.0
-58192.0,27310.0
-58068.0,27172.0
-57852.0,27090.0
-58160.0,26980.0
-58152.0,26890.0
-58496.0,27222.0
-58732.0,27300.0
-58808.0,27206.0
-58640.0,27260.0
-58608.0,27188.0
-58508.0,27118.0
-58180.0,26830.0
-57944.0,26862.0
-57984.0,26756.0
-57984.0,26380.0
-58864.0,26678.0
-58564.0,26804.0
-58708.0,26874.0
-58704.0,26812.0
-59128.0,27076.0
-59144.0,27228.0
-58812.0,27240.0
-58700.0,26942.0
-58808.0,26930.0
-58604.0,27040.0
-58856.0,26870.0
-58108.0,26656.0
-58084.0,26878.0
-58416.0,26778.0
-57820.0,26628.0
-58008.0,26652.0
-58100.0,26558.0
-57904.0,26234.0
-57756.0,26098.0
-58048.0,26010.0
-57852.0,25916.0
-58152.0,26024.0
-58052.0,25854.0
-57808.0,26020.0
-58140.0,25956.0
-58320.0,26376.0
-58020.0,26250.0
-57992.0,26276.0
-57568.0,26082.0
-57896.0,26126.0
-57644.0,26102.0
-57540.0,26062.0
-57096.0,25900.0
-57336.0,25932.0
-57876.0,26466.0
-57988.0,26684.0
-58116.0,26682.0
-57616.0,26362.0
-57740.0,26274.0
-57236.0,25994.0
-57412.0,25950.0
-57184.0,25874.0
-57228.0,26052.0
-57204.0,25902.0
-57312.0,25688.0
-57392.0,25948.0
-57308.0,26002.0
-57920.0,26090.0
-57964.0,26156.0
-57764.0,25928.0
-57716.0,26122.0
-57436.0,26158.0
-57576.0,26452.0
-57532.0,26292.0
-57080.0,26174.0
-57472.0,26502.0
-57884.0,26628.0
-57888.0,26644.0
-57016.0,26232.0
-57388.0,26292.0
-57272.0,26262.0
-57364.0,26172.0
-57468.0,26230.0
-57620.0,26470.0
-57652.0,26196.0
-57580.0,26082.0
-57024.0,25832.0
-57604.0,26090.0
-58176.0,26320.0
-57520.0,26174.0
-57780.0,26170.0
-57792.0,25868.0
-57368.0,25788.0
-57172.0,25680.0
-58040.0,25896.0
-57616.0,25844.0
-57572.0,25772.0
-57884.0,25808.0
-57664.0,25604.0
-57504.0,25572.0
-57360.0,25672.0
-57720.0,25704.0
-58164.0,25874.0
-57416.0,25700.0
-57668.0,25930.0
-57240.0,25714.0
-57100.0,25868.0
-57416.0,26148.0
-57468.0,26252.0
-57176.0,26092.0
-57428.0,26316.0
-57472.0,26224.0
-57452.0,26338.0
-57604.0,26304.0
-57344.0,26138.0
-57232.0,26226.0
-57752.0,26552.0
-57344.0,26304.0
-57484.0,26414.0
-57532.0,26554.0
-57996.0,26850.0
-58132.0,27092.0
-58420.0,27432.0
-58048.0,27342.0
-57848.0,27180.0
-58280.0,27340.0
-58204.0,27452.0
-57552.0,27012.0
-57004.0,26802.0
-57592.0,27092.0
-57864.0,27132.0
-57800.0,26940.0
-57692.0,26934.0
-57544.0,26926.0
-57764.0,26990.0
-57928.0,27150.0
-58508.0,27310.0
-58596.0,27268.0
-58424.0,27248.0
-57996.0,27144.0
-58300.0,27296.0
-58064.0,27008.0
-57780.0,26728.0
-57496.0,26858.0
-57468.0,26922.0
-57084.0,26676.0
-57436.0,26724.0
-57368.0,26744.0
-57372.0,26630.0
-57244.0,26428.0
-57224.0,26308.0
-57348.0,26494.0
-57492.0,26424.0
-57440.0,26360.0
-57724.0,26620.0
-57884.0,26776.0
-57332.0,26596.0
-57368.0,26572.0
-57448.0,26500.0
-57408.0,26264.0
-56932.0,25972.0
-56916.0,25974.0
-56584.0,25882.0
-56168.0,25674.0
-56648.0,25900.0
-57088.0,26038.0
-57356.0,25968.0
-56920.0,25820.0
-56656.0,25834.0
-57452.0,25686.0
-57552.0,25978.0
-57472.0,25962.0
-57544.0,26146.0
-57532.0,26104.0
-58096.0,26354.0
-57928.0,26340.0
-57916.0,26158.0
-58140.0,26238.0
-57788.0,26414.0
-57840.0,26446.0
-57680.0,26300.0
-57696.0,26288.0
-57720.0,26282.0
-57932.0,26338.0
-57956.0,26192.0
-57592.0,26026.0
-57180.0,26150.0
-57192.0,25986.0
-57100.0,25890.0
-57428.0,25936.0
-57612.0,26264.0
-57592.0,26282.0
-57496.0,26234.0
-57992.0,26560.0
-58080.0,26552.0
-58068.0,26600.0
-58468.0,27076.0
-58440.0,27078.0
-58068.0,26934.0
-57828.0,26876.0
-57472.0,26622.0
-57392.0,26642.0
-57796.0,26822.0
-57860.0,26786.0
-58420.0,27022.0
-58088.0,27030.0
-58600.0,27430.0
-58540.0,27684.0
-58712.0,27726.0
-58440.0,27762.0
-58864.0,27862.0
-58948.0,28206.0
-58772.0,28058.0
-58532.0,27802.0
-58824.0,27858.0
-58568.0,27612.0
-58792.0,27846.0
-58208.0,27762.0
-58172.0,27564.0
-58072.0,27466.0
-57848.0,27384.0
-58180.0,27502.0
-57552.0,27226.0
-58160.0,27550.0
-58416.0,27452.0
-58240.0,27376.0
-58032.0,26974.0
-57500.0,26762.0
-57256.0,26766.0
-57260.0,26688.0
-56940.0,26424.0
-56892.0,26438.0
-56924.0,26360.0
-57052.0,26274.0
-57236.0,26458.0
-57672.0,26320.0
-57844.0,26564.0
-57240.0,26434.0
-57928.0,26692.0
-57948.0,26820.0
-58220.0,26872.0
-58368.0,26952.0
-57932.0,26714.0
-57712.0,26820.0
-57328.0,26658.0
-57680.0,26560.0
-57572.0,26322.0
-57272.0,26340.0
-57352.0,26306.0
-57604.0,26716.0
-58032.0,26636.0
-58176.0,26738.0
-58196.0,26908.0
-58556.0,27060.0
-57960.0,26982.0
-57984.0,27052.0
-58676.0,27386.0
-58456.0,27034.0
-58172.0,26830.0
-57684.0,26662.0
-57680.0,26476.0
-58016.0,26634.0
-57560.0,26618.0
-57712.0,26720.0
-57480.0,26634.0
-57872.0,26646.0
-58460.0,27052.0
-58440.0,26972.0
-58212.0,26902.0
-58252.0,26822.0
-58520.0,26814.0
-58004.0,26620.0
-57392.0,26400.0
-57516.0,26584.0
-57504.0,26424.0
-57908.0,26814.0
-58304.0,26932.0
-58260.0,27092.0
-57608.0,26950.0
-57444.0,26656.0
-57508.0,26676.0
-57536.0,26680.0
-57544.0,26718.0
-58008.0,26956.0
-58404.0,27040.0
-57716.0,26810.0
-57924.0,26904.0
-58012.0,26894.0
-58444.0,26990.0
-58088.0,26788.0
-57880.0,26766.0
-57948.0,26742.0
-58028.0,27028.0
-57880.0,26906.0
-58268.0,27022.0
-58172.0,27190.0
-58136.0,27070.0
-58312.0,26998.0
-58840.0,27080.0
-58172.0,27020.0
-57952.0,26896.0
-57856.0,26816.0
-57936.0,26874.0
-57488.0,26528.0
-57624.0,26536.0
-56444.0,26132.0
-57048.0,26400.0
-56884.0,26552.0
-57228.0,26494.0
-57916.0,26914.0
-57876.0,26926.0
-58180.0,27162.0
-57880.0,26914.0
-57716.0,26914.0
-57896.0,26856.0
-57816.0,27134.0
-57616.0,27024.0
-57876.0,27060.0
-57772.0,26950.0
-58104.0,26910.0
-57812.0,26918.0
-58100.0,27094.0
-57816.0,27072.0
-58088.0,27136.0
-58080.0,27346.0
-58020.0,27452.0
-58504.0,27584.0
-58624.0,27628.0
-58348.0,27486.0
-58552.0,27694.0
-58128.0,27568.0
-58124.0,27524.0
-57992.0,27404.0
-58264.0,27542.0
-58192.0,27590.0
-58188.0,27644.0
-58416.0,27580.0
-58364.0,27448.0
-58212.0,27380.0
-57888.0,27114.0
-58068.0,27040.0
-57352.0,26798.0
-57232.0,26490.0
-57568.0,26604.0
-57640.0,26472.0
-57524.0,26594.0
-57756.0,26628.0
-57656.0,26606.0
-58212.0,26886.0
-58000.0,26950.0
-57916.0,26904.0
-57876.0,26778.0
-58328.0,26978.0
-58748.0,27168.0
-58624.0,27208.0
-58492.0,27224.0
-58396.0,27160.0
-58252.0,27084.0
-58080.0,26998.0
-57976.0,26872.0
-58132.0,27082.0
-58376.0,27152.0
-57992.0,27156.0
-58060.0,27038.0
-57928.0,27200.0
-58268.0,27436.0
-58148.0,27446.0
-58092.0,27408.0
-58132.0,27416.0
-57616.0,27270.0
-57792.0,27232.0
-58124.0,27182.0
-58688.0,27420.0
-58488.0,27436.0
-58872.0,27644.0
-59024.0,27708.0
-58996.0,27712.0
-58776.0,27656.0
-58384.0,27940.0
-58608.0,27810.0
-57980.0,27726.0
-58328.0,27628.0
-57920.0,27684.0
-57920.0,27576.0
-58244.0,27630.0
-58344.0,27640.0
-58172.0,27800.0
-58472.0,28054.0
-58396.0,28044.0
-57996.0,27808.0
-58028.0,27822.0
-58320.0,27926.0
-57496.0,27722.0
-57964.0,27766.0
-58108.0,27996.0
-58516.0,28082.0
-58476.0,28258.0
-58340.0,28172.0
-58552.0,28148.0
-58456.0,28234.0
-58236.0,27836.0
-58260.0,27728.0
-58496.0,27876.0
-58456.0,27916.0
-58552.0,27978.0
-58452.0,28058.0
-58696.0,28222.0
-58656.0,28244.0
-58856.0,28180.0
-58520.0,27910.0
-58644.0,28002.0
-58216.0,27958.0
-58536.0,27988.0
-58760.0,28064.0
-58084.0,27806.0
-58192.0,27822.0
-58144.0,27732.0
-57888.0,27564.0
-57680.0,27362.0
-58112.0,27514.0
-58084.0,27316.0
-57968.0,27268.0
-58184.0,27352.0
-58116.0,27466.0
-57992.0,27378.0
-57832.0,27340.0
-57856.0,27462.0
-57580.0,27412.0
-57696.0,27384.0
-58144.0,27662.0
-58196.0,27786.0
-58044.0,27752.0
-58768.0,27878.0
-57748.0,27508.0
-57716.0,27506.0
-57908.0,27690.0
-57996.0,27952.0
-57712.0,27660.0
-58700.0,28040.0
-58820.0,28082.0
-58280.0,28050.0
-58800.0,27998.0
-58764.0,28164.0
-58608.0,28270.0
-58940.0,28318.0
-58980.0,28132.0
-58536.0,28152.0
-58380.0,27910.0
-58168.0,27796.0
-58232.0,27898.0
-57736.0,27840.0
-57964.0,27704.0
-58296.0,27692.0
-58652.0,27716.0
-58384.0,27596.0
-58836.0,27782.0
-58396.0,27710.0
-58820.0,27782.0
-58476.0,27546.0
-58052.0,27536.0
-58268.0,27418.0
-58160.0,27374.0
-58484.0,27548.0
-58444.0,27594.0
-58228.0,27828.0
-58008.0,27672.0
-58256.0,27874.0
-58216.0,27966.0
-58272.0,27884.0
-58288.0,28174.0
-59060.0,28508.0
-58476.0,28382.0
-58616.0,28582.0
-58532.0,28528.0
-58592.0,28454.0
-59020.0,28532.0
-58616.0,28582.0
-58432.0,28350.0
-58420.0,28250.0
-58228.0,28280.0
-57984.0,28094.0
-58064.0,28008.0
-58176.0,28066.0
-58400.0,28206.0
-58396.0,28118.0
-57876.0,27682.0
-57476.0,27708.0
-57572.0,27720.0
-58140.0,28002.0
-57904.0,27918.0
-58336.0,27908.0
-58816.0,28074.0
-58764.0,28194.0
-58440.0,28216.0
-58348.0,28206.0
-58600.0,28380.0
-58464.0,28338.0
-58600.0,28398.0
-58832.0,28448.0
-58592.0,28452.0
-58740.0,28676.0
-58856.0,28768.0
-58468.0,28504.0
-58768.0,28388.0
-58168.0,28236.0
-57736.0,28058.0
-57980.0,28116.0
-57840.0,27994.0
-57700.0,27940.0
-58112.0,28170.0
-58900.0,28580.0
-58704.0,28182.0
-58372.0,28214.0
-58344.0,28028.0
-58060.0,27986.0
-58316.0,28050.0
-58204.0,28016.0
-58280.0,28062.0
-58580.0,27952.0
-58568.0,27952.0
-57920.0,27800.0
-57920.0,27820.0
-58372.0,27826.0
-57916.0,27794.0
-57704.0,27716.0
-58080.0,27906.0
-57784.0,27704.0
-58368.0,27854.0
-58324.0,27680.0
-58304.0,27678.0
-57924.0,27642.0
-57960.0,27520.0
-57756.0,27656.0
-57880.0,27818.0
-58308.0,27882.0
-58968.0,28252.0
-58832.0,28246.0
-58724.0,28122.0
-58808.0,28118.0
-59040.0,28262.0
-58680.0,28042.0
-57964.0,27756.0
-57732.0,27704.0
-57656.0,27632.0
-58216.0,27546.0
-58560.0,27632.0
-58248.0,27548.0
-58060.0,27398.0
-58276.0,27434.0
-58232.0,27380.0
-58336.0,27470.0
-57932.0,27496.0
-58644.0,27434.0
-57784.0,27120.0
-57480.0,26878.0
-58052.0,26932.0
-57516.0,26604.0
-57636.0,26588.0
-57704.0,26486.0
-57448.0,26350.0
-57340.0,26510.0
-57248.0,26574.0
-57556.0,26864.0
-57992.0,27220.0
-57516.0,27038.0
-58404.0,27134.0
-58376.0,27266.0
-57732.0,27004.0
-57312.0,26818.0
-56860.0,26930.0
-57200.0,27050.0
-57932.0,27130.0
-57456.0,26914.0
-57260.0,26806.0
-57244.0,26542.0
-56960.0,26468.0
-57384.0,26606.0
-57836.0,26858.0
-57944.0,26964.0
-57696.0,26708.0
-57620.0,26802.0
-57900.0,27006.0
-57704.0,26828.0
-57784.0,27008.0
-58556.0,26978.0
-58372.0,26894.0
-58648.0,27044.0
-58312.0,26794.0
-58212.0,26536.0
-57380.0,26208.0
-57624.0,26212.0
-57896.0,26156.0
-57568.0,26146.0
-57488.0,25994.0
-57692.0,26152.0
-58096.0,26236.0
-57976.0,26244.0
-57988.0,26086.0
-57688.0,26190.0
-57772.0,26290.0
-57708.0,26130.0
-57784.0,26248.0
-57552.0,26070.0
-57276.0,25792.0
-57380.0,25788.0
-57480.0,25770.0
-57904.0,26032.0
-58000.0,26010.0
-58080.0,26024.0
-58392.0,25988.0
-57440.0,25518.0
-57128.0,25496.0
-57516.0,25778.0
-57656.0,25886.0
-57388.0,25978.0
-57880.0,25902.0
-58108.0,26066.0
-57988.0,26460.0
-58412.0,26344.0
-58312.0,26422.0
-58272.0,26360.0
-58556.0,26456.0
-58452.0,26384.0
-58104.0,26262.0
-58248.0,26092.0
-57924.0,26062.0
-58132.0,26184.0
-58116.0,26048.0
-58336.0,26282.0
-58388.0,26328.0
-58456.0,26312.0
-58212.0,26268.0
-58180.0,26182.0
-57720.0,26102.0
-57928.0,25990.0
-57672.0,25906.0
-57968.0,25934.0
-58132.0,26234.0
-58196.0,26134.0
-57764.0,26064.0
-57680.0,25924.0
-57784.0,25956.0
-57588.0,26152.0
-57652.0,26260.0
-57688.0,26316.0
-57652.0,26180.0
-58076.0,26286.0
-58132.0,26294.0
-57992.0,26350.0
-58644.0,26690.0
-58084.0,26420.0
-57684.0,26266.0
-57512.0,26158.0
-57664.0,26182.0
-57888.0,26182.0
-58396.0,26168.0
-58304.0,25806.0
-57892.0,25882.0
-58260.0,25930.0
-58192.0,25952.0
-57212.0,25614.0
-57880.0,25950.0
-58036.0,25970.0
-57704.0,26044.0
-58080.0,26334.0
-57744.0,26290.0
-57404.0,26258.0
-57672.0,26192.0
-57268.0,26264.0
-57344.0,26294.0
-57908.0,26362.0
-57580.0,26360.0
-57724.0,26480.0
-57200.0,26544.0
-57448.0,26532.0
-57508.0,26498.0
-58000.0,26672.0
-58312.0,27040.0
-58424.0,27026.0
-58208.0,27070.0
-58152.0,27070.0
-58128.0,27298.0
-58248.0,27386.0
-58200.0,27326.0
-58460.0,27408.0
-57976.0,27348.0
-57984.0,27310.0
-58032.0,27392.0
-58412.0,27488.0
-58240.0,27556.0
-58448.0,27526.0
-58532.0,27542.0
-58080.0,27274.0
-58404.0,27276.0
-58248.0,27156.0
-58692.0,27196.0
-58732.0,27184.0
-58220.0,26870.0
-58680.0,27022.0
-58640.0,26938.0
-58800.0,26920.0
-58408.0,26754.0
-58420.0,26596.0
-58892.0,26764.0
-58520.0,26670.0
-58656.0,26858.0
-58612.0,26818.0
-58316.0,26646.0
-58500.0,26824.0
-58448.0,26834.0
-58064.0,26788.0
-57952.0,27122.0
-58192.0,27180.0
-58400.0,27174.0
-58068.0,27054.0
-57836.0,26798.0
-57444.0,26674.0
-57444.0,26816.0
-57912.0,26910.0
-57912.0,26726.0
-57836.0,26638.0
-58052.0,26754.0
-57856.0,26874.0
-57836.0,26898.0
-58288.0,27332.0
-58036.0,27176.0
-57856.0,27040.0
-57976.0,26932.0
-58180.0,27018.0
-57808.0,27052.0
-57992.0,27116.0
-58160.0,26822.0
-58012.0,26982.0
-57840.0,27010.0
-57868.0,26974.0
-58016.0,27162.0
-57956.0,27428.0
-57972.0,27282.0
-57568.0,26866.0
-58192.0,27014.0
-58032.0,27040.0
-58296.0,27124.0
-58636.0,27224.0
-58840.0,27504.0
-58756.0,27468.0
-58600.0,27496.0
-58924.0,27566.0
-58732.0,27778.0
-58760.0,27722.0
-59032.0,27662.0
-58248.0,27306.0
-58404.0,27296.0
-58168.0,27232.0
-57580.0,27052.0
-57504.0,27114.0
-57600.0,27236.0
-58024.0,27340.0
-57860.0,27074.0
-58088.0,27060.0
-58324.0,27200.0
-58340.0,27164.0
-58360.0,27282.0
-58668.0,27360.0
-58852.0,27330.0
-58540.0,27222.0
-58440.0,27120.0
-58368.0,27054.0
-58180.0,26852.0
-58216.0,26778.0
-58292.0,26736.0
-57984.0,26488.0
-57656.0,26108.0
-57568.0,26184.0
-57396.0,26056.0
-56580.0,25696.0
-57244.0,25896.0
-56540.0,25934.0
-57124.0,26208.0
-57180.0,26042.0
-57120.0,26116.0
-57280.0,26398.0
-57444.0,26438.0
-57308.0,26522.0
-56888.0,26228.0
-57712.0,26300.0
-57704.0,26428.0
-57404.0,26400.0
-57804.0,26454.0
-57128.0,26228.0
-57036.0,26004.0
-57144.0,26016.0
-57388.0,25994.0
-57044.0,26098.0
-57492.0,26282.0
-57224.0,26156.0
-57556.0,26048.0
-57728.0,26100.0
-57640.0,26240.0
-57764.0,26138.0
-58196.0,26486.0
-58196.0,26404.0
-57992.0,26322.0
-58184.0,26510.0
-58156.0,26564.0
-57492.0,26484.0
-57740.0,26738.0
-57884.0,26814.0
-57328.0,26476.0
-57628.0,26524.0
-57788.0,26644.0
-57900.0,26744.0
-57820.0,27086.0
-58160.0,27008.0
-57828.0,27024.0
-58064.0,27226.0
-58280.0,27116.0
-57768.0,26934.0
-57512.0,26812.0
-57432.0,26926.0
-57868.0,27220.0
-57516.0,27402.0
-57556.0,27618.0
-57284.0,27492.0
-57684.0,27612.0
-57544.0,27312.0
-57540.0,27304.0
-57988.0,27356.0
-58340.0,27254.0
-57820.0,27248.0
-57752.0,27256.0
-57912.0,27274.0
-58164.0,27144.0
-58912.0,27550.0
-58588.0,27486.0
-58636.0,27300.0
-58668.0,27356.0
-58228.0,27242.0
-58316.0,27384.0
-57896.0,27138.0
-58076.0,27136.0
-58152.0,26980.0
-58620.0,27152.0
-58480.0,27330.0
-58372.0,27282.0
-58728.0,27326.0
-58188.0,26876.0
-57576.0,26532.0
-57980.0,26700.0
-58092.0,26694.0
-58412.0,26736.0
-58196.0,26584.0
-58252.0,26484.0
-58004.0,26330.0
-57556.0,26022.0
-57400.0,25870.0
-57480.0,26040.0
-57392.0,25968.0
-57500.0,25830.0
-57404.0,25722.0
-57012.0,25810.0
-57716.0,25950.0
-57372.0,25858.0
-57800.0,26054.0
-57680.0,25828.0
-57520.0,25570.0
-57660.0,25554.0
-57280.0,25446.0
-56932.0,25316.0
-56992.0,24946.0
-57140.0,24880.0
-57096.0,24848.0
-57284.0,24860.0
-57164.0,24904.0
-57132.0,24778.0
-57188.0,24874.0
-57088.0,24930.0
-57464.0,25062.0
-57504.0,25280.0
-57320.0,25126.0
-57308.0,24950.0
-57256.0,24974.0
-57012.0,24910.0
-56952.0,24814.0
-56704.0,24976.0
-57416.0,25234.0
-57648.0,25320.0
-58104.0,25462.0
-58096.0,25470.0
-57568.0,25364.0
-57488.0,25486.0
-57448.0,25416.0
-57164.0,25264.0
-57788.0,25346.0
-57952.0,25234.0
-57612.0,25186.0
-57208.0,24960.0
-57412.0,25016.0
-57056.0,25022.0
-57020.0,24984.0
-57316.0,25214.0
-57380.0,25040.0
-57860.0,25330.0
-57664.0,25468.0
-57504.0,25228.0
-57476.0,25314.0
-57920.0,25436.0
-57812.0,25346.0
-57804.0,25258.0
-57496.0,25016.0
-57624.0,25092.0
-57776.0,25192.0
-57836.0,25174.0
-57836.0,24838.0
-57892.0,24708.0
-57584.0,24852.0
-57424.0,24782.0
-57384.0,24798.0
-56948.0,24620.0
-57192.0,24472.0
-57788.0,24710.0
-57792.0,24802.0
-58148.0,25196.0
-58668.0,25354.0
-58568.0,25338.0
-58616.0,25436.0
-58364.0,25402.0
-58900.0,25486.0
-58140.0,25272.0
-58092.0,25100.0
-57996.0,25162.0
-57680.0,24788.0
-57648.0,24698.0
-57164.0,24450.0
-57308.0,24804.0
-57512.0,24810.0
-57416.0,24866.0
-57528.0,24942.0
-57148.0,24722.0
-57268.0,24872.0
-56740.0,24672.0
-57016.0,24692.0
-57456.0,24862.0
-57136.0,24676.0
-57428.0,24804.0
-57428.0,24576.0
-57504.0,24540.0
-57872.0,24438.0
-57616.0,24340.0
-57312.0,24272.0
-57668.0,24264.0
-57248.0,24078.0
-57704.0,24284.0
-57468.0,24298.0
-57584.0,24522.0
-58352.0,24520.0
-57760.0,24520.0
-57236.0,24482.0
-57720.0,24570.0
-57884.0,24830.0
-57952.0,24856.0
-57540.0,24688.0
-57228.0,24676.0
-57792.0,24668.0
-57808.0,24782.0
-57488.0,24620.0
-57728.0,24410.0
-57684.0,24268.0
-57384.0,24190.0
-57452.0,24458.0
-57048.0,24270.0
-57428.0,24236.0
-57648.0,24242.0
-57820.0,24228.0
-57796.0,24254.0
-57488.0,24138.0
-57556.0,24222.0
-57648.0,24110.0
-57956.0,24258.0
-57928.0,24244.0
-57668.0,24224.0
-57684.0,24350.0
-58476.0,24518.0
-57836.0,24358.0
-57800.0,24214.0
-57620.0,24334.0
-57860.0,24422.0
-57804.0,24206.0
-57788.0,24138.0
-57860.0,24034.0
-58020.0,24216.0
-57848.0,24082.0
-58200.0,24290.0
-58328.0,24368.0
-57792.0,24032.0
-57380.0,23888.0
-56968.0,23686.0
-56964.0,23742.0
-56884.0,23792.0
-57148.0,23880.0
-57992.0,24216.0
-58132.0,24564.0
-57888.0,24506.0
-57476.0,24476.0
-57636.0,24418.0
-57748.0,24746.0
-57784.0,24884.0
-57528.0,24920.0
-57864.0,25076.0
-58000.0,25132.0
-57932.0,24984.0
-57284.0,24702.0
-56992.0,24460.0
-57284.0,24700.0
-57608.0,24946.0
-58092.0,25282.0
-58608.0,25400.0
-58816.0,25494.0
-58368.0,25570.0
-58680.0,25686.0
-58472.0,25440.0
-58648.0,25640.0
-58688.0,25440.0
-58908.0,25568.0
-58416.0,25630.0
-58864.0,25802.0
-59220.0,26226.0
-58808.0,26164.0
-58576.0,25966.0
-58568.0,25828.0
-58060.0,25702.0
-57604.0,25744.0
-58000.0,25964.0
-57984.0,26040.0
-58000.0,25862.0
-58016.0,25936.0
-58008.0,25868.0
-58456.0,26218.0
-57868.0,25906.0
-57860.0,25620.0
-57968.0,25652.0
-57764.0,25590.0
-58160.0,25710.0
-58428.0,25958.0
-58392.0,25908.0
-58732.0,26080.0
-57708.0,25622.0
-58008.0,25574.0
-57352.0,25172.0
-58288.0,25538.0
-58116.0,25374.0
-57992.0,25124.0
-58080.0,25302.0
-58392.0,25286.0
-58076.0,25180.0
-57596.0,25188.0
-58148.0,25458.0
-57840.0,25470.0
-57428.0,25304.0
-58012.0,25664.0
-57864.0,25418.0
-57764.0,25318.0
-57592.0,25368.0
-58080.0,25518.0
-58488.0,25682.0
-57872.0,25608.0
-58156.0,25468.0
-57920.0,25504.0
-58008.0,25604.0
-57860.0,25520.0
-57344.0,25258.0
-57244.0,24916.0
-57136.0,24824.0
-57712.0,25144.0
-57428.0,25106.0
-57620.0,25224.0
-57616.0,25164.0
-56908.0,24854.0
-57384.0,24932.0
-57800.0,25142.0
-57612.0,25226.0
-58444.0,25384.0
-58652.0,25478.0
-58696.0,25514.0
-58400.0,25506.0
-58304.0,25554.0
-57796.0,25596.0
-57644.0,25452.0
-57484.0,25296.0
-57720.0,25140.0
-57328.0,25018.0
-57540.0,25298.0
-57788.0,25406.0
-57564.0,25396.0
-57784.0,25434.0
-58028.0,25434.0
-57960.0,25646.0
-58132.0,25530.0
-57696.0,25194.0
-58016.0,25010.0
-57824.0,25024.0
-57908.0,25296.0
-57956.0,25480.0
-57416.0,25244.0
-57756.0,25298.0
-58204.0,25438.0
-58324.0,25560.0
-57844.0,25316.0
-57972.0,25316.0
-58004.0,25282.0
-57880.0,25158.0
-57616.0,25012.0
-57304.0,25098.0
-57108.0,25174.0
-57396.0,25324.0
-57968.0,25568.0
-58088.0,25528.0
-58488.0,25660.0
-58176.0,25564.0
-58116.0,25692.0
-57952.0,25396.0
-58052.0,25672.0
-58076.0,25492.0
-57704.0,25398.0
-57316.0,25150.0
-57108.0,25180.0
-57312.0,25206.0
-57292.0,24978.0
-57116.0,24660.0
-57152.0,24708.0
-57232.0,24798.0
-56988.0,24946.0
-57052.0,24794.0
-57264.0,24910.0
-57600.0,24766.0
-57620.0,24790.0
-57312.0,24788.0
-57280.0,24712.0
-57384.0,24814.0
-57524.0,25076.0
-57944.0,25152.0
-57396.0,25092.0
-57720.0,25254.0
-57788.0,25386.0
-58008.0,25372.0
-57576.0,24998.0
-57364.0,24754.0
-57364.0,24928.0
-57444.0,24738.0
-57056.0,24636.0
-57336.0,24552.0
-57276.0,24480.0
-57628.0,24622.0
-57928.0,24864.0
-58284.0,24612.0
-58268.0,24436.0
-57664.0,24272.0
-57844.0,24360.0
-58136.0,24258.0
-57916.0,24278.0
-57516.0,24212.0
-57664.0,24084.0
-56956.0,24036.0
-57020.0,23892.0
-57052.0,23838.0
-57132.0,23992.0
-57420.0,24000.0
-57256.0,23872.0
-57348.0,23900.0
-57692.0,24092.0
-57580.0,24256.0
-57480.0,24114.0
-57816.0,24294.0
-57724.0,24300.0
-58024.0,24694.0
-58192.0,24710.0
-57776.0,24436.0
-57476.0,24352.0
-57920.0,24544.0
-58152.0,24572.0
-58044.0,24348.0
-57648.0,24392.0
-58060.0,24418.0
-57552.0,24330.0
-57588.0,24218.0
-58072.0,24352.0
-58172.0,24412.0
-57756.0,24448.0
-57568.0,24356.0
-57572.0,24420.0
-57776.0,24294.0
-57488.0,24024.0
-57696.0,24094.0
-57804.0,24228.0
-57780.0,24134.0
-57912.0,24162.0
-57432.0,24196.0
-57952.0,24304.0
-57832.0,24220.0
-57648.0,24268.0
-57300.0,24140.0
-56668.0,23756.0
-56996.0,23788.0
-56696.0,23734.0
-57020.0,23812.0
-57012.0,24008.0
-57268.0,24118.0
-57500.0,24102.0
-57588.0,24040.0
-57644.0,24274.0
-57632.0,24372.0
-57296.0,24152.0
-57060.0,23982.0
-57192.0,23978.0
-57300.0,24128.0
-57084.0,24172.0
-57492.0,24540.0
-58196.0,24848.0
-57420.0,24662.0
-58104.0,24794.0
-58024.0,25020.0
-57816.0,24948.0
-57652.0,24892.0
-57320.0,24612.0
-57176.0,24624.0
-58128.0,24816.0
-58612.0,24976.0
-58420.0,25080.0
-58204.0,24968.0
-58112.0,24830.0
-57712.0,24662.0
-57664.0,24474.0
-57832.0,24742.0
-57776.0,24818.0
-57596.0,24924.0
-57784.0,25070.0
-57608.0,24910.0
-57844.0,24984.0
-57928.0,24806.0
-58092.0,25048.0
-58384.0,25230.0
-58660.0,25310.0
-58380.0,25184.0
-58132.0,25106.0
-57416.0,24794.0
-57540.0,24846.0
-57148.0,24536.0
-57156.0,24526.0
-57352.0,24728.0
-57220.0,24494.0
-57396.0,24582.0
-57460.0,24668.0
-57200.0,24648.0
-57220.0,24604.0
-57468.0,24680.0
-57516.0,24598.0
-57992.0,24620.0
-57896.0,24552.0
-57976.0,24700.0
-57692.0,24860.0
-58204.0,25128.0
-58224.0,25042.0
-57916.0,25268.0
-58428.0,25436.0
-57972.0,25392.0
-58556.0,25632.0
-57716.0,25492.0
-57932.0,25478.0
-58196.0,25608.0
-58980.0,26118.0
-58616.0,26002.0
-58092.0,25834.0
-58048.0,25578.0
-58024.0,25636.0
-58464.0,25692.0
-58692.0,25736.0
-58292.0,25730.0
-58160.0,25768.0
-58220.0,25660.0
-58556.0,25708.0
-58888.0,25872.0
-58228.0,25750.0
-58228.0,25770.0
-58312.0,25770.0
-58148.0,25746.0
-58200.0,25832.0
-58232.0,25840.0
-58044.0,25780.0
-58400.0,25880.0
-58048.0,25746.0
-57996.0,25652.0
-58104.0,25562.0
-57388.0,25272.0
-56996.0,24908.0
-57012.0,24778.0
-56980.0,24720.0
-57008.0,24446.0
-57300.0,24294.0
-57128.0,24292.0
-56928.0,24196.0
-57224.0,24258.0
-56980.0,24274.0
-56744.0,24368.0
-57080.0,24608.0
-56680.0,24478.0
-56812.0,24492.0
-57256.0,24526.0
-57172.0,24384.0
-57476.0,24418.0
-57056.0,24312.0
-57304.0,24046.0
-57384.0,24326.0
-57700.0,24388.0
-57788.0,23986.0
-57172.0,23810.0
-57216.0,23746.0
-57416.0,23936.0
-57476.0,23862.0
-57784.0,24080.0
-57784.0,24124.0
-57640.0,24126.0
-57664.0,24402.0
-57544.0,24056.0
-57212.0,23928.0
-57004.0,23834.0
-57072.0,24030.0
-57292.0,24312.0
-57396.0,24482.0
-57604.0,24338.0
-56804.0,23904.0
-56552.0,23812.0
-56960.0,24232.0
-56884.0,24246.0
-57324.0,24016.0
-57660.0,24166.0
-56956.0,24166.0
-57132.0,24352.0
-57392.0,24146.0
-57520.0,24114.0
-57628.0,24322.0
-57144.0,24284.0
-57216.0,24414.0
-57044.0,23972.0
-56888.0,24084.0
-56712.0,23886.0
-57176.0,23982.0
-56864.0,24114.0
-57148.0,24156.0
-56712.0,23828.0
-56728.0,23912.0
-56672.0,24066.0
-57532.0,24478.0
-57620.0,24516.0
-57548.0,24506.0
-57816.0,24492.0
-57952.0,24476.0
-58148.0,24244.0
-58240.0,24358.0
-57944.0,24352.0
-57308.0,24088.0
-56768.0,23852.0
-56380.0,23708.0
-56980.0,23828.0
-57188.0,24048.0
-57192.0,23928.0
-57176.0,23954.0
-56972.0,23956.0
-56724.0,23800.0
-56912.0,24038.0
-56868.0,23884.0
-56780.0,24022.0
-56592.0,23926.0
-56588.0,23968.0
-56216.0,23842.0
-56116.0,23864.0
-56172.0,24318.0
-55840.0,24208.0
-56440.0,24410.0
-57556.0,24738.0
-57092.0,24598.0
-57188.0,24628.0
-56868.0,24854.0
-56856.0,24948.0
-57096.0,24758.0
-56936.0,24640.0
-56876.0,24622.0
-57028.0,24854.0
-57252.0,25000.0
-56984.0,24842.0
-57256.0,25148.0
-56984.0,25250.0
-56528.0,25402.0
-56772.0,25394.0
-56892.0,25428.0
-57312.0,25490.0
-57284.0,25520.0
-57280.0,25530.0
-57676.0,25728.0
-57476.0,25516.0
-57672.0,25580.0
-57536.0,25532.0
-57432.0,25788.0
-58084.0,26232.0
-58480.0,26342.0
-57900.0,26208.0
-57684.0,26066.0
-57620.0,26076.0
-57804.0,25898.0
-57728.0,26010.0
-57264.0,25944.0
-57792.0,26074.0
-57632.0,26276.0
-57448.0,26162.0
-57560.0,26014.0
-57812.0,25790.0
-57716.0,25822.0
-57828.0,25784.0
-57600.0,25890.0
-57664.0,25840.0
-57736.0,25786.0
-58148.0,25938.0
-57928.0,25690.0
-57560.0,25524.0
-57428.0,25244.0
-57424.0,25304.0
-56868.0,25150.0
-56840.0,24920.0
-56932.0,24756.0
-56644.0,24818.0
-56764.0,24786.0
-56944.0,24802.0
-57260.0,24882.0
-57292.0,25060.0
-57324.0,25112.0
-57572.0,25378.0
-57648.0,25592.0
-57688.0,25512.0
-57352.0,25786.0
-57252.0,25600.0
-57244.0,25860.0
-57172.0,25592.0
-56936.0,25656.0
-56920.0,25664.0
-57512.0,26114.0
-57720.0,26090.0
-58120.0,26216.0
-57536.0,26012.0
-57576.0,25996.0
-57408.0,25958.0
-57280.0,26086.0
-56964.0,26028.0
-56808.0,25990.0
-57124.0,26228.0
-57588.0,26474.0
-57696.0,26628.0
-57992.0,26642.0
-58100.0,26676.0
-57296.0,26368.0
-58192.0,26608.0
-57904.0,26606.0
-57536.0,26438.0
-57716.0,26474.0
-57708.0,26478.0
-57700.0,26504.0
-57896.0,26566.0
-57668.0,26680.0
-57560.0,26614.0
-57396.0,26488.0
-57856.0,26650.0
-57588.0,26444.0
-57524.0,26672.0
-57556.0,26630.0
-57516.0,26736.0
-57280.0,26646.0
-57284.0,26464.0
-57228.0,26602.0
-57512.0,26612.0
-57948.0,26728.0
-58240.0,26888.0
-58200.0,26914.0
-58176.0,27118.0
-58540.0,27214.0
-58348.0,27314.0
-57832.0,27062.0
-57752.0,27270.0
-58052.0,27392.0
-57876.0,27194.0
-57780.0,27110.0
-57724.0,27064.0
-57356.0,26940.0
-58004.0,27160.0
-58644.0,27498.0
-58844.0,27714.0
-58688.0,27302.0
-58772.0,27256.0
-57932.0,26922.0
-58284.0,26942.0
-58140.0,26842.0
-58416.0,27000.0
-58328.0,27016.0
-58228.0,27082.0
-58488.0,27170.0
-58720.0,27312.0
-58552.0,27206.0
-58564.0,27484.0
-58228.0,27212.0
-58128.0,27060.0
-58080.0,27054.0
-57240.0,26768.0
-57264.0,26796.0
-57048.0,26876.0
-57548.0,27032.0
-57276.0,26794.0
-57528.0,26806.0
-57560.0,26898.0
-57684.0,26966.0
-58080.0,27238.0
-57668.0,27098.0
-57464.0,26912.0
-57596.0,26818.0
-57636.0,27080.0
-57904.0,27086.0
-57848.0,27032.0
-58568.0,27050.0
-57708.0,26832.0
-57948.0,26648.0
-57992.0,26764.0
-57832.0,26538.0
-57748.0,26378.0
-57624.0,26358.0
-57548.0,26430.0
-57660.0,26570.0
-58044.0,26624.0
-57656.0,26612.0
-57592.0,26494.0
-57532.0,26694.0
-57324.0,26754.0
-57644.0,26834.0
-57860.0,26790.0
-57580.0,26548.0
-57464.0,26704.0
-57752.0,26688.0
-58012.0,26522.0
-57984.0,26252.0
-57644.0,26282.0
-57732.0,26624.0
-57808.0,26644.0
-57848.0,26632.0
-57140.0,26224.0
-57020.0,25960.0
-57464.0,26248.0
-57824.0,26586.0
-57464.0,26520.0
-57492.0,26502.0
-57972.0,26632.0
-57688.0,26558.0
-58020.0,26918.0
-57984.0,26930.0
-57600.0,26712.0
-57104.0,26340.0
-57272.0,26448.0
-57600.0,26484.0
-57796.0,26460.0
-58296.0,26470.0
-58036.0,26442.0
-57860.0,26522.0
-57740.0,26610.0
-57504.0,26442.0
-57916.0,26622.0
-58096.0,26572.0
-58276.0,26776.0
-58484.0,26804.0
-57956.0,26680.0
-57576.0,26450.0
-57588.0,26570.0
-58036.0,26858.0
-57676.0,26968.0
-58108.0,27102.0
-57544.0,26798.0
-57700.0,26926.0
-58068.0,27092.0
-58072.0,26998.0
-57876.0,27068.0
-58472.0,27238.0
-57944.0,27024.0
-58136.0,27184.0
-58232.0,27014.0
-57928.0,26922.0
-58080.0,26714.0
-57736.0,26708.0
-57692.0,26544.0
-57588.0,26322.0
-57776.0,26522.0
-57840.0,26586.0
-58088.0,26606.0
-58252.0,26824.0
-57964.0,26536.0
-57812.0,26522.0
-58524.0,26858.0
-57664.0,26876.0
-57060.0,26670.0
-57760.0,26974.0
-57376.0,26938.0
-57692.0,26906.0
-57608.0,26908.0
-57332.0,26678.0
-57568.0,26728.0
-57652.0,26796.0
-57672.0,26868.0
-57808.0,26982.0
-58024.0,26850.0
-57636.0,26456.0
-57408.0,26476.0
-57716.0,26576.0
-57944.0,26604.0
-58540.0,27040.0
-58836.0,27022.0
-58164.0,26608.0
-58260.0,26680.0
-57688.0,26726.0
-57896.0,26854.0
-58288.0,27358.0
-58088.0,27436.0
-58488.0,27706.0
-58624.0,27840.0
-58596.0,28016.0
-58520.0,27718.0
-58660.0,27774.0
-58516.0,27804.0
-58316.0,27706.0
-58572.0,28050.0
-58652.0,27872.0
-58524.0,27808.0
-58736.0,27766.0
-58596.0,27598.0
-58328.0,27648.0
-58412.0,27464.0
-58308.0,27404.0
-58516.0,27420.0
-59008.0,27550.0
-58600.0,27432.0
-58508.0,27536.0
-57828.0,27460.0
-57496.0,27472.0
-58060.0,27488.0
-57996.0,27584.0
-58484.0,27686.0
-58100.0,27564.0
-58052.0,27756.0
-58336.0,27592.0
-58768.0,27796.0
-58292.0,27492.0
-58232.0,27666.0
-58388.0,27502.0
-58700.0,27552.0
-58668.0,27524.0
-58808.0,27508.0
-58284.0,27266.0
-58180.0,27114.0
-58224.0,26956.0
-57724.0,26840.0
-57344.0,26650.0
-57936.0,26642.0
-58276.0,26938.0
-58072.0,26954.0
-58280.0,27044.0
-57988.0,26988.0
-57800.0,26886.0
-57796.0,26860.0
-57592.0,26706.0
-58048.0,26382.0
-57800.0,26250.0
-57712.0,26378.0
-58016.0,26442.0
-57940.0,26230.0
-57556.0,26148.0
-57328.0,26102.0
-57484.0,26158.0
-57892.0,26372.0
-57720.0,26474.0
-58076.0,26724.0
-57300.0,26448.0
-57560.0,26302.0
-57736.0,26288.0
-57692.0,26232.0
-58096.0,26180.0
-58096.0,26100.0
-57788.0,26226.0
-57812.0,26270.0
-57548.0,26158.0
-58140.0,26392.0
-57796.0,26346.0
-57552.0,26364.0
-57724.0,26614.0
-58080.0,26880.0
-57680.0,26768.0
-57952.0,26924.0
-57816.0,26830.0
-57528.0,26658.0
-57664.0,26668.0
-58392.0,26816.0
-58316.0,26692.0
-57996.0,26652.0
-57872.0,26388.0
-57696.0,26328.0
-58012.0,26422.0
-57716.0,26324.0
-57604.0,25822.0
-57544.0,25956.0
-57828.0,26112.0
-58236.0,26262.0
-57652.0,26328.0
-57932.0,26504.0
-58052.0,26476.0
-58412.0,26554.0
-58052.0,26572.0
-58108.0,26384.0
-58096.0,26462.0
-58340.0,26352.0
-58260.0,26326.0
-58012.0,26206.0
-58692.0,26610.0
-59048.0,26778.0
-58376.0,26510.0
-57684.0,26512.0
-57516.0,26516.0
-57140.0,26346.0
-57592.0,26500.0
-58000.0,26500.0
-57952.0,26452.0
-57892.0,26326.0
-57564.0,26386.0
-57940.0,26360.0
-57840.0,26324.0
-58328.0,26014.0
-57812.0,25990.0
-57844.0,26118.0
-58208.0,26248.0
-57756.0,26002.0
-57732.0,26070.0
-57860.0,26168.0
-58252.0,26132.0
-58124.0,26042.0
-57584.0,26120.0
-57636.0,26022.0
-57876.0,26122.0
-57612.0,25798.0
-57444.0,25594.0
-57280.0,25448.0
-57548.0,25630.0
-57628.0,25572.0
-57752.0,25562.0
-57620.0,25314.0
-57532.0,24944.0
-57640.0,25220.0
-57852.0,25278.0
-57944.0,25198.0
-57820.0,25238.0
-57852.0,25214.0
-57324.0,25108.0
-57320.0,24922.0
-56624.0,24814.0
-57024.0,24880.0
-57036.0,24946.0
-57180.0,25094.0
-57576.0,25254.0
-57700.0,25276.0
-57556.0,25258.0
-57952.0,25316.0
-56992.0,24906.0
-56872.0,24756.0
-57032.0,24716.0
-56884.0,24758.0
-57124.0,24712.0
-56820.0,24492.0
-56836.0,24658.0
-57388.0,24564.0
-57624.0,24424.0
-57076.0,24130.0
-57408.0,24106.0
-57388.0,24046.0
-57352.0,23954.0
-57940.0,24084.0
-57608.0,23952.0
-57316.0,23738.0
-57188.0,23532.0
-56876.0,23748.0
-57196.0,23684.0
-57152.0,23470.0
-57072.0,23466.0
-56436.0,23150.0
-56764.0,23176.0
-56976.0,23382.0
-56944.0,23658.0
-56396.0,23534.0
-56224.0,23516.0
-56184.0,23518.0
-56304.0,23076.0
-56636.0,23262.0
-56756.0,23258.0
-56692.0,23298.0
-56900.0,23510.0
-56228.0,23258.0
-56364.0,23260.0
-56400.0,23416.0
-56648.0,23440.0
-56940.0,23636.0
-56348.0,23278.0
-56608.0,23338.0
-56476.0,23254.0
-56660.0,23242.0
-56152.0,22852.0
-56744.0,23200.0
-56100.0,23224.0
-56460.0,23326.0
-56772.0,23492.0
-56444.0,23416.0
-56548.0,23500.0
-56780.0,23650.0
-56868.0,23492.0
-56224.0,23472.0
-56496.0,23636.0
-56952.0,23718.0
-56924.0,23824.0
-56944.0,23562.0
-56592.0,23348.0
-57216.0,23574.0
-57200.0,23656.0
-56784.0,23496.0
-56776.0,23554.0
-57204.0,23560.0
-56736.0,23416.0
-56712.0,23494.0
-56296.0,23442.0
-56360.0,23246.0
-56668.0,23380.0
-56760.0,23528.0
-57084.0,23778.0
-57324.0,23852.0
-57104.0,23978.0
-56860.0,23712.0
-56944.0,23696.0
-56784.0,23612.0
-56760.0,23556.0
-56448.0,23668.0
-56352.0,23638.0
-56920.0,23718.0
-56348.0,23390.0
-56388.0,23826.0
-56520.0,23716.0
-56512.0,23770.0
-57308.0,23892.0
-56800.0,23594.0
-57032.0,23592.0
-57124.0,23602.0
-57112.0,23722.0
-57264.0,23672.0
-56792.0,23620.0
-56788.0,23606.0
-57072.0,23732.0
-57252.0,23778.0
-57092.0,23746.0
-57124.0,23842.0
-57080.0,23932.0
-57332.0,24022.0
-57252.0,24222.0
-57384.0,24376.0
-57604.0,24410.0
-57212.0,24484.0
-57448.0,24452.0
-57592.0,24412.0
-57816.0,24566.0
-58192.0,24518.0
-57864.0,24436.0
-58048.0,24340.0
-57828.0,24534.0
-57864.0,24400.0
-57284.0,24118.0
-57460.0,24122.0
-57280.0,24188.0
-57376.0,24078.0
-57480.0,24362.0
-57252.0,24360.0
-56956.0,24392.0
-57252.0,24278.0
-57180.0,24234.0
-56748.0,24084.0
-57068.0,24244.0
-57452.0,24074.0
-57612.0,24348.0
-57208.0,24232.0
-57600.0,24240.0
-57788.0,24324.0
-57560.0,24358.0
-57376.0,24126.0
-57132.0,24058.0
-57456.0,24308.0
-57144.0,24386.0
-56992.0,24532.0
-57320.0,24386.0
-57432.0,24440.0
-57900.0,24428.0
-57496.0,24408.0
-57420.0,24348.0
-57056.0,24104.0
-56416.0,23998.0
-56876.0,23938.0
-56876.0,24024.0
-57252.0,24036.0
-57596.0,24030.0
-57208.0,23936.0
-56780.0,23704.0
-57004.0,23668.0
-56752.0,23584.0
-57320.0,23818.0
-56780.0,23748.0
-56992.0,23798.0
-56920.0,23742.0
-57352.0,23894.0
-57168.0,23836.0
-57628.0,24024.0
-57648.0,24092.0
-57512.0,23944.0
-57516.0,24058.0
-57444.0,23944.0
-57496.0,23886.0
-57772.0,23916.0
-57368.0,23888.0
-57464.0,23784.0
-57340.0,23792.0
-56956.0,23590.0
-56944.0,23546.0
-56692.0,23144.0
-56444.0,23184.0
-57004.0,23272.0
-56692.0,23080.0
-56868.0,23188.0
-56928.0,23670.0
-56440.0,23754.0
-56780.0,23926.0
-56792.0,23916.0
-57348.0,24142.0
-57512.0,24214.0
-57312.0,24352.0
-57188.0,24238.0
-57288.0,23912.0
-57444.0,24214.0
-57116.0,24104.0
-57596.0,24204.0
-57520.0,24154.0
-57508.0,23902.0
-56884.0,24028.0
-57368.0,24202.0
-57008.0,23988.0
-57320.0,24204.0
-57276.0,24262.0
-58000.0,24190.0
-57644.0,24312.0
-57260.0,24008.0
-57360.0,23928.0
-57332.0,24434.0
-57240.0,24312.0
-56772.0,24132.0
-57288.0,24120.0
-57240.0,24260.0
-57168.0,23894.0
-56960.0,23832.0
-57512.0,23822.0
-57516.0,23854.0
-57248.0,23644.0
-57636.0,23588.0
-57508.0,23818.0
-57376.0,23996.0
-56552.0,23576.0
-57220.0,23670.0
-57296.0,23630.0
-56848.0,23404.0
-56968.0,23576.0
-57140.0,23678.0
-57144.0,23858.0
-56804.0,23648.0
-57040.0,23518.0
-56768.0,23520.0
-57224.0,23532.0
-57444.0,23824.0
-57728.0,23794.0
-57240.0,23594.0
-57288.0,23570.0
-57220.0,23616.0
-56864.0,23278.0
-56804.0,23264.0
-56980.0,23220.0
-57192.0,23210.0
-56272.0,22890.0
-56556.0,22992.0
-56644.0,23068.0
-56412.0,22940.0
-56584.0,22812.0
-56752.0,22886.0
-56808.0,22842.0
-56432.0,22728.0
-56624.0,22462.0
-56388.0,22666.0
-56596.0,22290.0
-56604.0,22120.0
-56144.0,21930.0
-55924.0,21996.0
-56304.0,22088.0
-56352.0,22122.0
-56264.0,22286.0
-56648.0,22692.0
-56580.0,22874.0
-56528.0,22836.0
-56768.0,23058.0
-56668.0,22992.0
-56660.0,22820.0
-56964.0,23270.0
-57096.0,23458.0
-57068.0,23676.0
-56700.0,23574.0
-56764.0,23462.0
-56620.0,23544.0
-57100.0,23722.0
-57196.0,23716.0
-57360.0,23744.0
-57492.0,23696.0
-56824.0,23542.0
-56672.0,23488.0
-57208.0,23506.0
-56740.0,23514.0
-56708.0,23682.0
-57340.0,23968.0
-57260.0,23924.0
-57048.0,23838.0
-57344.0,23878.0
-57140.0,23800.0
-56920.0,23748.0
-57156.0,23626.0
-56688.0,23398.0
-56576.0,23310.0
-56468.0,23270.0
-57140.0,23414.0
-57064.0,23554.0
-56924.0,23528.0
-56668.0,23648.0
-56248.0,23778.0
-56032.0,23792.0
-56752.0,23970.0
-56712.0,23880.0
-56988.0,23872.0
-57532.0,24182.0
-57380.0,23972.0
-56836.0,23736.0
-56960.0,23974.0
-57476.0,24070.0
-57244.0,24078.0
-57028.0,24050.0
-57008.0,24262.0
-57004.0,23982.0
-57464.0,24016.0
-57400.0,24108.0
-57160.0,24252.0
-56856.0,23902.0
-56172.0,23614.0
-56368.0,23606.0
-56508.0,23718.0
-56172.0,23572.0
-56712.0,23554.0
-57036.0,23684.0
-57264.0,23610.0
-57104.0,23538.0
-56704.0,23348.0
-56324.0,23532.0
-56456.0,23538.0
-56184.0,23464.0
-56628.0,23812.0
-56424.0,23762.0
-56256.0,23602.0
-56168.0,23966.0
-56008.0,23812.0
-56488.0,23924.0
-56168.0,24060.0
-56288.0,24060.0
-56252.0,24114.0
-56716.0,24138.0
-56988.0,24234.0
-57004.0,24388.0
-56964.0,24336.0
-57552.0,24486.0
-57680.0,24256.0
-57320.0,24080.0
-57404.0,24108.0
-56896.0,23934.0
-57200.0,23904.0
-56788.0,23896.0
-57260.0,23990.0
-57448.0,23954.0
-57512.0,23924.0
-56876.0,23620.0
-56828.0,23572.0
-56812.0,23370.0
-56884.0,23332.0
-56708.0,23128.0
-56796.0,23078.0
-56752.0,23200.0
-57216.0,23408.0
-57464.0,23374.0
-57264.0,23408.0
-57320.0,23458.0
-57472.0,23620.0
-56968.0,23550.0
-57284.0,23732.0
-57048.0,23628.0
-57508.0,23684.0
-57516.0,23580.0
-57636.0,23506.0
-57480.0,23596.0
-57452.0,23538.0
-57544.0,23640.0
-57232.0,23582.0
-57540.0,23534.0
-57740.0,23640.0
-57568.0,23664.0
-57092.0,23738.0
-57208.0,23834.0
-57700.0,23716.0
-57660.0,23708.0
-57768.0,23640.0
-57528.0,23558.0
-57640.0,23636.0
-57444.0,23290.0
-57160.0,23292.0
-56996.0,23306.0
-57232.0,23212.0
-57132.0,23228.0
-57408.0,23356.0
-57284.0,23078.0
-57148.0,22838.0
-56860.0,22650.0
-56816.0,22594.0
-57428.0,22576.0
-57492.0,22666.0
-56904.0,22490.0
-56772.0,22522.0
-56988.0,22496.0
-57276.0,22596.0
-57280.0,22484.0
-56988.0,22630.0
-56908.0,22730.0
-57208.0,22850.0
-57096.0,22890.0
-57412.0,22890.0
-57780.0,22994.0
-57456.0,23104.0
-57272.0,23246.0
-57168.0,23284.0
-57312.0,23480.0
-56720.0,23322.0
-57100.0,23516.0
-57048.0,23338.0
-57284.0,23520.0
-57488.0,23512.0
-57636.0,23554.0
-58056.0,23670.0
-57724.0,23496.0
-57532.0,23420.0
-57680.0,23250.0
-57392.0,23124.0
-57264.0,23156.0
-57068.0,23110.0
-57352.0,22954.0
-57656.0,22998.0
-57232.0,22822.0
-57132.0,22932.0
-56600.0,22754.0
-57312.0,22958.0
-57072.0,22826.0
-56720.0,22830.0
-56624.0,22746.0
-57500.0,23330.0
-57392.0,23142.0
-57508.0,22998.0
-57652.0,23028.0
-57532.0,22932.0
-57568.0,22918.0
-57552.0,22952.0
-57416.0,22798.0
-56964.0,22414.0
-57072.0,22464.0
-57016.0,22308.0
-57424.0,22284.0
-57256.0,22194.0
-57520.0,22406.0
-56996.0,22392.0
-56896.0,22520.0
-57344.0,22576.0
-57520.0,22558.0
-57716.0,22584.0
-57748.0,22660.0
-57560.0,22916.0
-57148.0,22844.0
-57144.0,22936.0
-56828.0,22744.0
-56964.0,22592.0
-56484.0,22450.0
-57116.0,22698.0
-56956.0,22714.0
-57212.0,22724.0
-57252.0,22568.0
-57428.0,22490.0
-57276.0,22298.0
-56920.0,22374.0
-56572.0,22400.0
-56824.0,22760.0
-56844.0,22740.0
-57272.0,22988.0
-56920.0,22890.0
-56716.0,22856.0
-56384.0,22780.0
-57416.0,23076.0
-57140.0,22956.0
-56880.0,22850.0
-56852.0,22988.0
-56448.0,22982.0
-56552.0,22730.0
-56532.0,22982.0
-57244.0,23158.0
-56888.0,23152.0
-57376.0,23216.0
-57040.0,23042.0
-56760.0,22860.0
-57324.0,23052.0
-57064.0,23224.0
-57048.0,23526.0
-57124.0,23456.0
-56856.0,23540.0
-56716.0,23624.0
-56960.0,23776.0
-57516.0,23874.0
-57720.0,23870.0
-57716.0,23860.0
-57780.0,24060.0
-57964.0,24180.0
-57584.0,24098.0
-57740.0,24104.0
-57836.0,24044.0
-57776.0,24120.0
-57340.0,23892.0
-57080.0,23786.0
-57012.0,23708.0
-57040.0,23752.0
-56656.0,23538.0
-56424.0,23322.0
-56488.0,23134.0
-56380.0,23310.0
-56416.0,23292.0
-56700.0,23310.0
-56228.0,23332.0
-56712.0,23462.0
-57248.0,23732.0
-57076.0,23674.0
-56824.0,23726.0
-56892.0,23568.0
-56516.0,23608.0
-57164.0,23710.0
-57112.0,23506.0
-57200.0,23810.0
-57280.0,23892.0
-57108.0,23646.0
-57336.0,23658.0
-57280.0,23690.0
-56956.0,23600.0
-57320.0,23758.0
-57008.0,23956.0
-57420.0,23746.0
-57144.0,23992.0
-57424.0,24110.0
-57408.0,23896.0
-57384.0,23740.0
-57528.0,23678.0
-57388.0,23722.0
-56976.0,23592.0
-57072.0,23734.0
-57108.0,23902.0
-57244.0,24032.0
-57372.0,24106.0
-57108.0,24128.0
-57072.0,24362.0
-56688.0,23962.0
-56756.0,23966.0
-56880.0,24076.0
-57176.0,24252.0
-57144.0,24212.0
-56756.0,24192.0
-56716.0,24180.0
-57236.0,24524.0
-57500.0,24520.0
-57776.0,24584.0
-57768.0,24506.0
-57492.0,24410.0
-56716.0,24156.0
-56924.0,24104.0
-57256.0,24284.0
-56988.0,24396.0
-57368.0,24614.0
-57396.0,24670.0
-57328.0,24856.0
-57256.0,24882.0
-57060.0,24676.0
-57448.0,24618.0
-57632.0,24550.0
-57512.0,24576.0
-57448.0,24570.0
-56760.0,24394.0
-56872.0,24402.0
-56628.0,24270.0
-57244.0,24652.0
-57160.0,24460.0
-56876.0,24538.0
-57028.0,24620.0
-57532.0,24668.0
-57152.0,24496.0
-56540.0,24640.0
-56588.0,24468.0
-56320.0,24454.0
-56292.0,24588.0
-57128.0,24970.0
-57500.0,24832.0
-57152.0,24892.0
-57372.0,25004.0
-57476.0,25330.0
-57668.0,25300.0
-57276.0,25262.0
-57676.0,25142.0
-57792.0,25202.0
-57772.0,24994.0
-57796.0,25080.0
-57520.0,25022.0
-57800.0,25198.0
-57724.0,25468.0
-58084.0,25296.0
-57712.0,25154.0
-57928.0,25116.0
-57704.0,25240.0
-57388.0,24892.0
-57928.0,25150.0
-57592.0,25062.0
-57736.0,25332.0
-57584.0,25546.0
-57776.0,25642.0
-58320.0,25746.0
-58024.0,25714.0
-58404.0,25956.0
-58364.0,26092.0
-58552.0,26146.0
-58016.0,25880.0
-57584.0,25760.0
-58092.0,25834.0
-57720.0,25976.0
-57836.0,26042.0
-57692.0,25736.0
-57484.0,25626.0
-57696.0,25608.0
-57632.0,25462.0
-57828.0,25568.0
-58432.0,25952.0
-58096.0,25886.0
-57936.0,25962.0
-58936.0,26344.0
-58376.0,26062.0
-58072.0,25974.0
-57960.0,25718.0
-57828.0,25828.0
-57644.0,25648.0
-57560.0,25552.0
-57776.0,25760.0
-58352.0,26244.0
-58136.0,26120.0
-57744.0,25986.0
-58020.0,25982.0
-57968.0,25864.0
-57888.0,25768.0
-57784.0,25926.0
-58200.0,26052.0
-57700.0,25798.0
-58196.0,25924.0
-57688.0,25804.0
-57940.0,25826.0
-58360.0,25968.0
-58292.0,25848.0
-58236.0,25950.0
-58348.0,25968.0
-57552.0,25950.0
-58036.0,26096.0
-58628.0,26282.0
-58976.0,26402.0
-58472.0,26254.0
-57656.0,25974.0
-57932.0,25876.0
-57860.0,25796.0
-58000.0,26046.0
-58176.0,25854.0
-58332.0,26034.0
-57740.0,25932.0
-58168.0,25812.0
-58376.0,25928.0
-58476.0,25982.0
-58680.0,25932.0
-58468.0,25994.0
-58148.0,25904.0
-58032.0,25722.0
-58112.0,25518.0
-58896.0,25696.0
-58368.0,25598.0
-58484.0,25294.0
-58220.0,25446.0
-58120.0,25462.0
-57868.0,25498.0
-58064.0,25510.0
-58336.0,25498.0
-58196.0,25444.0
-57800.0,25370.0
-58340.0,25598.0
-58032.0,25706.0
-57888.0,25774.0
-57736.0,25600.0
-57568.0,25268.0
-57608.0,25442.0
-56984.0,25272.0
-57052.0,24934.0
-57056.0,24942.0
-57668.0,25286.0
-57604.0,25524.0
-57760.0,25504.0
-57724.0,25564.0
-57740.0,25562.0
-58160.0,25406.0
-57928.0,25274.0
-57840.0,25380.0
-57332.0,25250.0
-57228.0,25360.0
-57564.0,25390.0
-57492.0,25264.0
-57612.0,25458.0
-57872.0,25482.0
-58140.0,25550.0
-58076.0,25478.0
-58056.0,25576.0
-58448.0,25696.0
-58460.0,25684.0
-58572.0,25372.0
-58340.0,25290.0
-58800.0,25516.0
-58304.0,25450.0
-57880.0,25432.0
-58136.0,25388.0
-58476.0,25460.0
-58360.0,25544.0
-58484.0,25678.0
-57932.0,25424.0
-57696.0,25456.0
-57704.0,25444.0
-57460.0,25502.0
-57656.0,25454.0
-58324.0,25988.0
-58388.0,26036.0
-58568.0,26142.0
-58320.0,26208.0
-58632.0,26340.0
-58404.0,26142.0
-58344.0,26228.0
-58336.0,26060.0
-58072.0,26112.0
-57800.0,26088.0
-57960.0,26168.0
-58276.0,26024.0
-57836.0,25812.0
-57472.0,25696.0
-57608.0,25382.0
-57800.0,25648.0
-58200.0,25616.0
-58392.0,25580.0
-58244.0,25434.0
-58508.0,25332.0
-58460.0,25260.0
-58444.0,25476.0
-58740.0,25338.0
-58232.0,25172.0
-57836.0,25056.0
-57760.0,25270.0
-57832.0,25428.0
-57708.0,25422.0
-57364.0,25144.0
-57608.0,25212.0
-57232.0,25290.0
-57436.0,25404.0
-57748.0,25516.0
-57760.0,25594.0
-57968.0,25632.0
-58044.0,25772.0
-57384.0,25352.0
-57612.0,25376.0
-57424.0,25280.0
-57908.0,25384.0
-57424.0,25268.0
-57728.0,25352.0
-57896.0,25516.0
-58016.0,25450.0
-57944.0,25482.0
-57800.0,25448.0
-57908.0,25530.0
-57300.0,25414.0
-57896.0,25474.0
-58140.0,25708.0
-58440.0,25804.0
-58096.0,25704.0
-57976.0,25410.0
-57708.0,25262.0
-57632.0,25284.0
-57492.0,25310.0
-57328.0,25010.0
-57480.0,24806.0
-57128.0,24720.0
-57304.0,24702.0
-57184.0,24668.0
-57272.0,24418.0
-57476.0,24630.0
-58020.0,24768.0
-57504.0,24520.0
-57500.0,24492.0
-57320.0,24398.0
-57120.0,24346.0
-56884.0,24370.0
-57440.0,24440.0
-57436.0,24254.0
-57884.0,24428.0
-57272.0,24250.0
-57360.0,24286.0
-57624.0,24490.0
-57740.0,24744.0
-57436.0,24804.0
-57304.0,24894.0
-57956.0,25068.0
-57880.0,25090.0
-57548.0,25080.0
-57452.0,24840.0
-57696.0,24804.0
-57928.0,24800.0
-57384.0,24568.0
-57760.0,24926.0
-57476.0,25006.0
-57476.0,24938.0
-57832.0,25132.0
-58484.0,25290.0
-58004.0,25038.0
-57700.0,24974.0
-57560.0,24974.0
-57616.0,24958.0
-57428.0,24852.0
-58308.0,25048.0
-58040.0,25204.0
-57808.0,24900.0
-57620.0,25092.0
-57840.0,25098.0
-57424.0,25064.0
-57424.0,25250.0
-57396.0,25222.0
-57420.0,25194.0
-57452.0,25298.0
-57268.0,25334.0
-57676.0,25540.0
-57484.0,25488.0
-57956.0,25684.0
-58040.0,25802.0
-58112.0,25702.0
-57968.0,25506.0
-57776.0,25440.0
-57472.0,25278.0
-57612.0,25166.0
-57636.0,25274.0
-57196.0,25082.0
-57268.0,25262.0
-57680.0,25556.0
-57876.0,25484.0
-57692.0,25320.0
-57860.0,25252.0
-57800.0,25262.0
-57588.0,25124.0
-58008.0,25078.0
-57752.0,24926.0
-57636.0,24850.0
-57708.0,25166.0
-57908.0,25320.0
-57520.0,25424.0
-57820.0,25360.0
-57368.0,25294.0
-57504.0,25274.0
-58168.0,25514.0
-58208.0,25578.0
-57992.0,25398.0
-57976.0,25408.0
-58200.0,25336.0
-57680.0,25246.0
-57036.0,24900.0
-57212.0,24770.0
-56464.0,24884.0
-56760.0,24900.0
-57152.0,24964.0
-57096.0,24920.0
-57236.0,24830.0
-57132.0,24758.0
-57100.0,24666.0
-57784.0,24588.0
-57360.0,24566.0
-57856.0,24902.0
-57172.0,24824.0
-57240.0,24756.0
-57752.0,24826.0
-57180.0,24420.0
-57252.0,24568.0
-57484.0,24788.0
-57380.0,25020.0
-56668.0,24982.0
-56544.0,24760.0
-56564.0,24714.0
-56632.0,24856.0
-57040.0,24766.0
-57256.0,24968.0
-57164.0,24716.0
-56956.0,24798.0
-57468.0,25002.0
-57472.0,24666.0
-57448.0,24802.0
-57948.0,24834.0
-57632.0,24540.0
-58068.0,24800.0
-57944.0,24810.0
-57420.0,24582.0
-57732.0,24616.0
-57588.0,24662.0
-56960.0,24422.0
-57532.0,24578.0
-57828.0,24942.0
-57488.0,24876.0
-57308.0,25186.0
-57456.0,25176.0
-57700.0,25120.0
-56716.0,24920.0
-57472.0,25050.0
-56820.0,24890.0
-56964.0,25036.0
-57520.0,25312.0
-56928.0,25032.0
-57572.0,24980.0
-57412.0,25198.0
-58064.0,25358.0
-57764.0,25290.0
-58156.0,25200.0
-57728.0,25284.0
-57776.0,25172.0
-57604.0,24986.0
-57292.0,24778.0
-57148.0,24788.0
-57684.0,24748.0
-57968.0,24810.0
-57720.0,25082.0
-58192.0,25252.0
-57956.0,25302.0
-57704.0,25138.0
-57492.0,25248.0
-57668.0,25264.0
-57400.0,25350.0
-57604.0,25366.0
-57764.0,25420.0
-57856.0,25148.0
-57456.0,25146.0
-57048.0,25078.0
-57068.0,25228.0
-57648.0,25334.0
-58540.0,25698.0
-58652.0,25680.0
-58308.0,25302.0
-57828.0,25038.0
-57888.0,25180.0
-57376.0,24816.0
-57016.0,24810.0
-57292.0,24908.0
-57584.0,24948.0
-57164.0,24710.0
-57212.0,24802.0
-57164.0,24636.0
-56700.0,24566.0
-57324.0,24690.0
-57116.0,24740.0
-57148.0,24792.0
-57616.0,24996.0
-57908.0,25312.0
-57884.0,25310.0
-58088.0,25366.0
-57944.0,25422.0
-57952.0,25316.0
-58156.0,25286.0
-58188.0,25448.0
-58048.0,25208.0
-57884.0,25190.0
-57788.0,25286.0
-57540.0,25132.0
-57488.0,25204.0
-57752.0,25114.0
-58440.0,25540.0
-58564.0,25612.0
-58432.0,25256.0
-57748.0,24930.0
-56928.0,24898.0
-57156.0,24874.0
-56736.0,24854.0
-56940.0,24900.0
-56840.0,24692.0
-56944.0,24752.0
-57136.0,24834.0
-57332.0,24758.0
-56896.0,24598.0
-57248.0,24586.0
-57480.0,24700.0
-57088.0,24310.0
-57228.0,24358.0
-57652.0,24308.0
-57544.0,24222.0
-57648.0,24144.0
-57396.0,24144.0
-57696.0,24010.0
-57608.0,24114.0
-57860.0,24334.0
-57280.0,24182.0
-56996.0,23898.0
-57120.0,24102.0
-57012.0,23934.0
-57268.0,24208.0
-57860.0,24272.0
-57808.0,24350.0
-57528.0,24552.0
-57560.0,24500.0
-57080.0,24252.0
-57120.0,24134.0
-57560.0,24118.0
-57812.0,23890.0
-57964.0,24054.0
-58064.0,23758.0
-57704.0,23914.0
-57228.0,23702.0
-57716.0,23824.0
-58380.0,24082.0
-58196.0,24080.0
-57772.0,24064.0
-57904.0,24180.0
-57884.0,24082.0
-57356.0,23906.0
-57544.0,23984.0
-57896.0,24210.0
-57728.0,24096.0
-57604.0,24046.0
-57372.0,23866.0
-57656.0,24038.0
-58256.0,24072.0
-57816.0,23994.0
-57660.0,23968.0
-57828.0,24058.0
-57520.0,24044.0
-57900.0,24060.0
-57648.0,23948.0
-58080.0,24076.0
-58080.0,24106.0
-58104.0,23942.0
-57600.0,23786.0
-57592.0,23706.0
-57648.0,23440.0
-56920.0,23312.0
-57504.0,23522.0
-57392.0,23338.0
-57420.0,23322.0
-57204.0,23350.0
-57252.0,23628.0
-57548.0,23902.0
-57684.0,23854.0
-57120.0,23542.0
-57056.0,23464.0
-56588.0,23286.0
-56556.0,23386.0
-56624.0,23330.0
-56220.0,23400.0
-57004.0,23754.0
-57208.0,23728.0
-57116.0,23896.0
-57292.0,23786.0
-57276.0,24000.0
-56948.0,23844.0
-57120.0,23784.0
-57076.0,23914.0
-57356.0,24064.0
-57852.0,24178.0
-57772.0,24016.0
-57656.0,23952.0
-58184.0,24448.0
-58164.0,24594.0
-58280.0,24514.0
-58480.0,24612.0
-58088.0,24404.0
-57644.0,24416.0
-57556.0,23984.0
-57120.0,24202.0
-56480.0,23946.0
-56908.0,23772.0
-56832.0,23838.0
-57076.0,24092.0
-57376.0,24214.0
-57364.0,24020.0
-57784.0,24318.0
-58020.0,24276.0
-58136.0,24432.0
-57836.0,24330.0
-57736.0,24156.0
-57440.0,24122.0
-57596.0,24176.0
-57784.0,24314.0
-57552.0,24214.0
-57972.0,24556.0
-57720.0,24264.0
-57868.0,23932.0
-57376.0,23794.0
-57260.0,23928.0
-57416.0,23818.0
-56876.0,23652.0
-57116.0,23700.0
-57220.0,23706.0
-57320.0,23586.0
-57468.0,23752.0
-56876.0,23632.0
-57208.0,23588.0
-57364.0,23606.0
-56956.0,23532.0
-57100.0,23618.0
-57256.0,23700.0
-57896.0,23888.0
-57852.0,23918.0
-57600.0,23996.0
-57296.0,23608.0
-56884.0,23334.0
-56284.0,23210.0
-56128.0,22794.0
-56752.0,22952.0
-56644.0,22776.0
-56716.0,22774.0
-56664.0,23000.0
-56780.0,23138.0
-56660.0,22942.0
-56468.0,22658.0
-56060.0,22562.0
-56192.0,22498.0
-56268.0,22434.0
-56384.0,22604.0
-56464.0,22380.0
-56256.0,22238.0
-56492.0,22412.0
-56876.0,22238.0
-56628.0,22198.0
-56748.0,22106.0
-56480.0,22172.0
-56980.0,22290.0
-57244.0,22588.0
-57288.0,22702.0
-57600.0,22810.0
-57176.0,22910.0
-57356.0,23094.0
-57248.0,23024.0
-56884.0,22896.0
-57180.0,22898.0
-57452.0,22884.0
-57192.0,22742.0
-57300.0,22908.0
-57160.0,22566.0
-57324.0,22766.0
-57428.0,22788.0
-57216.0,22702.0
-56576.0,22588.0
-57424.0,22858.0
-57624.0,22840.0
-57552.0,23062.0
-57860.0,23036.0
-57688.0,22650.0
-57384.0,22720.0
-57836.0,22936.0
-57824.0,22816.0
-57656.0,22506.0
-57440.0,22632.0
-57744.0,22872.0
-57652.0,22810.0
-57824.0,22478.0
-57440.0,22468.0
-56480.0,22146.0
-56480.0,21972.0
-56716.0,22212.0
-56628.0,22558.0
-57056.0,22652.0
-57604.0,22516.0
-57328.0,22718.0
-57152.0,22580.0
-57036.0,22438.0
-57128.0,22500.0
-56888.0,22572.0
-57208.0,22756.0
-57236.0,22720.0
-57136.0,22648.0
-57016.0,22774.0
-57164.0,22580.0
-57248.0,22716.0
-57128.0,22678.0
-56944.0,22550.0
-56288.0,22502.0
-56848.0,22662.0
-57768.0,22878.0
-57424.0,22684.0
-57616.0,22728.0
-57376.0,22646.0
-56640.0,22286.0
-56940.0,22322.0
-57596.0,22466.0
-57800.0,22460.0
-57944.0,22602.0
-57920.0,22774.0
-57972.0,22972.0
-58088.0,22846.0
-57560.0,22646.0
-57188.0,22620.0
-57100.0,22550.0
-56884.0,22288.0
-57336.0,22332.0
-57624.0,22430.0
-58024.0,22496.0
-58136.0,22732.0
-57540.0,22456.0
-57532.0,22386.0
-57468.0,22296.0
-57444.0,22320.0
-56960.0,22146.0
-56736.0,22156.0
-57300.0,22360.0
-57548.0,22404.0
-57732.0,22352.0
-57588.0,22342.0
-57756.0,22432.0
-57548.0,22248.0
-57332.0,22410.0
-57600.0,22338.0
-57188.0,22422.0
-57296.0,22342.0
-57460.0,22548.0
-57360.0,22548.0
-57568.0,22520.0
-57140.0,22308.0
-57080.0,22168.0
-57256.0,22176.0
-57212.0,22290.0
-57896.0,22676.0
-58604.0,22672.0
-58532.0,22892.0
-57532.0,22802.0
-57700.0,22594.0
-57684.0,22410.0
-57520.0,22534.0
-57804.0,22432.0
-57304.0,22480.0
-57644.0,22314.0
-57488.0,22396.0
-57492.0,22384.0
-57164.0,22252.0
-57108.0,22038.0
-57548.0,22482.0
-57548.0,22396.0
-57424.0,21988.0
-57752.0,22232.0
-57084.0,21962.0
-57644.0,21980.0
-57704.0,22080.0
-57540.0,21900.0
-57148.0,21812.0
-57248.0,21820.0
-57576.0,21872.0
-57824.0,21944.0
-57228.0,21630.0
-56944.0,21484.0
-57260.0,21594.0
-57276.0,21642.0
-57220.0,21424.0
-57440.0,21716.0
-57248.0,21666.0
-56708.0,21650.0
-56764.0,21736.0
-56744.0,21976.0
-56108.0,21548.0
-56844.0,21890.0
-57276.0,22010.0
-56888.0,22080.0
-56640.0,22096.0
-57220.0,22348.0
-56836.0,21896.0
-57076.0,21870.0
-57168.0,21980.0
-56972.0,21740.0
-56632.0,21742.0
-56524.0,21728.0
-56988.0,21994.0
-57212.0,21962.0
-56964.0,22054.0
-56720.0,21692.0
-56440.0,21766.0
-56952.0,21872.0
-56580.0,21738.0
-56508.0,21572.0
-56924.0,21818.0
-56816.0,21722.0
-57316.0,21970.0
-57092.0,21930.0
-57364.0,21906.0
-57568.0,22198.0
-57480.0,22330.0
-57616.0,22328.0
-57456.0,22508.0
-56896.0,22592.0
-57020.0,22398.0
-57184.0,22616.0
-57100.0,22696.0
-57008.0,22846.0
-56800.0,22658.0
-57108.0,22584.0
-57276.0,22656.0
-57140.0,22580.0
-57204.0,22588.0
-57424.0,22684.0
-57488.0,22652.0
-57408.0,22810.0
-57540.0,22722.0
-57836.0,22964.0
-57312.0,22708.0
-57500.0,22898.0
-57944.0,23112.0
-57884.0,23066.0
-58128.0,23384.0
-57800.0,23408.0
-57516.0,23360.0
-58060.0,23478.0
-57460.0,23186.0
-56800.0,22854.0
-57160.0,23128.0
-57228.0,23278.0
-57276.0,23494.0
-56840.0,23166.0
-56940.0,23072.0
-56856.0,23194.0
-57364.0,23472.0
-57836.0,23650.0
-58092.0,23834.0
-57644.0,23582.0
-57144.0,23662.0
-57324.0,23652.0
-56964.0,23532.0
-57132.0,23702.0
-57124.0,23454.0
-57232.0,23526.0
-57500.0,23778.0
-57512.0,23906.0
-58064.0,23992.0
-57960.0,24328.0
-57288.0,24106.0
-56768.0,23854.0
-57300.0,23898.0
-57028.0,23582.0
-56696.0,23400.0
-57044.0,23388.0
-57080.0,23710.0
-57252.0,23406.0
-57424.0,23456.0
-57280.0,23456.0
-56824.0,23220.0
-56532.0,23072.0
-56708.0,23050.0
-56952.0,23116.0
-56180.0,22880.0
-56132.0,23060.0
-56120.0,22892.0
-56352.0,22706.0
-56132.0,22578.0
-56420.0,22472.0
-56452.0,22494.0
-56364.0,22388.0
-56424.0,22358.0
-56776.0,22414.0
-56224.0,22036.0
-56548.0,22106.0
-56128.0,22108.0
-55744.0,22146.0
-56524.0,22344.0
-57748.0,22978.0
-57396.0,23042.0
-57024.0,22806.0
-57240.0,22768.0
-56896.0,22858.0
-57012.0,22858.0
-57136.0,22432.0
-56632.0,22336.0
-57048.0,22466.0
-57248.0,22742.0
-56712.0,22472.0
-56776.0,22400.0
-57052.0,22706.0
-57340.0,22960.0
-56872.0,23072.0
-57280.0,23308.0
-56904.0,22976.0
-57380.0,23178.0
-57452.0,23174.0
-57268.0,22930.0
-56768.0,22668.0
-56484.0,22686.0
-56544.0,22794.0
-56448.0,22438.0
-56120.0,22480.0
-57060.0,22786.0
-56940.0,23024.0
-57076.0,22960.0
-57240.0,22978.0
-57264.0,23038.0
-57640.0,23224.0
-57560.0,23386.0
-57632.0,23294.0
-57264.0,23170.0
-56828.0,23066.0
-56624.0,22632.0
-56800.0,22854.0
-56952.0,23066.0
-57256.0,23224.0
-56892.0,23054.0
-56864.0,23050.0
-57216.0,23272.0
-57008.0,23146.0
-56488.0,23124.0
-57348.0,23602.0
-57240.0,23900.0
-57172.0,23970.0
-57356.0,24114.0
-57232.0,23992.0
-57416.0,24032.0
-57112.0,23894.0
-57776.0,23658.0
-58012.0,23842.0
-57416.0,23926.0
-57508.0,24086.0
-57588.0,24100.0
-57524.0,23906.0
-57572.0,23792.0
-57664.0,23562.0
-57704.0,23530.0
-57740.0,23612.0
-57580.0,23494.0
-57384.0,23374.0
-57836.0,23250.0
-57940.0,23454.0
-57808.0,23612.0
-57856.0,23788.0
-57828.0,23850.0
-57744.0,23730.0
-57056.0,23480.0
-57204.0,23356.0
-57348.0,23142.0
-57376.0,23374.0
-57884.0,23408.0
-57444.0,23236.0
-57764.0,23432.0
-57532.0,23436.0
-58032.0,23534.0
-57776.0,23300.0
-57368.0,23096.0
-57412.0,23006.0
-57284.0,22892.0
-57576.0,22878.0
-57188.0,22886.0
-56632.0,22564.0
-57064.0,22728.0
-57192.0,22630.0
-57184.0,22850.0
-57568.0,23182.0
-57220.0,22900.0
-56868.0,22900.0
-57204.0,22808.0
-57272.0,23012.0
-57256.0,23106.0
-57136.0,23162.0
-57364.0,23394.0
-57476.0,23584.0
-57576.0,23658.0
-57684.0,23642.0
-57224.0,23432.0
-56944.0,23296.0
-56924.0,23292.0
-56824.0,23376.0
-57004.0,23414.0
-56848.0,23438.0
-56840.0,23326.0
-56512.0,23408.0
-56824.0,23542.0
-57052.0,23312.0
-57232.0,23296.0
-56984.0,23086.0
-56812.0,23122.0
-57088.0,23402.0
-56840.0,23384.0
-56296.0,23066.0
-56900.0,23354.0
-56660.0,23184.0
-57148.0,23074.0
-57340.0,22984.0
-56664.0,22810.0
-56096.0,22678.0
-56048.0,22872.0
-56760.0,23022.0
-57456.0,23486.0
-56924.0,23592.0
-57228.0,23816.0
-56676.0,23692.0
-57148.0,23806.0
-57076.0,23866.0
-57368.0,23952.0
-57152.0,23808.0
-57004.0,23734.0
-56876.0,23556.0
-56492.0,23416.0
-56780.0,23506.0
-57228.0,23496.0
-56392.0,23236.0
-56644.0,23358.0
-56968.0,23304.0
-57500.0,23696.0
-56880.0,23526.0
-56980.0,23428.0
-56624.0,23504.0
-56684.0,23578.0
-56876.0,23672.0
-56880.0,23546.0
-57188.0,23762.0
-56956.0,23426.0
-56940.0,23404.0
-57380.0,23492.0
-57408.0,23556.0
-57076.0,23520.0
-57160.0,23572.0
-57140.0,23534.0
-57160.0,23508.0
-57260.0,23542.0
-56956.0,23130.0
-57024.0,23106.0
-57104.0,23434.0
-57036.0,23306.0
-56796.0,23384.0
-57004.0,23114.0
-57144.0,23082.0
-57204.0,23004.0
-57512.0,23074.0
-57692.0,22990.0
-57416.0,22976.0
-57164.0,22900.0
-57396.0,23102.0
-57292.0,23310.0
-57392.0,23254.0
-57236.0,23298.0
-57324.0,23342.0
-57272.0,23350.0
-57380.0,23238.0
-57280.0,23078.0
-57164.0,23058.0
-57136.0,23088.0
-57388.0,23322.0
-57192.0,23140.0
-57016.0,23032.0
-56848.0,23046.0
-56860.0,22910.0
-57364.0,22786.0
-57000.0,22660.0
-57328.0,22686.0
-57060.0,22734.0
-56656.0,22484.0
-56380.0,22436.0
-56320.0,22332.0
-56684.0,22550.0
-56588.0,22616.0
-56036.0,22538.0
-56348.0,22540.0
-56784.0,22694.0
-56200.0,22384.0
-56468.0,22582.0
-56732.0,22676.0
-56080.0,22570.0
-56392.0,22402.0
-56244.0,22226.0
-56356.0,22238.0
-56648.0,22456.0
-56776.0,22636.0
-56896.0,22562.0
-57216.0,22942.0
-58004.0,23356.0
-58032.0,23568.0
-57948.0,23206.0
-58024.0,23412.0
-57572.0,23334.0
-57812.0,23156.0
-57472.0,23170.0
-57600.0,23036.0
-56988.0,22994.0
-57116.0,23014.0
-57308.0,23158.0
-57436.0,22956.0
-56472.0,22918.0
-56828.0,22972.0
-57124.0,22962.0
-57520.0,23190.0
-57220.0,23098.0
-56764.0,23050.0
-57212.0,22960.0
-56584.0,22644.0
-56716.0,22852.0
-56496.0,22922.0
-56768.0,22946.0
-56864.0,23090.0
-56492.0,22832.0
-56964.0,22990.0
-56892.0,23006.0
-57272.0,23104.0
-57176.0,23342.0
-57020.0,23078.0
-57252.0,23096.0
-57352.0,23338.0
-56800.0,23122.0
-57076.0,23110.0
-56868.0,23222.0
-56872.0,23100.0
-56504.0,22814.0
-56312.0,22844.0
-56280.0,22924.0
-56312.0,22958.0
-57128.0,23004.0
-57084.0,22944.0
-57592.0,22810.0
-57304.0,22772.0
-57600.0,22678.0
-57704.0,22566.0
-58108.0,22932.0
-57544.0,22818.0
-57432.0,22564.0
-58032.0,22732.0
-57648.0,22766.0
-57420.0,22792.0
-57352.0,22684.0
-57160.0,22536.0
-57232.0,22978.0
-57488.0,22908.0
-57332.0,22852.0
-57524.0,23006.0
-57592.0,23248.0
-57428.0,23278.0
-56720.0,23168.0
-57244.0,23072.0
-56892.0,22980.0
-56908.0,22952.0
-57188.0,23036.0
-57360.0,23018.0
-57136.0,23148.0
-57236.0,23100.0
-56944.0,23246.0
-57484.0,23408.0
-57640.0,23242.0
-57700.0,23216.0
-57172.0,22828.0
-57292.0,22696.0
-57396.0,22750.0
-57500.0,22854.0
-57380.0,22770.0
-57356.0,22526.0
-56372.0,22160.0
-56608.0,22350.0
-57088.0,22276.0
-56860.0,22322.0
-57088.0,22258.0
-57360.0,22134.0
-57224.0,22208.0
-56892.0,21874.0
-57652.0,22060.0
-57312.0,22146.0
-57572.0,22082.0
-57524.0,22048.0
-57488.0,22026.0
-57472.0,21902.0
-57580.0,21878.0
-57452.0,21570.0
-57660.0,21576.0
-57376.0,21516.0
-56940.0,21400.0
-57132.0,21594.0
-57104.0,21748.0
-57164.0,21856.0
-57360.0,21754.0
-57112.0,21710.0
-57012.0,21604.0
-57532.0,21570.0
-57244.0,21328.0
-57496.0,21180.0
-57120.0,21272.0
-57108.0,21356.0
-57524.0,21290.0
-56772.0,21354.0
-56680.0,21416.0
-56528.0,21104.0
-55772.0,20752.0
-56196.0,20952.0
-56740.0,21018.0
-56984.0,21428.0
-56252.0,21298.0
-56912.0,21646.0
-56560.0,21384.0
-56256.0,21146.0
-56660.0,21196.0
-56500.0,21148.0
-56232.0,21086.0
-56372.0,21278.0
-56816.0,21458.0
-56856.0,21318.0
-56828.0,21288.0
-57148.0,21420.0
-57660.0,21346.0
-57952.0,21346.0
-57804.0,21292.0
-57600.0,21214.0
-57484.0,21264.0
-57128.0,21014.0
-57348.0,20970.0
-56940.0,21020.0
-57064.0,20944.0
-56532.0,20876.0
-56716.0,20802.0
-57004.0,20984.0
-57024.0,20890.0
-57232.0,21094.0
-56828.0,21036.0
-57572.0,20976.0
-57248.0,20952.0
-57696.0,21078.0
-57448.0,21022.0
-57300.0,20748.0
-56888.0,20916.0
-56872.0,21182.0
-56580.0,20918.0
-56464.0,20738.0
-56532.0,20654.0
-56268.0,20682.0
-56108.0,20414.0
-56680.0,20614.0
-56596.0,20444.0
-56516.0,20406.0
-56080.0,20238.0
-56016.0,20076.0
-56496.0,20014.0
-56820.0,20192.0
-56720.0,20142.0
-56900.0,20086.0
-57164.0,20222.0
-57156.0,20272.0
-56968.0,20552.0
-57308.0,20754.0
-56940.0,20946.0
-56944.0,20716.0
-57016.0,20662.0
-57356.0,20636.0
-57616.0,20772.0
-57340.0,20850.0
-58088.0,20832.0
-58088.0,20904.0
-57420.0,20828.0
-57620.0,20962.0
-57404.0,20578.0
-57332.0,21044.0
-57900.0,21348.0
-57296.0,21268.0
-57520.0,21450.0
-57888.0,21470.0
-58080.0,21736.0
-57920.0,21628.0
-57872.0,21762.0
-58332.0,21938.0
-58416.0,21832.0
-57880.0,21926.0
-58024.0,22072.0
-57796.0,21856.0
-57532.0,21696.0
-57996.0,21850.0
-57828.0,21750.0
-57600.0,21718.0
-57584.0,21688.0
-57416.0,21830.0
-57660.0,21624.0
-57840.0,21938.0
-57960.0,22104.0
-57940.0,21962.0
-57592.0,21746.0
-56900.0,21312.0
-57220.0,21248.0
-56936.0,21020.0
-57376.0,21318.0
-57600.0,21298.0
-57168.0,21060.0
-57636.0,21318.0
-57456.0,21406.0
-57272.0,21406.0
-57800.0,21524.0
-57608.0,21460.0
-57556.0,21434.0
-57484.0,21396.0
-57764.0,21450.0
-57568.0,21526.0
-57476.0,21320.0
-57468.0,21308.0
-57696.0,21540.0
-57480.0,21570.0
-57360.0,21380.0
-57064.0,21036.0
-56816.0,21190.0
-56752.0,21292.0
-57496.0,21618.0
-57536.0,21310.0
-57460.0,21034.0
-57208.0,21294.0
-57640.0,21588.0
-57728.0,21776.0
-57568.0,21404.0
-57684.0,21634.0
-57348.0,21690.0
-57156.0,21578.0
-57456.0,21448.0
-57468.0,21494.0
-58244.0,21640.0
-58300.0,21656.0
-58064.0,21620.0
-57864.0,21524.0
-57592.0,21510.0
-58304.0,21790.0
-57840.0,21814.0
-57900.0,21968.0
-57560.0,21782.0
-57920.0,21752.0
-58080.0,21572.0
-58096.0,21592.0
-58116.0,21612.0
-58244.0,21898.0
-58244.0,21902.0
-58076.0,21880.0
-58000.0,21964.0
-57952.0,22054.0
-59020.0,22118.0
-58620.0,22048.0
-58556.0,22392.0
-58456.0,22452.0
-58764.0,22652.0
-58448.0,22484.0
-58672.0,22544.0
-58660.0,22672.0
-58876.0,22876.0
-58136.0,22652.0
-58468.0,22488.0
-58164.0,22534.0
-58004.0,22362.0
-58012.0,22478.0
-57792.0,22516.0
-57352.0,22322.0
-57224.0,21992.0
-57576.0,22036.0
-57664.0,22252.0
-57632.0,22056.0
-57448.0,21910.0
-57736.0,22250.0
-57844.0,22308.0
-58216.0,22320.0
-57612.0,22328.0
-57876.0,22362.0
-57740.0,22336.0
-57200.0,22208.0
-57260.0,22204.0
-57304.0,22152.0
-57220.0,21714.0
-57208.0,21794.0
-57104.0,21688.0
-56892.0,21630.0
-57312.0,22002.0
-57448.0,22072.0
-57132.0,22154.0
-56552.0,22276.0
-56460.0,22202.0
-56080.0,21876.0
-56264.0,21834.0
-56136.0,21602.0
-56084.0,21708.0
-56344.0,21904.0
-56556.0,21958.0
-56864.0,22262.0
-56996.0,22402.0
-57276.0,22210.0
-56856.0,21990.0
-57296.0,22318.0
-57392.0,22156.0
-57480.0,22226.0
-57044.0,22042.0
-56788.0,21980.0
-56912.0,22016.0
-56568.0,21874.0
-56508.0,21928.0
-56076.0,21750.0
-56148.0,21624.0
-56676.0,21732.0
-56896.0,21470.0
-56860.0,21422.0
-56648.0,21462.0
-56708.0,21542.0
-56620.0,21318.0
-56688.0,21262.0
-56752.0,21476.0
-56444.0,21536.0
-56492.0,21334.0
-56208.0,21398.0
-56268.0,21530.0
-56508.0,21494.0
-56120.0,21248.0
-56180.0,21156.0
-56052.0,21064.0
-56128.0,21012.0
-56140.0,21238.0
-56488.0,21402.0
-56784.0,21546.0
-57556.0,21820.0
-57276.0,21812.0
-56668.0,21786.0
-56872.0,21958.0
-55988.0,21658.0
-56632.0,21470.0
-56692.0,21258.0
-57228.0,21346.0
-57144.0,21516.0
-57136.0,21356.0
-57044.0,21344.0
-57340.0,21464.0
-56832.0,21464.0
-56900.0,21484.0
-56952.0,21374.0
-56776.0,21398.0
-57096.0,21674.0
-56640.0,21726.0
-56564.0,21290.0
-56820.0,21292.0
-57428.0,21542.0
-57364.0,21620.0
-57284.0,21566.0
-57312.0,21514.0
-57680.0,21562.0
-57776.0,21826.0
-57368.0,21856.0
-57532.0,21892.0
-57356.0,22112.0
-57896.0,22088.0
-57576.0,21822.0
-57720.0,21858.0
-57340.0,21616.0
-56828.0,21724.0
-57124.0,21656.0
-57420.0,21976.0
-57464.0,22018.0
-58016.0,22302.0
-57952.0,22402.0
-57604.0,22494.0
-57780.0,22724.0
-58308.0,22858.0
-57920.0,22734.0
-57120.0,22606.0
-57536.0,22702.0
-57480.0,22524.0
-57428.0,22614.0
-57276.0,22552.0
-57332.0,22438.0
-57912.0,22284.0
-57232.0,22288.0
-57528.0,22588.0
-57520.0,22396.0
-57796.0,22310.0
-57356.0,22094.0
-57936.0,22270.0
-57732.0,22434.0
-57912.0,22392.0
-57948.0,22384.0
-57624.0,21958.0
-57044.0,21652.0
-56800.0,21620.0
-57248.0,21592.0
-57380.0,21546.0
-57024.0,21426.0
-56776.0,21392.0
-56712.0,21308.0
-56580.0,21238.0
-56884.0,21098.0
-56640.0,21240.0
-57156.0,21460.0
-57804.0,21480.0
-57736.0,21490.0
-57608.0,21366.0
-57180.0,21476.0
-57192.0,21416.0
-57548.0,21574.0
-57876.0,21980.0
-57964.0,22026.0
-57524.0,21724.0
-57184.0,21530.0
-57692.0,21462.0
-57412.0,21478.0
-57404.0,21650.0
-57176.0,21542.0
-57112.0,21520.0
-56812.0,21128.0
-57100.0,21244.0
-56560.0,21290.0
-57556.0,21638.0
-57420.0,21438.0
-57364.0,21214.0
-57436.0,21228.0
-57296.0,21178.0
-57452.0,21366.0
-57436.0,21498.0
-57452.0,21518.0
-57096.0,21258.0
-56888.0,21562.0
-57116.0,21514.0
-56920.0,21292.0
-56792.0,20812.0
-56340.0,20720.0
-56600.0,20650.0
-56272.0,20316.0
-56508.0,20202.0
-56888.0,20398.0
-56176.0,20250.0
-56564.0,20442.0
-56064.0,20100.0
-56048.0,19996.0
-55904.0,19776.0
-55736.0,19778.0
-56064.0,19930.0
-56052.0,19804.0
-55800.0,19622.0
-55812.0,19338.0
-55944.0,19512.0
-56416.0,19630.0
-56260.0,19652.0
-56700.0,19746.0
-56872.0,19712.0
-56780.0,19832.0
-56932.0,19716.0
-56860.0,20078.0
-56508.0,19922.0
-56356.0,19584.0
-56256.0,19780.0
-56128.0,19900.0
-56340.0,20044.0
-56380.0,20044.0
-56140.0,19750.0
-55860.0,19602.0
-55868.0,19520.0
-56344.0,19880.0
-56204.0,19888.0
-56580.0,20046.0
-57280.0,20182.0
-57116.0,20520.0
-56896.0,20244.0
-56736.0,20334.0
-57256.0,20520.0
-57172.0,20594.0
-56724.0,20456.0
-56900.0,20646.0
-57660.0,20754.0
-57256.0,20550.0
-57324.0,20548.0
-57388.0,20570.0
-57008.0,20484.0
-57228.0,20294.0
-57032.0,19964.0
-56912.0,19920.0
-56964.0,20082.0
-56944.0,20182.0
-56988.0,20214.0
-56988.0,20356.0
-56692.0,19848.0
-56940.0,19822.0
-57284.0,19684.0
-57196.0,19618.0
-56888.0,19452.0
-56672.0,19310.0
-56396.0,19098.0
-56824.0,19110.0
-56772.0,18678.0
-56468.0,18632.0
-56508.0,18426.0
-56088.0,18416.0
-56276.0,18534.0
-56584.0,18736.0
-57044.0,18682.0
-57220.0,18742.0
-57248.0,18906.0
-56796.0,18796.0
-56988.0,18990.0
-56656.0,18666.0
-56472.0,18404.0
-56204.0,18248.0
-56340.0,18348.0
-56144.0,18220.0
-56076.0,18132.0
-55920.0,18082.0
-55856.0,18100.0
-55720.0,17798.0
-56316.0,17870.0
-56624.0,18222.0
-57152.0,18432.0
-57388.0,18306.0
-56488.0,18214.0
-56564.0,18198.0
-56908.0,18080.0
-55740.0,17804.0
-56092.0,17828.0
-55844.0,17810.0
-55600.0,17624.0
-55544.0,17420.0
-55588.0,17676.0
-55756.0,17734.0
-55696.0,17474.0
-55720.0,17496.0
-55812.0,17956.0
-56036.0,18052.0
-56044.0,18140.0
-56316.0,18142.0
-56024.0,18294.0
-56272.0,18450.0
-56272.0,18364.0
-55980.0,18158.0
-55704.0,17862.0
-56180.0,17916.0
-56512.0,17956.0
-56512.0,17974.0
-56136.0,17864.0
-56016.0,17542.0
-55972.0,17660.0
-55768.0,17548.0
-55828.0,17456.0
-55892.0,17516.0
-55908.0,17668.0
-55976.0,17516.0
-56456.0,17850.0
-55836.0,17692.0
-55476.0,17884.0
-56160.0,18182.0
-55648.0,18216.0
-55508.0,17948.0
-55936.0,17892.0
-55728.0,17760.0
-55852.0,17692.0
-55988.0,17756.0
-55584.0,17726.0
-56100.0,17674.0
-55804.0,17714.0
-55436.0,17646.0
-54808.0,17450.0
-55128.0,18042.0
-55152.0,18242.0
-54952.0,18232.0
-55860.0,18454.0
-56180.0,18300.0
-55908.0,18238.0
-56224.0,18082.0
-55960.0,17996.0
-56248.0,17846.0
-56348.0,18046.0
-56140.0,18054.0
-56548.0,18342.0
-56172.0,18362.0
-56128.0,18416.0
-56136.0,18476.0
-56332.0,18728.0
-56564.0,18974.0
-56472.0,19164.0
-56664.0,19352.0
-56640.0,19344.0
-57084.0,19462.0
-57196.0,19496.0
-57136.0,19524.0
-57148.0,19738.0
-57136.0,19618.0
-57096.0,19980.0
-56956.0,19940.0
-56824.0,19868.0
-57220.0,20104.0
-56944.0,20146.0
-57180.0,20106.0
-57016.0,20280.0
-57668.0,20270.0
-56944.0,19800.0
-57128.0,19762.0
-56960.0,19836.0
-56736.0,19904.0
-56536.0,19664.0
-56324.0,19662.0
-56284.0,19284.0
-56708.0,18992.0
-56600.0,18852.0
-56192.0,18734.0
-56408.0,19084.0
-56640.0,19258.0
-56160.0,19222.0
-56668.0,18932.0
-56328.0,19232.0
-56632.0,19274.0
-56376.0,19390.0
-56872.0,19294.0
-56896.0,19632.0
-57340.0,19872.0
-56976.0,19804.0
-56592.0,19694.0
-56848.0,19922.0
-56748.0,20320.0
-57100.0,20418.0
-57388.0,20596.0
-57376.0,20514.0
-57564.0,20402.0
-57248.0,20542.0
-57204.0,20510.0
-57464.0,20438.0
-57084.0,20262.0
-57152.0,20406.0
-56960.0,20238.0
-57136.0,20228.0
-57408.0,20048.0
-57060.0,19908.0
-56620.0,19756.0
-56752.0,19676.0
-56684.0,19386.0
-57076.0,19576.0
-57264.0,19730.0
-56920.0,19458.0
-56572.0,19592.0
-56452.0,19506.0
-56944.0,19474.0
-57100.0,19532.0
-56708.0,19796.0
-56492.0,19952.0
-56660.0,19922.0
-57172.0,19798.0
-56808.0,19694.0
-56864.0,19570.0
-56644.0,19612.0
-56808.0,19736.0
-56984.0,20002.0
-57052.0,19950.0
-57076.0,20184.0
-57340.0,20234.0
-57532.0,20206.0
-57368.0,20232.0
-57132.0,20084.0
-56972.0,20282.0
-57408.0,20652.0
-57284.0,20612.0
-57388.0,20488.0
-57268.0,20356.0
-57112.0,20410.0
-56848.0,20180.0
-57156.0,20112.0
-56804.0,19776.0
-57256.0,20036.0
-57612.0,20220.0
-57656.0,20222.0
-57100.0,20048.0
-56836.0,19860.0
-56976.0,19820.0
-56680.0,19552.0
-56360.0,19514.0
-56208.0,19244.0
-56348.0,19310.0
-56692.0,19208.0
-57264.0,19326.0
-56836.0,19664.0
-56936.0,19912.0
-56896.0,19806.0
-57084.0,19850.0
-57108.0,20020.0
-56852.0,19728.0
-56060.0,19814.0
-56148.0,19958.0
-56020.0,20004.0
-56380.0,20284.0
-56940.0,20184.0
-56620.0,20196.0
-56560.0,20332.0
-57068.0,20256.0
-56684.0,20504.0
-56652.0,20460.0
-56268.0,20396.0
-56560.0,20552.0
-56972.0,20568.0
-56824.0,20462.0
-56916.0,20334.0
-57072.0,20290.0
-56948.0,20102.0
-56616.0,19978.0
-56272.0,19734.0
-56344.0,20142.0
-56356.0,20142.0
-56068.0,19754.0
-56048.0,19780.0
-55672.0,19656.0
-55744.0,19812.0
-56404.0,19730.0
-56156.0,19610.0
-55976.0,19428.0
-56064.0,19412.0
-56460.0,19562.0
-56280.0,19558.0
-56348.0,19586.0
-56000.0,19484.0
-56292.0,19478.0
-56260.0,19632.0
-56068.0,19898.0
-56296.0,19936.0
-56676.0,19960.0
-56468.0,19924.0
-56688.0,19960.0
-56420.0,19770.0
-56468.0,20058.0
-56520.0,20124.0
-56376.0,20098.0
-57040.0,20268.0
-56616.0,20344.0
-56596.0,20556.0
-56356.0,20452.0
-56744.0,20904.0
-56524.0,20390.0
-56432.0,20782.0
-56800.0,20914.0
-56808.0,20834.0
-56732.0,20756.0
-57180.0,20896.0
-56944.0,20908.0
-57048.0,20698.0
-56792.0,20758.0
-56492.0,20786.0
-56768.0,20654.0
-56796.0,20828.0
-56996.0,21138.0
-57448.0,21104.0
-57392.0,21232.0
-57392.0,21112.0
-57440.0,21206.0
-57364.0,21226.0
-56988.0,20960.0
-56820.0,20822.0
-56728.0,20828.0
-57004.0,21104.0
-57608.0,21240.0
-57392.0,21106.0
-57048.0,21092.0
-57140.0,20940.0
-57128.0,20728.0
-57156.0,20612.0
-57832.0,20740.0
-57516.0,20548.0
-57336.0,20260.0
-56748.0,20128.0
-56864.0,20200.0
-56480.0,20214.0
-56420.0,20374.0
-56200.0,20342.0
-55948.0,20254.0
-55756.0,20378.0
-56052.0,20070.0
-56268.0,20250.0
-56128.0,20404.0
-55884.0,20512.0
-56480.0,20400.0
-56580.0,20488.0
-56448.0,20584.0
-56948.0,20362.0
-56356.0,20060.0
-56488.0,20100.0
-56680.0,20464.0
-56708.0,20450.0
-56396.0,20414.0
-55964.0,20430.0
-55704.0,20582.0
-56668.0,20944.0
-56400.0,20832.0
-56660.0,20774.0
-56180.0,20832.0
-56280.0,20950.0
-56280.0,20960.0
-56400.0,21126.0
-56200.0,21082.0
-56136.0,20952.0
-56608.0,21086.0
-56660.0,21386.0
-57056.0,21408.0
-56760.0,21114.0
-57144.0,21260.0
-57000.0,21114.0
-56708.0,20888.0
-56844.0,21014.0
-56768.0,20936.0
-56604.0,20682.0
-56116.0,20372.0
-56496.0,20562.0
-56496.0,20602.0
-56596.0,20404.0
-56664.0,20460.0
-56928.0,20312.0
-56940.0,20484.0
-56448.0,20410.0
-56432.0,20390.0
-56844.0,20486.0
-56432.0,20312.0
-56456.0,20202.0
-56288.0,20126.0
-56528.0,20260.0
-56308.0,20202.0
-56380.0,20294.0
-55852.0,20130.0
-56532.0,20340.0
-56496.0,20222.0
-56512.0,19986.0
-56012.0,20166.0
-56348.0,20362.0
-56196.0,20178.0
-56360.0,20572.0
-56492.0,20646.0
-56072.0,20288.0
-56084.0,20568.0
-56404.0,20792.0
-55976.0,20860.0
-56020.0,20830.0
-55844.0,20738.0
-56488.0,20524.0
-56500.0,20648.0
-56636.0,20686.0
-56860.0,20734.0
-56804.0,20544.0
-56516.0,20280.0
-56148.0,20272.0
-55660.0,20172.0
-55972.0,19894.0
-55836.0,19900.0
-55688.0,19930.0
-55920.0,19694.0
-56328.0,19844.0
-56188.0,20034.0
-56464.0,20266.0
-56364.0,20166.0
-56400.0,20244.0
-56028.0,19948.0
-56400.0,19752.0
-56692.0,19982.0
-56540.0,20096.0
-56204.0,20204.0
-56096.0,20334.0
-56660.0,20608.0
-56300.0,20284.0
-56896.0,20352.0
-56744.0,20204.0
-56576.0,20416.0
-56476.0,20146.0
-56304.0,20400.0
-55952.0,20170.0
-56844.0,20602.0
-57056.0,20620.0
-56836.0,20940.0
-57200.0,21034.0
-57248.0,20636.0
-56892.0,20612.0
-56948.0,20550.0
-56872.0,20604.0
-57220.0,20522.0
-57196.0,20720.0
-57552.0,20854.0
-57668.0,20902.0
-57288.0,20938.0
-57708.0,21028.0
-57412.0,20854.0
-57464.0,20846.0
-57208.0,21086.0
-57444.0,21454.0
-57440.0,21656.0
-57608.0,21894.0
-57808.0,21868.0
-58104.0,21958.0
-57636.0,21950.0
-57580.0,21810.0
-57392.0,21810.0
-57484.0,21698.0
-57424.0,21432.0
-57312.0,21402.0
-57120.0,21296.0
-57092.0,21284.0
-56748.0,21170.0
-57072.0,21376.0
-57072.0,21478.0
-57152.0,21606.0
-57204.0,21598.0
-57656.0,21732.0
-57620.0,21456.0
-57744.0,21698.0
-57748.0,21606.0
-57288.0,21474.0
-57444.0,21846.0
-57312.0,21896.0
-57136.0,21650.0
-57036.0,21770.0
-57192.0,21990.0
-57196.0,22158.0
-57140.0,22336.0
-58040.0,22580.0
-58044.0,22586.0
-57636.0,22756.0
-57516.0,22816.0
-57808.0,22850.0
-57348.0,22658.0
-57544.0,22634.0
-57708.0,22698.0
-57192.0,22862.0
-56948.0,22782.0
-57372.0,23210.0
-57416.0,23308.0
-57604.0,23164.0
-57792.0,23130.0
-57408.0,23118.0
-58116.0,23122.0
-57812.0,23330.0
-57784.0,23474.0
-57876.0,23320.0
-58008.0,23568.0
-58372.0,23754.0
-58092.0,23580.0
-58036.0,23776.0
-57932.0,23362.0
-57668.0,23492.0
-57372.0,23308.0
-57884.0,23404.0
-57564.0,23238.0
-57008.0,23240.0
-56620.0,22990.0
-56756.0,22974.0
-56604.0,22790.0
-56528.0,22842.0
-56816.0,22858.0
-57456.0,23120.0
-57584.0,23248.0
-57132.0,22804.0
-56652.0,22728.0
-56992.0,22900.0
-57272.0,22888.0
-57812.0,23184.0
-57144.0,23042.0
-57052.0,23022.0
-57192.0,23136.0
-57056.0,22934.0
-56952.0,23010.0
-56136.0,22776.0
-55944.0,22602.0
-56120.0,22758.0
-56552.0,22578.0
-56860.0,22730.0
-56672.0,22836.0
-56240.0,22692.0
-56336.0,22648.0
-56360.0,22704.0
-56572.0,22652.0
-56632.0,22994.0
-56516.0,22842.0
-56424.0,22840.0
-56244.0,22788.0
-56256.0,22652.0
-56492.0,22938.0
-56608.0,23096.0
-57040.0,23148.0
-57172.0,23244.0
-57256.0,23408.0
-57208.0,23530.0
-57288.0,23722.0
-57276.0,23716.0
-57508.0,23646.0
-56960.0,23328.0
-57560.0,23470.0
-57592.0,23736.0
-57436.0,23802.0
-56808.0,23532.0
-56904.0,23708.0
-57324.0,23754.0
-57368.0,23906.0
-57024.0,23742.0
-57720.0,23954.0
-57864.0,24214.0
-57864.0,24318.0
-58076.0,24342.0
-58412.0,24532.0
-58168.0,24518.0
-57880.0,24548.0
-57348.0,24514.0
-57400.0,24520.0
-57848.0,24598.0
-57476.0,24484.0
-57028.0,24408.0
-57416.0,24486.0
-57488.0,24584.0
-57576.0,24760.0
-57492.0,24776.0
-57856.0,24680.0
-57848.0,24594.0
-57968.0,24726.0
-57796.0,24598.0
-58072.0,24754.0
-57972.0,24844.0
-57528.0,24626.0
-57648.0,24554.0
-57488.0,24422.0
-57596.0,24558.0
-57604.0,24470.0
-57524.0,24302.0
-57200.0,24238.0
-57304.0,24150.0
-57136.0,24356.0
-57212.0,24514.0
-57356.0,24644.0
-56912.0,24488.0
-57244.0,24466.0
-57672.0,24548.0
-57460.0,24592.0
-58352.0,24708.0
-58060.0,24508.0
-57536.0,24378.0
-57128.0,24210.0
-57072.0,24044.0
-57344.0,23888.0
-57048.0,24076.0
-57420.0,24308.0
-57408.0,24498.0
-57852.0,24604.0
-57368.0,24640.0
-57840.0,24974.0
-57328.0,24762.0
-57408.0,24674.0
-56880.0,24424.0
-57252.0,24606.0
-57412.0,24466.0
-57472.0,24428.0
-56928.0,24152.0
-56564.0,24010.0
-56652.0,24224.0
-56612.0,24232.0
-56804.0,24072.0
-57340.0,24336.0
-57636.0,24770.0
-57628.0,24806.0
-57828.0,24814.0
-57876.0,24834.0
-57448.0,24766.0
-57520.0,24866.0
-57784.0,24870.0
-57528.0,24696.0
-58380.0,25102.0
-58372.0,25098.0
-58500.0,25174.0
-57916.0,25124.0
-57916.0,24938.0
-57896.0,24904.0
-58288.0,25150.0
-58220.0,24938.0
-58152.0,24742.0
-57536.0,24496.0
-57992.0,24728.0
-57656.0,24754.0
-57616.0,24618.0
-57720.0,24690.0
-57448.0,24462.0
-57716.0,24500.0
-57904.0,24614.0
-57748.0,24526.0
-57860.0,24388.0
-58020.0,24646.0
-58244.0,24692.0
-57680.0,24656.0
-57360.0,24680.0
-57884.0,24608.0
-57080.0,24100.0
-57112.0,23946.0
-56992.0,23790.0
-57304.0,23882.0
-57444.0,24094.0
-57576.0,24094.0
-57624.0,24104.0
-57684.0,24162.0
-57588.0,24180.0
-57528.0,23928.0
-56600.0,23524.0
-56200.0,23508.0
-56636.0,23308.0
-56604.0,23236.0
-56680.0,23460.0
-56976.0,23726.0
-57300.0,23778.0
-57240.0,23994.0
-56752.0,23784.0
-57224.0,23834.0
-57644.0,24076.0
-57420.0,23918.0
-57468.0,24032.0
-57516.0,24132.0
-57216.0,23914.0
-57348.0,23950.0
-56876.0,23792.0
-57620.0,24206.0
-57416.0,23968.0
-57996.0,24318.0
-57852.0,24246.0
-57320.0,23826.0
-57628.0,23838.0
-57428.0,23952.0
-57100.0,23984.0
-57596.0,24374.0
-57912.0,24546.0
-57708.0,24406.0
-57676.0,24426.0
-57692.0,24404.0
-57648.0,24376.0
-57500.0,24540.0
-57384.0,24402.0
-57276.0,24596.0
-57292.0,24824.0
-57296.0,24500.0
-57876.0,24972.0
-57480.0,24886.0
-57272.0,24812.0
-57612.0,24994.0
-58128.0,25082.0
-57880.0,25014.0
-58020.0,24914.0
-57960.0,24926.0
-57712.0,24884.0
-57252.0,24870.0
-57196.0,25062.0
-57428.0,25120.0
-57408.0,25018.0
-58020.0,25206.0
-57940.0,24890.0
-57784.0,25056.0
-57684.0,25114.0
-57444.0,25138.0
-57556.0,25066.0
-57736.0,25216.0
-58224.0,25400.0
-58016.0,25686.0
-57976.0,25658.0
-57968.0,25520.0
-58000.0,25550.0
-58156.0,25542.0
-57420.0,25398.0
-57048.0,25086.0
-57776.0,25344.0
-57576.0,25162.0
-57724.0,25406.0
-57684.0,25506.0
-57452.0,25578.0
-57868.0,25876.0
-57944.0,25948.0
-57792.0,25822.0
-57152.0,25436.0
-57272.0,25358.0
-56792.0,25082.0
-57052.0,25302.0
-56856.0,25174.0
-57072.0,25118.0
-57228.0,25166.0
-57632.0,25442.0
-57472.0,25122.0
-57552.0,25262.0
-57508.0,25194.0
-57396.0,25376.0
-57228.0,25544.0
-57536.0,25574.0
-57308.0,25458.0
-57596.0,25512.0
-57736.0,25442.0
-57580.0,25248.0
-57736.0,25190.0
-57696.0,25314.0
-57748.0,25092.0
-57684.0,25098.0
-57712.0,24882.0
-57920.0,24856.0
-57416.0,24732.0
-57664.0,24892.0
-57048.0,24512.0
-57036.0,24634.0
-57324.0,24746.0
-57720.0,24990.0
-57344.0,24916.0
-57212.0,24724.0
-57636.0,24998.0
-57228.0,24746.0
-57048.0,24576.0
-56560.0,24374.0
-56876.0,24294.0
-56824.0,24194.0
-57280.0,24182.0
-57344.0,24036.0
-57192.0,24052.0
-57456.0,24286.0
-58388.0,24712.0
-58156.0,24862.0
-58508.0,24918.0
-58320.0,24710.0
-58408.0,24724.0
-58256.0,24968.0
-58568.0,24904.0
-58460.0,25096.0
-58372.0,25152.0
-58028.0,24884.0
-57928.0,24608.0
-58288.0,24662.0
-58360.0,24722.0
-58156.0,24672.0
-58172.0,24840.0
-57720.0,24570.0
-57604.0,24570.0
-57740.0,24338.0
-57288.0,24316.0
-56792.0,24102.0
-57224.0,24202.0
-57192.0,23948.0
-57668.0,24230.0
-57612.0,24368.0
-57072.0,24284.0
-57116.0,24316.0
-57052.0,24312.0
-56484.0,23776.0
-56164.0,23600.0
-57180.0,23714.0
-57160.0,23700.0
-57328.0,23798.0
-57356.0,23614.0
-57760.0,23584.0
-57080.0,23544.0
-56620.0,23438.0
-56908.0,23580.0
-56992.0,23446.0
-57152.0,23634.0
-57456.0,23812.0
-57792.0,23686.0
-57412.0,23370.0
-56992.0,23428.0
-57120.0,23386.0
-57532.0,23530.0
-57900.0,23564.0
-57772.0,23576.0
-57500.0,23494.0
-57272.0,23580.0
-57564.0,23526.0
-57796.0,23694.0
-57100.0,23468.0
-57128.0,23582.0
-57268.0,23654.0
-57488.0,23608.0
-57344.0,23550.0
-57276.0,23760.0
-57604.0,23852.0
-57120.0,23530.0
-57568.0,23666.0
-57360.0,23602.0
-57156.0,23534.0
-57616.0,23762.0
-57756.0,23718.0
-57204.0,23364.0
-57204.0,23360.0
-57192.0,23188.0
-58096.0,23628.0
-57824.0,23510.0
-57140.0,23156.0
-57388.0,23172.0
-56988.0,22814.0
-56844.0,22488.0
-56616.0,22458.0
-56484.0,22482.0
-56744.0,22662.0
-57120.0,22634.0
-56984.0,22730.0
-57116.0,22858.0
-56968.0,22764.0
-57156.0,22844.0
-57884.0,23020.0
-57760.0,22736.0
-58080.0,23022.0
-57992.0,23188.0
-57804.0,23006.0
-57752.0,23020.0
-57568.0,22878.0
-57700.0,22934.0
-57304.0,22936.0
-57600.0,23034.0
-57720.0,22784.0
-57276.0,22648.0
-57596.0,22740.0
-57484.0,22714.0
-57196.0,22774.0
-57804.0,22690.0
-57456.0,22836.0
-57152.0,22656.0
-56864.0,22432.0
-56892.0,22634.0
-57224.0,22834.0
-57492.0,22960.0
-57344.0,22652.0
-56640.0,22444.0
-56456.0,22438.0
-56860.0,22714.0
-56832.0,22730.0
-56548.0,22560.0
-56468.0,22606.0
-56568.0,22784.0
-56632.0,22736.0
-57104.0,22770.0
-56756.0,22880.0
-56848.0,22976.0
-56732.0,23018.0
-56788.0,23080.0
-57328.0,23318.0
-57352.0,23276.0
-57404.0,23090.0
-57316.0,22680.0
-57544.0,22912.0
-57432.0,23306.0
-57764.0,23208.0
-57556.0,23236.0
-57140.0,23182.0
-56988.0,23066.0
-57328.0,23248.0
-57168.0,23624.0
-57184.0,23364.0
-56884.0,23292.0
-57232.0,23436.0
-57628.0,23466.0
-57368.0,23164.0
-56920.0,22868.0
-56560.0,22922.0
-56924.0,23212.0
-56412.0,23054.0
-56320.0,22962.0
-56164.0,22700.0
-56600.0,23306.0
-56732.0,23282.0
-57304.0,23456.0
-57368.0,23674.0
-57312.0,23738.0
-56568.0,23492.0
-56796.0,23794.0
-56968.0,23634.0
-57064.0,23668.0
-57176.0,23734.0
-57252.0,23648.0
-57148.0,23902.0
-57360.0,23804.0
-57108.0,23726.0
-57148.0,23756.0
-57992.0,23782.0
-57308.0,23510.0
-57120.0,23350.0
-56808.0,23154.0
-56796.0,23044.0
-56776.0,23074.0
-56436.0,22934.0
-56444.0,23050.0
-56796.0,23420.0
-56764.0,23564.0
-56768.0,23658.0
-57276.0,23742.0
-57732.0,23626.0
-57172.0,23338.0
-57164.0,22850.0
-57460.0,22812.0
-56996.0,22848.0
-56828.0,22870.0
-56744.0,23054.0
-57084.0,23160.0
-57096.0,22914.0
-57020.0,22884.0
-56276.0,22738.0
-56208.0,22802.0
-56552.0,22754.0
-56700.0,22566.0
-56172.0,22566.0
-56680.0,22692.0
-56384.0,22606.0
-55948.0,22822.0
-55896.0,22856.0
-56108.0,22682.0
-55784.0,22772.0
-56592.0,23112.0
-56520.0,23294.0
-56392.0,22892.0
-56660.0,23242.0
-57028.0,23176.0
-57040.0,23476.0
-57544.0,23678.0
-57268.0,23688.0
-57464.0,23782.0
-57712.0,23650.0
-57368.0,23640.0
-57508.0,23624.0
-57544.0,23586.0
-57464.0,23682.0
-57688.0,23690.0
-57460.0,23788.0
-57356.0,23614.0
-57324.0,23554.0
-57288.0,23532.0
-57024.0,23528.0
-56540.0,23508.0
-57000.0,23836.0
-57092.0,23668.0
-57156.0,23398.0
-56676.0,23272.0
-56860.0,23232.0
-56712.0,23282.0
-56520.0,23456.0
-56848.0,23502.0
-56488.0,23360.0
-57272.0,23564.0
-56768.0,23158.0
-57192.0,23592.0
-57288.0,23608.0
-57244.0,23576.0
-57012.0,23656.0
-57324.0,23680.0
-56824.0,23696.0
-56628.0,23680.0
-56508.0,23576.0
-56500.0,23378.0
-56792.0,23314.0
-56680.0,23266.0
-56172.0,23072.0
-55968.0,22790.0
-56476.0,22984.0
-56848.0,23088.0
-56784.0,22978.0
-56444.0,22762.0
-56764.0,22768.0
-56452.0,22656.0
-56632.0,22852.0
-56712.0,22724.0
-56704.0,22738.0
-57036.0,22882.0
-57164.0,23040.0
-57108.0,23102.0
-57460.0,23296.0
-57008.0,23188.0
-56884.0,23158.0
-57256.0,23324.0
-57048.0,23348.0
-57128.0,23390.0
-57368.0,23532.0
-57032.0,23464.0
-57128.0,23582.0
-57400.0,23534.0
-56864.0,23528.0
-57284.0,23808.0
-58028.0,24028.0
-57852.0,24020.0
-57356.0,23560.0
-57900.0,23512.0
-57876.0,23734.0
-57192.0,23852.0
-57292.0,23958.0
-57268.0,24070.0
-57328.0,24124.0
-57908.0,24274.0
-58260.0,24556.0
-57932.0,24474.0
-57960.0,24512.0
-58212.0,24424.0
-57824.0,24390.0
-57740.0,24080.0
-57960.0,24124.0
-58036.0,24280.0
-57736.0,24056.0
-57452.0,24010.0
-57584.0,23904.0
-57344.0,23578.0
-57196.0,23640.0
-56956.0,23704.0
-57160.0,23800.0
-56596.0,23600.0
-56924.0,23790.0
-57152.0,23800.0
-57236.0,23770.0
-57144.0,23734.0
-57120.0,23856.0
-56744.0,23862.0
-56956.0,23830.0
-57312.0,23864.0
-57232.0,23806.0
-57044.0,23764.0
-57140.0,23666.0
-57604.0,23858.0
-57052.0,23530.0
-57180.0,23364.0
-57312.0,23444.0
-57684.0,23744.0
-57396.0,23594.0
-57264.0,23648.0
-56992.0,23412.0
-56940.0,23310.0
-57048.0,23324.0
-56996.0,23330.0
-56904.0,23564.0
-56492.0,23660.0
-56636.0,23716.0
-56992.0,23726.0
-57236.0,23644.0
-56956.0,23748.0
-57028.0,23662.0
-56800.0,23746.0
-56684.0,23664.0
-56276.0,23724.0
-56520.0,23696.0
-56708.0,23744.0
-57148.0,23846.0
-57084.0,23784.0
-57064.0,23870.0
-56940.0,23704.0
-56916.0,23480.0
-56788.0,23342.0
-56580.0,23014.0
-56932.0,23310.0
-56712.0,23392.0
-56876.0,23476.0
-57564.0,23698.0
-56732.0,23556.0
-57128.0,23704.0
-56976.0,23668.0
-56604.0,23774.0
-56524.0,23798.0
-56900.0,23802.0
-56392.0,23610.0
-55892.0,23536.0
-56632.0,23728.0
-56524.0,23692.0
-56760.0,23798.0
-57064.0,23948.0
-57004.0,23966.0
-57212.0,23772.0
-57124.0,23890.0
-57424.0,24158.0
-57204.0,24176.0
-56772.0,24218.0
-57072.0,24406.0
-57136.0,24376.0
-57268.0,24356.0
-56712.0,24088.0
-56568.0,24164.0
-56504.0,24190.0
-56736.0,24042.0
-57008.0,23932.0
-57244.0,23842.0
-57168.0,23764.0
-56968.0,23880.0
-57160.0,23944.0
-57200.0,24072.0
-57172.0,24234.0
-56952.0,23852.0
-57360.0,23986.0
-57796.0,23954.0
-57344.0,23854.0
-57132.0,23596.0
-56728.0,23422.0
-56352.0,23422.0
-56256.0,23502.0
-56360.0,23488.0
-56748.0,23558.0
-56984.0,23538.0
-57352.0,23670.0
-56976.0,23828.0
-56600.0,23662.0
-56648.0,23462.0
-56528.0,23370.0
-56404.0,23502.0
-56648.0,23620.0
-56616.0,23560.0
-56556.0,23420.0
-56176.0,23276.0
-56600.0,23566.0
-56508.0,23584.0
-56488.0,23344.0
-56664.0,23522.0
-57164.0,23574.0
-57252.0,23888.0
-56644.0,23592.0
-56632.0,23534.0
-56380.0,23544.0
-56676.0,23516.0
-56584.0,23452.0
-56496.0,23510.0
-57060.0,23800.0
-57144.0,24032.0
-57432.0,24216.0
-57448.0,24218.0
-57604.0,24382.0
-57128.0,24334.0
-57044.0,24334.0
-57172.0,24272.0
-56872.0,24056.0
-56544.0,23842.0
-56532.0,23774.0
-56476.0,23896.0
-56248.0,23700.0
-55424.0,23672.0
-55820.0,23674.0
-55684.0,23574.0
-56044.0,23906.0
-55808.0,23796.0
-56484.0,24038.0
-56584.0,24250.0
-56864.0,24530.0
-56932.0,24674.0
-57256.0,25002.0
-57136.0,24926.0
-57620.0,25006.0
-56596.0,24988.0
-56784.0,25068.0
-57380.0,25162.0
-57268.0,24976.0
-56996.0,24884.0
-57472.0,25286.0
-57352.0,25248.0
-57180.0,25210.0
-56940.0,25070.0
-56616.0,24754.0
-56624.0,24654.0
-57016.0,24810.0
-57224.0,25080.0
-57672.0,25164.0
-57384.0,25024.0
-57020.0,24872.0
-56700.0,25030.0
-56760.0,24836.0
-57244.0,25018.0
-57032.0,25020.0
-57096.0,25256.0
-57668.0,25360.0
-57472.0,25492.0
-57200.0,25322.0
-56716.0,25334.0
-57152.0,25288.0
-57220.0,25288.0
-57568.0,25428.0
-57336.0,25460.0
-57788.0,25544.0
-57708.0,25606.0
-57616.0,25624.0
-57928.0,25694.0
-57852.0,25634.0
-57280.0,25678.0
-57284.0,25494.0
-57360.0,25470.0
-56840.0,25464.0
-56880.0,25206.0
-56880.0,25346.0
-57124.0,25572.0
-57476.0,25568.0
-57272.0,25588.0
-57336.0,25720.0
-57772.0,25866.0
-57720.0,25886.0
-57276.0,25638.0
-57416.0,25792.0
-57476.0,25596.0
-57096.0,25528.0
-57264.0,25364.0
-57264.0,25442.0
-57632.0,25532.0
-57504.0,25356.0
-57728.0,25670.0
-57320.0,25248.0
-57432.0,25394.0
-57512.0,25274.0
-57924.0,25412.0
-57332.0,25300.0
-57228.0,25728.0
-57632.0,25810.0
-57396.0,25908.0
-58032.0,26240.0
-58528.0,26414.0
-58692.0,26294.0
-58344.0,26104.0
-58268.0,26080.0
-57824.0,25664.0
-57952.0,25916.0
-57864.0,25738.0
-57204.0,25642.0
-57492.0,25706.0
-57280.0,25642.0
-57484.0,25712.0
-57376.0,25804.0
-57912.0,26134.0
-57844.0,26086.0
-57920.0,26156.0
-58096.0,26010.0
-57148.0,25640.0
-57036.0,25714.0
-57104.0,25536.0
-57200.0,25500.0
-57652.0,25420.0
-57304.0,25226.0
-57088.0,25202.0
-57220.0,25206.0
-56960.0,25202.0
-56804.0,25220.0
-56568.0,25032.0
-56976.0,25222.0
-57168.0,25420.0
-57316.0,25554.0
-57784.0,25600.0
-57996.0,25806.0
-57480.0,25778.0
-58356.0,25890.0
-58388.0,25964.0
-58152.0,25858.0
-57644.0,25462.0
-57280.0,25404.0
-57348.0,25402.0
-57384.0,25412.0
-57008.0,25418.0
-57220.0,25518.0
-57668.0,25772.0
-58248.0,25948.0
-57952.0,25992.0
-57728.0,25960.0
-57660.0,25684.0
-57288.0,25630.0
-58260.0,25658.0
-58348.0,25840.0
-58172.0,25850.0
-58032.0,25862.0
-58200.0,25652.0
-57976.0,25616.0
-57944.0,25572.0
-58244.0,25550.0
-58360.0,25512.0
-57884.0,25444.0
-58208.0,25682.0
-57428.0,25338.0
-57632.0,25392.0
-58036.0,25656.0
-57860.0,25470.0
-57832.0,25566.0
-57632.0,25538.0
-57724.0,25530.0
-58056.0,25600.0
-58572.0,25760.0
-58084.0,25448.0
-57524.0,25350.0
-57548.0,25352.0
-57676.0,25526.0
-57824.0,25094.0
-57380.0,24578.0
-57596.0,24378.0
-56864.0,24234.0
-56848.0,24104.0
-56724.0,23954.0
-56440.0,23938.0
-56600.0,24000.0
-56180.0,23738.0
-56484.0,23784.0
-56620.0,23942.0
-56660.0,23920.0
-57060.0,24234.0
-56496.0,23928.0
-57100.0,24268.0
-56972.0,24394.0
-57388.0,24222.0
-57056.0,24344.0
-57452.0,24514.0
-57160.0,24490.0
-56908.0,24608.0
-57000.0,24476.0
-56980.0,24584.0
-56996.0,24646.0
-57276.0,24812.0
-57372.0,24682.0
-57296.0,24674.0
-57176.0,24550.0
-57104.0,24564.0
-57796.0,24896.0
-57876.0,25102.0
-57632.0,25020.0
-57752.0,25054.0
-57804.0,25152.0
-57676.0,25054.0
-57408.0,25150.0
-57152.0,24770.0
-56964.0,24364.0
-56760.0,24364.0
-56652.0,24108.0
-57140.0,24380.0
-56468.0,24334.0
-56840.0,24470.0
-56180.0,24408.0
-56368.0,24224.0
-56536.0,24324.0
-56800.0,24472.0
-56592.0,24552.0
-56596.0,24718.0
-57412.0,25106.0
-57036.0,25112.0
-57012.0,25168.0
-57460.0,25250.0
-57160.0,25130.0
-57228.0,25046.0
-57432.0,25060.0
-57164.0,25088.0
-57272.0,25000.0
-56932.0,24756.0
-57172.0,24770.0
-57140.0,24836.0
-56908.0,24708.0
-56956.0,24508.0
-56752.0,24482.0
-56688.0,24360.0
-56508.0,24100.0
-56300.0,24030.0
-56676.0,24158.0
-56784.0,24184.0
-56924.0,24374.0
-56732.0,24364.0
-56816.0,24362.0
-56672.0,24546.0
-56560.0,24448.0
-56732.0,24410.0
-57004.0,24618.0
-57196.0,24778.0
-56528.0,24826.0
-56740.0,25024.0
-56924.0,24742.0
-56504.0,24532.0
-56976.0,24628.0
-56316.0,24614.0
-56456.0,24846.0
-56324.0,24658.0
-56256.0,24650.0
-56524.0,24812.0
-56428.0,24822.0
-56504.0,24858.0
-56976.0,24984.0
-57000.0,25122.0
-56980.0,25238.0
-57272.0,25292.0
-57120.0,25254.0
-57312.0,25294.0
-56956.0,25282.0
-56976.0,25058.0
-56696.0,24860.0
-56332.0,24804.0
-56376.0,24724.0
-56380.0,24958.0
-57360.0,25358.0
-57112.0,25278.0
-56680.0,25092.0
-56588.0,25030.0
-57268.0,25390.0
-56840.0,25334.0
-57008.0,25152.0
-57100.0,25276.0
-57064.0,25458.0
-57216.0,25620.0
-57200.0,25686.0
-57324.0,25734.0
-57544.0,25874.0
-57892.0,26148.0
-57768.0,25986.0
-57340.0,25722.0
-57476.0,25666.0
-57332.0,25624.0
-57236.0,25598.0
-57420.0,25906.0
-57040.0,25650.0
-56952.0,25404.0
-57444.0,25572.0
-56928.0,25652.0
-57032.0,25722.0
-57224.0,25996.0
-56916.0,25648.0
-57180.0,25772.0
-57408.0,25846.0
-57452.0,25960.0
-57556.0,25820.0
-57324.0,25900.0
-57328.0,25972.0
-57732.0,26100.0
-58076.0,26334.0
-57536.0,26466.0
-58104.0,26494.0
-58192.0,26704.0
-58256.0,26708.0
-58072.0,26680.0
-57892.0,26744.0
-57904.0,26886.0
-58096.0,26840.0
-57916.0,26800.0
-58316.0,27040.0
-58240.0,26982.0
-58356.0,26956.0
-58128.0,26832.0
-57916.0,26950.0
-58024.0,26938.0
-57656.0,26908.0
-58480.0,27040.0
-58716.0,27128.0
-58776.0,27132.0
-58740.0,27208.0
-58756.0,27170.0
-58172.0,26916.0
-58160.0,26972.0
-58216.0,26936.0
-58096.0,26540.0
-57880.0,26500.0
-57892.0,26544.0
-58396.0,26558.0
-58384.0,26434.0
-58048.0,26484.0
-57888.0,26294.0
-58172.0,26396.0
-58008.0,26354.0
-57896.0,26470.0
-57668.0,26576.0
-58408.0,26746.0
-58120.0,26794.0
-58660.0,26870.0
-57820.0,26644.0
-57828.0,26890.0
-57456.0,26616.0
-57184.0,26510.0
-57856.0,26440.0
-58184.0,26356.0
-57872.0,26400.0
-57712.0,26302.0
-58244.0,26392.0
-57496.0,26124.0
-57512.0,26174.0
-58000.0,26048.0
-58064.0,26244.0
-57940.0,26102.0
-58464.0,26254.0
-58380.0,26402.0
-57780.0,26334.0
-57708.0,26264.0
-57748.0,26314.0
-57600.0,26246.0
-57512.0,26180.0
-57704.0,26082.0
-57724.0,26198.0
-58056.0,26212.0
-57388.0,25864.0
-57640.0,26102.0
-57512.0,25956.0
-57576.0,26192.0
-57468.0,26200.0
-57208.0,26074.0
-57728.0,26400.0
-57812.0,26318.0
-58312.0,26432.0
-58180.0,26262.0
-57752.0,25900.0
-57960.0,26128.0
-57876.0,26028.0
-57956.0,25814.0
-57752.0,25746.0
-57540.0,25642.0
-57932.0,25802.0
-57628.0,25752.0
-57788.0,25888.0
-57632.0,25750.0
-57484.0,25510.0
-57276.0,25468.0
-56860.0,25312.0
-57092.0,25370.0
-57152.0,25492.0
-57164.0,25832.0
-57112.0,25970.0
-57128.0,25816.0
-57236.0,26216.0
-57980.0,26632.0
-57500.0,26532.0
-57348.0,26376.0
-58096.0,26646.0
-57848.0,26476.0
-58012.0,26316.0
-57792.0,26420.0
-57564.0,26114.0
-58096.0,26234.0
-57780.0,26248.0
-58116.0,26200.0
-58432.0,26228.0
-57984.0,26204.0
-57840.0,26190.0
-57756.0,26340.0
-58048.0,26296.0
-58056.0,26210.0
-58144.0,26078.0
-57620.0,25884.0
-57220.0,25548.0
-57232.0,25708.0
-56836.0,25324.0
-56664.0,25104.0
-57024.0,25210.0
-57404.0,25270.0
-57872.0,25684.0
-57800.0,25736.0
-57720.0,25734.0
-57832.0,25954.0
-57652.0,25666.0
-57336.0,25762.0
-57508.0,25816.0
-57416.0,25700.0
-57544.0,25644.0
-56736.0,25470.0
-57084.0,25332.0
-56440.0,25438.0
-56848.0,25510.0
-56780.0,25220.0
-56628.0,25124.0
-57000.0,25204.0
-56724.0,25098.0
-56500.0,25206.0
-56780.0,25186.0
-56896.0,25490.0
-56780.0,25204.0
-57156.0,25178.0
-57136.0,25042.0
-57124.0,24996.0
-57036.0,25292.0
-56888.0,25372.0
-57276.0,25512.0
-57528.0,25328.0
-57692.0,25558.0
-57480.0,25528.0
-57332.0,25434.0
-57256.0,25462.0
-57132.0,25234.0
-57164.0,25384.0
-57328.0,25342.0
-57204.0,25264.0
-57176.0,25328.0
-57384.0,25420.0
-57508.0,25664.0
-57564.0,25568.0
-57660.0,25634.0
-57172.0,25430.0
-57376.0,25848.0
-57724.0,25952.0
-57372.0,25750.0
-57628.0,25960.0
-57732.0,25994.0
-57644.0,25968.0
-58104.0,26302.0
-58116.0,26392.0
-58228.0,26384.0
-57928.0,26544.0
-57728.0,26510.0
-57616.0,26328.0
-57680.0,25992.0
-57572.0,26174.0
-57836.0,26268.0
-57652.0,26206.0
-57812.0,26154.0
-57596.0,25824.0
-58124.0,26296.0
-57720.0,26288.0
-57456.0,26342.0
-57628.0,26418.0
-57716.0,26380.0
-57452.0,26400.0
-57076.0,26260.0
-57584.0,26404.0
-57812.0,26324.0
-58132.0,26492.0
-57964.0,26218.0
-57612.0,26044.0
-57128.0,25772.0
-57568.0,26236.0
-57592.0,26204.0
-57752.0,26404.0
-57756.0,26604.0
-57332.0,26596.0
-58016.0,26688.0
-58428.0,26686.0
-58512.0,26916.0
-58692.0,26998.0
-59044.0,27086.0
-58856.0,26992.0
-58844.0,26998.0
-58268.0,26888.0
-57940.0,26874.0
-58036.0,26842.0
-57616.0,26586.0
-57688.0,26946.0
-58172.0,27138.0
-58196.0,27016.0
-58652.0,27132.0
-58380.0,27078.0
-58784.0,27330.0
-58504.0,27224.0
-58588.0,27178.0
-58620.0,26876.0
-58284.0,26774.0
-57832.0,26520.0
-57676.0,26592.0
-57908.0,26682.0
-57956.0,26714.0
-57692.0,26342.0
-57888.0,26372.0
-57992.0,26424.0
-57996.0,26652.0
-57728.0,26386.0
-56920.0,26176.0
-57048.0,25916.0
-57088.0,25920.0
-57636.0,26160.0
-57712.0,26078.0
-57500.0,26142.0
-57660.0,26264.0
-57600.0,26484.0
-57528.0,26544.0
-57756.0,26582.0
-57644.0,26384.0
-57772.0,26300.0
-57892.0,26424.0
-57032.0,26240.0
-56880.0,26306.0
-57596.0,26868.0
-57348.0,26612.0
-57672.0,26824.0
-57660.0,26762.0
-57640.0,26740.0
-57676.0,26702.0
-57464.0,26654.0
-57860.0,26636.0
-57440.0,26888.0
-57712.0,26794.0
-57620.0,26918.0
-57648.0,27032.0
-58032.0,27396.0
-58044.0,27380.0
-57840.0,27482.0
-57652.0,27326.0
-57208.0,27114.0
-57276.0,26868.0
-57824.0,27042.0
-57592.0,26834.0
-57308.0,26864.0
-57608.0,27036.0
-57188.0,26700.0
-57336.0,26688.0
-57412.0,26546.0
-57576.0,26398.0
-57528.0,26512.0
-57408.0,26568.0
-57076.0,26222.0
-57156.0,26264.0
-57356.0,26114.0
-57240.0,26120.0
-57712.0,26098.0
-57128.0,26150.0
-57312.0,26312.0
-57012.0,26216.0
-57112.0,26390.0
-57464.0,26590.0
-57648.0,26524.0
-57664.0,26512.0
-57584.0,26390.0
-57696.0,26592.0
-57876.0,26734.0
-58488.0,26752.0
-58152.0,26810.0
-57840.0,26470.0
-57740.0,26328.0
-58208.0,26492.0
-58092.0,26506.0
-57464.0,26412.0
-57392.0,26340.0
-57536.0,26512.0
-57808.0,26646.0
-57340.0,26338.0
-57988.0,26322.0
-57904.0,26160.0
-57756.0,26106.0
-57908.0,26094.0
-58148.0,26242.0
-57744.0,26068.0
-57228.0,25906.0
-57400.0,25898.0
-57512.0,25786.0
-57704.0,25670.0
-57524.0,25524.0
-56784.0,25432.0
-57536.0,25456.0
-57268.0,25406.0
-57160.0,25522.0
-56860.0,25402.0
-56740.0,25146.0
-56984.0,25056.0
-56820.0,24950.0
-56428.0,24492.0
-56528.0,24442.0
-56964.0,24582.0
-56876.0,24472.0
-57020.0,24408.0
-56860.0,24516.0
-56884.0,24766.0
-57160.0,24848.0
-57776.0,24930.0
-57632.0,24776.0
-57456.0,24980.0
-57076.0,24742.0
-56852.0,24714.0
-57260.0,24944.0
-57488.0,25068.0
-57672.0,25220.0
-57548.0,25222.0
-57148.0,25174.0
-57516.0,25420.0
-57396.0,25416.0
-57556.0,25392.0
-57560.0,25514.0
-57436.0,25710.0
-57528.0,25584.0
-57708.0,25486.0
-57124.0,25250.0
-57380.0,25234.0
-57488.0,25300.0
-57684.0,25474.0
-57736.0,25612.0
-58000.0,25616.0
-57524.0,25490.0
-57616.0,25484.0
-57508.0,25652.0
-57060.0,25564.0
-56972.0,25756.0
-57020.0,25916.0
-57764.0,26064.0
-58000.0,26200.0
-57412.0,26020.0
-57524.0,26198.0
-58064.0,26204.0
-58356.0,26472.0
-58092.0,26552.0
-58304.0,26530.0
-57916.0,26310.0
-58052.0,26252.0
-57832.0,26312.0
-57912.0,26416.0
-57396.0,26140.0
-57476.0,25900.0
-57376.0,26002.0
-57756.0,26010.0
-57844.0,25928.0
-58052.0,26054.0
-57668.0,25834.0
-57884.0,26060.0
-57856.0,26066.0
-57640.0,26072.0
-57480.0,26068.0
-57484.0,25980.0
-58040.0,26068.0
-57892.0,26234.0
-57540.0,26260.0
-57944.0,26062.0
-57692.0,26228.0
-58016.0,26166.0
-58300.0,26416.0
-58280.0,26754.0
-58064.0,26588.0
-58304.0,26526.0
-57996.0,26412.0
-57800.0,26358.0
-57820.0,26514.0
-57940.0,26342.0
-58176.0,26652.0
-57744.0,26770.0
-58200.0,27008.0
-58120.0,27064.0
-58184.0,27210.0
-58576.0,27610.0
-58444.0,27450.0
-58640.0,27298.0
-58124.0,27240.0
-58520.0,27442.0
-58724.0,27692.0
-58496.0,27572.0
-58400.0,27512.0
-58364.0,27676.0
-58432.0,27732.0
-58720.0,27652.0
-58664.0,27634.0
-58756.0,27518.0
-58068.0,27064.0
-57880.0,27112.0
-58144.0,27232.0
-58456.0,27444.0
-58184.0,27358.0
-57840.0,27106.0
-58156.0,27184.0
-58000.0,27318.0
-58764.0,27498.0
-58288.0,27454.0
-58424.0,27350.0
-58732.0,27448.0
-58200.0,27316.0
-58480.0,27234.0
-58292.0,27158.0
-58104.0,26896.0
-57948.0,26848.0
-57968.0,26840.0
-58020.0,26814.0
-58272.0,27200.0
-58168.0,27340.0
-58260.0,27260.0
-58772.0,27472.0
-58976.0,27624.0
-58908.0,27594.0
-58584.0,27508.0
-58364.0,27348.0
-58288.0,27122.0
-58064.0,26930.0
-57912.0,26826.0
-58028.0,26598.0
-58172.0,26474.0
-58012.0,26642.0
-58144.0,26780.0
-57540.0,26402.0
-58148.0,26742.0
-57788.0,26656.0
-57876.0,26500.0
-57488.0,26706.0
-57340.0,26530.0
-56748.0,26198.0
-57056.0,26198.0
-57664.0,26494.0
-57332.0,26250.0
-57720.0,26142.0
-57632.0,26032.0
-57872.0,26196.0
-57564.0,25936.0
-57372.0,26088.0
-57980.0,26208.0
-57832.0,26152.0
-57680.0,26186.0
-57960.0,26066.0
-57424.0,25946.0
-57960.0,26264.0
-57920.0,26344.0
-58092.0,26366.0
-57816.0,26368.0
-58312.0,26336.0
-58284.0,26622.0
-58000.0,26514.0
-58188.0,26510.0
-58496.0,26496.0
-58272.0,26356.0
-57908.0,26040.0
-57844.0,26096.0
-58284.0,26410.0
-58224.0,26332.0
-58336.0,26314.0
-57888.0,26308.0
-57984.0,26472.0
-57884.0,26356.0
-57220.0,26152.0
-57560.0,26140.0
-57984.0,26434.0
-58012.0,26192.0
-57972.0,25990.0
-57760.0,25878.0
-58128.0,25836.0
-58520.0,25906.0
-58172.0,25832.0
-58016.0,25832.0
-57864.0,25604.0
-57772.0,25630.0
-58096.0,26038.0
-58300.0,26144.0
-58732.0,26254.0
-58620.0,26162.0
-58244.0,25830.0
-58216.0,26054.0
-58312.0,26026.0
-58312.0,26144.0
-58104.0,25920.0
-58132.0,26014.0
-57812.0,25798.0
-58308.0,25998.0
-57536.0,25720.0
-57384.0,25632.0
-57236.0,25532.0
-57536.0,25784.0
-57824.0,25768.0
-57612.0,25716.0
-57704.0,25758.0
-57716.0,25910.0
-57700.0,26042.0
-58028.0,26408.0
-58568.0,26372.0
-58712.0,26292.0
-58752.0,26408.0
-58876.0,26402.0
-58564.0,26534.0
-58620.0,26480.0
-58736.0,26392.0
-58512.0,26450.0
-58520.0,26438.0
-58704.0,26468.0
-58056.0,26404.0
-57892.0,26474.0
-58056.0,26762.0
-57804.0,26814.0
-57888.0,26930.0
-58068.0,26894.0
-57700.0,26684.0
-58244.0,26670.0
-58172.0,26498.0
-58576.0,26908.0
-58572.0,26864.0
-58632.0,26958.0
-58732.0,27146.0
-58408.0,27008.0
-58376.0,26894.0
-58516.0,27062.0
-57880.0,26712.0
-58040.0,26714.0
-57816.0,26720.0
-57856.0,26820.0
-57916.0,26828.0
-58540.0,26944.0
-58268.0,26778.0
-58248.0,26700.0
-58420.0,26834.0
-57892.0,26662.0
-58460.0,27090.0
-58260.0,27362.0
-57880.0,27196.0
-57452.0,26898.0
-57736.0,26990.0
-58596.0,27188.0
-58684.0,27510.0
-58764.0,27444.0
-58536.0,27102.0
-57904.0,26756.0
-57560.0,26700.0
-57856.0,26688.0
-57988.0,26718.0
-58148.0,26730.0
-57792.0,26656.0
-58132.0,26806.0
-58256.0,26908.0
-58296.0,26948.0
-58660.0,27080.0
-58504.0,27194.0
-58868.0,27172.0
-59056.0,27218.0
-59760.0,27592.0
-59648.0,27494.0
-59184.0,27228.0
-59436.0,27446.0
-58996.0,27426.0
-59276.0,27488.0
-58484.0,27066.0
-57948.0,26820.0
-58640.0,26772.0
-59084.0,27028.0
-59120.0,27006.0
-58924.0,26990.0
-58280.0,26898.0
-58784.0,27070.0
-58688.0,26950.0
-58124.0,26618.0
-58184.0,26838.0
-58944.0,27108.0
-58768.0,26960.0
-58644.0,26698.0
-58296.0,26694.0
-58088.0,26764.0
-57912.0,26714.0
-57896.0,26626.0
-57964.0,26418.0
-57568.0,26230.0
-57544.0,26186.0
-57664.0,26220.0
-57560.0,26188.0
-57780.0,26424.0
-58004.0,26674.0
-57868.0,26508.0
-57560.0,26494.0
-58176.0,26900.0
-58548.0,26920.0
-58232.0,27032.0
-58600.0,27240.0
-58544.0,27170.0
-58380.0,27122.0
-58948.0,27440.0
-58612.0,27318.0
-58260.0,27378.0
-58404.0,27514.0
-57692.0,27026.0
-58440.0,27342.0
-58728.0,27238.0
-58976.0,27210.0
-58852.0,27202.0
-58764.0,27062.0
-58608.0,27162.0
-58716.0,27216.0
-58432.0,27112.0
-58008.0,27038.0
-58232.0,27260.0
-58556.0,27412.0
-58724.0,27398.0
-58228.0,27234.0
-58052.0,27266.0
-58400.0,27268.0
-58616.0,27138.0
-58040.0,26778.0
-57644.0,26580.0
-57812.0,26610.0
-57968.0,26608.0
-57920.0,26860.0
-57896.0,26920.0
-57404.0,26874.0
-57420.0,26722.0
-57552.0,26806.0
-58168.0,26952.0
-58308.0,26920.0
-57916.0,26798.0
-57452.0,26674.0
-57856.0,26876.0
-58056.0,26906.0
-58360.0,26860.0
-57976.0,26898.0
-58484.0,27120.0
-57964.0,26544.0
-57900.0,26394.0
-57848.0,26490.0
-58084.0,26442.0
-58232.0,26424.0
-57968.0,26238.0
-57832.0,26024.0
-57844.0,25750.0
-57576.0,25876.0
-57452.0,25970.0
-57460.0,25802.0
-57564.0,25942.0
-57820.0,26104.0
-57840.0,26072.0
-57424.0,25946.0
-57568.0,25822.0
-57516.0,25774.0
-57688.0,25684.0
-57856.0,25510.0
-57504.0,25580.0
-57644.0,25424.0
-57372.0,25234.0
-57184.0,24886.0
-57504.0,25028.0
-57476.0,25174.0
-57800.0,25634.0
-57652.0,25492.0
-57852.0,25432.0
-57432.0,25272.0
-57508.0,25082.0
-57712.0,25036.0
-57852.0,25256.0
-58260.0,25284.0
-58504.0,25506.0
-57980.0,25392.0
-57096.0,25134.0
-56924.0,24946.0
-57264.0,24810.0
-57296.0,25006.0
-57496.0,24958.0
-57132.0,24730.0
-57132.0,24946.0
-57368.0,25158.0
-57212.0,25088.0
-56820.0,24892.0
-57060.0,24936.0
-57448.0,24838.0
-57692.0,25248.0
-57680.0,25246.0
-57544.0,25388.0
-57404.0,25262.0
-57800.0,25262.0
-57624.0,25440.0
-57928.0,25266.0
-57500.0,25076.0
-57452.0,25060.0
-57504.0,25094.0
-57176.0,25138.0
-57504.0,25270.0
-57688.0,25318.0
-57972.0,25214.0
-57580.0,25580.0
-58412.0,25864.0
-57700.0,25676.0
-57036.0,25544.0
-57544.0,25508.0
-57836.0,25592.0
-57996.0,25548.0
-58068.0,25384.0
-57296.0,25278.0
-57256.0,25288.0
-56992.0,25058.0
-57136.0,25200.0
-57772.0,25264.0
-57100.0,25038.0
-57968.0,25104.0
-57684.0,25376.0
-57552.0,25248.0
-57524.0,25314.0
-57144.0,24930.0
-57700.0,25008.0
-57884.0,25104.0
-57596.0,25008.0
-57460.0,24868.0
-57360.0,24848.0
-57192.0,24688.0
-57088.0,24702.0
-57208.0,24808.0
-57456.0,24666.0
-57468.0,24780.0
-58016.0,24864.0
-57780.0,24798.0
-57848.0,24920.0
-57148.0,24634.0
-57352.0,24846.0
-57232.0,24760.0
-57052.0,24866.0
-57232.0,25096.0
-57320.0,25156.0
-57248.0,25158.0
-57548.0,25040.0
-57640.0,25236.0
-57772.0,25154.0
-57388.0,25006.0
-57576.0,25104.0
-57876.0,25334.0
-58044.0,25314.0
-57328.0,25166.0
-57344.0,25248.0
-57420.0,25310.0
-57396.0,25230.0
-57304.0,25172.0
-56984.0,25148.0
-56956.0,25176.0
-57424.0,25472.0
-57192.0,25544.0
-57708.0,25714.0
-57368.0,25884.0
-57776.0,25920.0
-58144.0,26116.0
-57628.0,25966.0
-57740.0,25654.0
-57612.0,25594.0
-57480.0,25426.0
-57576.0,25568.0
-57452.0,25340.0
-57652.0,25522.0
-57592.0,25568.0
-57480.0,25500.0
-57388.0,25350.0
-57280.0,25370.0
-56972.0,25384.0
-57124.0,25400.0
-57252.0,25436.0
-57000.0,25386.0
-57404.0,25602.0
-57272.0,25488.0
-57472.0,25458.0
-57636.0,25488.0
-57524.0,25442.0
-57416.0,25242.0
-57500.0,25312.0
-57016.0,25038.0
-57108.0,24892.0
-56840.0,24892.0
-56860.0,25014.0
-56572.0,24922.0
-56736.0,25002.0
-56944.0,25012.0
-56992.0,25220.0
-57304.0,25506.0
-57380.0,25442.0
-57512.0,25552.0
-57796.0,25618.0
-57064.0,25326.0
-57284.0,25394.0
-56968.0,24986.0
-57128.0,25166.0
-57104.0,25086.0
-56844.0,24822.0
-56656.0,24650.0
-56988.0,24742.0
-56880.0,24558.0
-56852.0,24574.0
-56700.0,24506.0
-56776.0,24516.0
-56156.0,24198.0
-56564.0,24328.0
-56308.0,24106.0
-56440.0,24052.0
-56536.0,24272.0
-56572.0,24194.0
-56848.0,24292.0
-56608.0,24236.0
-56760.0,24320.0
-56236.0,24256.0
-55724.0,24102.0
-55976.0,24232.0
-56316.0,24458.0
-56996.0,24712.0
-56480.0,24620.0
-56352.0,24600.0
-56700.0,24962.0
-57660.0,25342.0
-56892.0,25174.0
-57408.0,25484.0
-57340.0,25408.0
-57244.0,25286.0
-57548.0,25564.0
-57572.0,25780.0
-57504.0,25846.0
-57712.0,25664.0
-57616.0,25820.0
-57748.0,26120.0
-57560.0,25904.0
-57596.0,25962.0
-58192.0,26048.0
-57964.0,25912.0
-57424.0,26000.0
-57796.0,25798.0
-57736.0,26134.0
-58260.0,26402.0
-58012.0,26456.0
-58380.0,26666.0
-58244.0,26670.0
-58572.0,26760.0
-58796.0,26786.0
-59060.0,27076.0
-58704.0,27142.0
-58208.0,27014.0
-58628.0,27116.0
-58244.0,27142.0
-58136.0,26908.0
-58344.0,27098.0
-57940.0,26892.0
-58108.0,26786.0
-57788.0,26812.0
-58080.0,26872.0
-58352.0,26778.0
-58556.0,26834.0
-58272.0,27104.0
-57728.0,26646.0
-56744.0,26276.0
-56788.0,26390.0
-57248.0,26442.0
-57480.0,26602.0
-57484.0,26482.0
-57568.0,26712.0
-57992.0,26776.0
-58012.0,26834.0
-57996.0,26876.0
-57424.0,26778.0
-57668.0,26880.0
-57544.0,26698.0
-57384.0,26474.0
-57368.0,26288.0
-57204.0,26168.0
-57696.0,26154.0
-57612.0,26124.0
-57304.0,25958.0
-57676.0,26074.0
-57540.0,26088.0
-57668.0,25984.0
-57940.0,25892.0
-57636.0,25702.0
-57416.0,25704.0
-57596.0,25940.0
-57084.0,25808.0
-56860.0,25444.0
-57496.0,25706.0
-57812.0,25798.0
-57420.0,25688.0
-57380.0,25640.0
-57280.0,25602.0
-57312.0,25454.0
-57828.0,25708.0
-57848.0,25898.0
-57264.0,25824.0
-57660.0,25956.0
-57444.0,26172.0
-58028.0,26158.0
-58244.0,26418.0
-58108.0,26288.0
-57648.0,26226.0
-57840.0,26296.0
-57708.0,26464.0
-57644.0,26396.0
-57080.0,26162.0
-57244.0,26010.0
-57612.0,26156.0
-57476.0,26172.0
-57100.0,26192.0
-56956.0,26268.0
-57672.0,26478.0
-57532.0,26366.0
-57920.0,26356.0
-58180.0,26546.0
-58036.0,26570.0
-57684.0,26696.0
-57492.0,26528.0
-57956.0,26752.0
-57320.0,26446.0
-57912.0,26298.0
-57216.0,26108.0
-57340.0,26308.0
-57340.0,26296.0
-57700.0,26438.0
-57860.0,26200.0
-57648.0,26078.0
-57988.0,26270.0
-57588.0,26428.0
-57812.0,26544.0
-58108.0,26682.0
-57516.0,26670.0
-57852.0,26684.0
-58080.0,26710.0
-57908.0,26596.0
-57968.0,26562.0
-57792.0,26710.0
-57840.0,26560.0
-57652.0,26398.0
-57724.0,26596.0
-57940.0,26854.0
-57664.0,26610.0
-57680.0,26554.0
-57736.0,26670.0
-58204.0,26758.0
-57980.0,26910.0
-58792.0,27346.0
-58932.0,27382.0
-58472.0,27186.0
-58344.0,27400.0
-58536.0,27600.0
-58760.0,27702.0
-58460.0,27422.0
-58428.0,27292.0
-58736.0,27548.0
-58804.0,27430.0
-58456.0,27264.0
-58260.0,27294.0
-58076.0,27178.0
-58488.0,27208.0
-58116.0,26798.0
-58352.0,26758.0
-57928.0,26604.0
-58164.0,26744.0
-57908.0,26766.0
-57864.0,26574.0
-57392.0,26376.0
-57980.0,26600.0
-58004.0,26694.0
-57412.0,26280.0
-57752.0,26420.0
-57804.0,26554.0
-57688.0,26762.0
-57828.0,26596.0
-57556.0,26358.0
-57748.0,26442.0
-57444.0,26592.0
-57852.0,26906.0
-58212.0,27062.0
-57876.0,27030.0
-58304.0,27378.0
-58608.0,27594.0
-58584.0,27544.0
-58232.0,27500.0
-58692.0,27752.0
-58624.0,27774.0
-57888.0,27368.0
-58180.0,27422.0
-58540.0,27700.0
-58512.0,27740.0
-58452.0,27780.0
-58232.0,27656.0
-58576.0,27738.0
-57780.0,27698.0
-58104.0,27630.0
-58456.0,27590.0
-58424.0,27568.0
-58936.0,27872.0
-59316.0,28042.0
-59008.0,28074.0
-59116.0,27970.0
-58524.0,27636.0
-58328.0,27666.0
-58580.0,27728.0
-58048.0,27398.0
-58168.0,27260.0
-58564.0,27510.0
-58784.0,27510.0
-58992.0,27978.0
-58988.0,27832.0
-58560.0,27862.0
-58608.0,27722.0
-59172.0,28150.0
-59140.0,28246.0
-58472.0,27988.0
-58448.0,28274.0
-58036.0,27964.0
-57420.0,27760.0
-57760.0,27940.0
-57660.0,27760.0
-57212.0,27568.0
-57588.0,27884.0
-57980.0,27966.0
-57860.0,28012.0
-58016.0,27912.0
-57776.0,28140.0
-57948.0,28048.0
-58188.0,28174.0
-57728.0,27890.0
-58512.0,28110.0
-58452.0,28222.0
-58316.0,28374.0
-58756.0,28512.0
-58744.0,28586.0
-58824.0,28618.0
-58504.0,28278.0
-58648.0,28526.0
-58660.0,28622.0
-58660.0,28424.0
-58464.0,28396.0
-58620.0,28322.0
-59076.0,28602.0
-59184.0,28620.0
-58228.0,28422.0
-58968.0,28560.0
-59000.0,28670.0
-58552.0,28348.0
-59124.0,28598.0
-59220.0,28470.0
-59120.0,28448.0
-58544.0,28358.0
-58844.0,28494.0
-59356.0,28684.0
-59360.0,28568.0
-59160.0,28544.0
-59196.0,28614.0
-59264.0,28732.0
-58892.0,28322.0
-58364.0,28224.0
-58632.0,28224.0
-58816.0,28404.0
-58872.0,28432.0
-58488.0,28328.0
-58352.0,28128.0
-58256.0,28236.0
-58328.0,28366.0
-58476.0,28188.0
-58276.0,28224.0
-57996.0,28082.0
-58408.0,28336.0
-58048.0,28388.0
-58028.0,28394.0
-57968.0,28374.0
-57864.0,28136.0
-58416.0,28394.0
-58412.0,28450.0
-58676.0,28482.0
-58728.0,28614.0
-58252.0,28356.0
-58316.0,28360.0
-57664.0,27924.0
-57504.0,28000.0
-57984.0,28152.0
-57620.0,28126.0
-57928.0,28322.0
-58096.0,28182.0
-58468.0,28420.0
-58512.0,28322.0
-58364.0,28202.0
-58508.0,28418.0
-58980.0,28532.0
-58800.0,28696.0
-58764.0,28592.0
-58684.0,28732.0
-59200.0,28792.0
-59432.0,28874.0
-59080.0,28852.0
-59116.0,28798.0
-58636.0,28596.0
-58852.0,28678.0
-58912.0,28536.0
-59264.0,28752.0
-58816.0,28646.0
-59204.0,28788.0
-59068.0,28758.0
-58692.0,28792.0
-58760.0,28672.0
-58952.0,28746.0
-58512.0,28676.0
-57836.0,28552.0
-58308.0,28550.0
-58528.0,28540.0
-58688.0,28438.0
-58400.0,28362.0
-58844.0,28406.0
-57996.0,28240.0
-58084.0,28184.0
-58568.0,28354.0
-58320.0,28146.0
-58472.0,28286.0
-58456.0,28456.0
-58636.0,28620.0
-58932.0,28674.0
-58644.0,28506.0
-58264.0,28200.0
-58500.0,28190.0
-58772.0,28354.0
-59028.0,28368.0
-59008.0,28276.0
-58264.0,28054.0
-58272.0,27904.0
-58236.0,27966.0
-58560.0,28174.0
-58884.0,28336.0
-58816.0,28322.0
-58752.0,28346.0
-58804.0,28094.0
-58784.0,28014.0
-58756.0,27990.0
-58504.0,27932.0
-58848.0,28114.0
-58816.0,28420.0
-58624.0,28364.0
-58648.0,28218.0
-58548.0,28422.0
-58352.0,28482.0
-58676.0,28418.0
-58164.0,28320.0
-58832.0,28696.0
-58480.0,28698.0
-57668.0,28368.0
-57864.0,28362.0
-57856.0,28186.0
-58024.0,27964.0
-57772.0,28022.0
-58124.0,28102.0
-57956.0,28088.0
-57928.0,27888.0
-58436.0,28188.0
-58436.0,28090.0
-58488.0,27972.0
-58596.0,28034.0
-57956.0,27810.0
-58400.0,27926.0
-58540.0,28016.0
-58144.0,27938.0
-58432.0,27984.0
-58336.0,27886.0
-58328.0,27746.0
-57796.0,27512.0
-57852.0,27408.0
-58096.0,27588.0
-58076.0,27420.0
-58112.0,27434.0
-58496.0,27318.0
-58132.0,27068.0
-58288.0,27176.0
-58308.0,27350.0
-58312.0,27476.0
-57668.0,27184.0
-57752.0,27126.0
-57108.0,26996.0
-57240.0,26980.0
-57564.0,27050.0
-57940.0,27194.0
-58656.0,27346.0
-58316.0,27102.0
-58712.0,27070.0
-58864.0,27216.0
-58296.0,26986.0
-58436.0,26932.0
-57888.0,26650.0
-57828.0,26642.0
-58596.0,27108.0
-58544.0,26904.0
-58308.0,26918.0
-58412.0,26970.0
-58740.0,27032.0
-58432.0,27018.0
-58608.0,27204.0
-58824.0,27202.0
-58952.0,27218.0
-58548.0,27120.0
-58848.0,27392.0
-58428.0,26972.0
-58172.0,27004.0
-58488.0,27010.0
-58148.0,26990.0
-58276.0,26980.0
-58360.0,26928.0
-58452.0,26872.0
-58312.0,26596.0
-57744.0,26354.0
-57476.0,26286.0
-57568.0,26346.0
-57752.0,26334.0
-57748.0,26312.0
-57436.0,26230.0
-57944.0,26262.0
-57876.0,26324.0
-58100.0,26542.0
-58072.0,26438.0
-57840.0,26120.0
-57896.0,26030.0
-58328.0,26262.0
-58108.0,26132.0
-57688.0,26136.0
-57688.0,26142.0
-57492.0,25850.0
-57748.0,25956.0
-57880.0,26078.0
-58228.0,26158.0
-58576.0,26408.0
-58436.0,26324.0
-58112.0,26234.0
-58072.0,26396.0
-58420.0,26280.0
-58480.0,26480.0
-58116.0,26228.0
-58020.0,26098.0
-57716.0,25914.0
-57632.0,25952.0
-57800.0,26112.0
-57724.0,26292.0
-57860.0,26224.0
-57836.0,26256.0
-58104.0,26186.0
-57836.0,26348.0
-58068.0,26438.0
-57852.0,26716.0
-58084.0,26850.0
-58860.0,27004.0
-58388.0,27014.0
-57832.0,26754.0
-58268.0,27066.0
-58456.0,27192.0
-58388.0,27198.0
-58588.0,27260.0
-58276.0,27030.0
-58432.0,27152.0
-57896.0,26944.0
-58236.0,26910.0
-58308.0,26764.0
-57984.0,26786.0
-58380.0,27036.0
-58080.0,26990.0
-57964.0,27024.0
-57760.0,27044.0
-57784.0,27020.0
-57580.0,26900.0
-57980.0,27088.0
-58316.0,27256.0
-58272.0,27302.0
-58248.0,27292.0
-58908.0,27570.0
-59488.0,27756.0
-59340.0,27488.0
-58784.0,27230.0
-59244.0,27280.0
-59132.0,27276.0
-58220.0,27156.0
-58140.0,27266.0
-58268.0,27356.0
-58652.0,27574.0
-58848.0,27480.0
-58444.0,27368.0
-58968.0,27362.0
-59136.0,27576.0
-58996.0,27628.0
-58652.0,27540.0
-59232.0,27672.0
-59160.0,27902.0
-58984.0,27882.0
-59100.0,27984.0
-59208.0,28132.0
-59496.0,28228.0
-58616.0,27924.0
-58776.0,28024.0
-58684.0,27824.0
-58344.0,27474.0
-58388.0,27404.0
-58760.0,27506.0
-58448.0,27388.0
-58476.0,27350.0
-58504.0,27298.0
-58696.0,27436.0
-58704.0,27474.0
-58400.0,27250.0
-58520.0,27246.0
-58380.0,27130.0
-58084.0,27156.0
-58752.0,27142.0
-58488.0,26936.0
-58060.0,26606.0
-58060.0,26532.0
-58024.0,26408.0
-57248.0,26050.0
-57680.0,26108.0
-57804.0,25978.0
-57608.0,25936.0
-57188.0,25784.0
-56932.0,25630.0
-56908.0,25934.0
-56284.0,25514.0
-57392.0,25708.0
-57260.0,25878.0
-57324.0,25946.0
-57312.0,25882.0
-57444.0,25932.0
-57856.0,26086.0
-57508.0,26040.0
-57752.0,26158.0
-57688.0,25986.0
-58140.0,26338.0
-58172.0,26372.0
-58380.0,26342.0
-58224.0,26414.0
-57660.0,26096.0
-57624.0,26130.0
-58240.0,26366.0
-57772.0,26176.0
-58008.0,26230.0
-58100.0,26420.0
-58140.0,26268.0
-57908.0,26272.0
-58112.0,26388.0
-58304.0,26436.0
-58156.0,26422.0
-58316.0,26378.0
-58360.0,26514.0
-58156.0,26464.0
-58256.0,26382.0
-59028.0,26642.0
-59000.0,26550.0
-59176.0,26912.0
-59264.0,26894.0
-59056.0,26810.0
-58680.0,26288.0
-58384.0,26122.0
-57988.0,25900.0
-58072.0,25960.0
-58432.0,26164.0
-58280.0,25994.0
-58488.0,26226.0
-58032.0,26134.0
-58128.0,26154.0
-58324.0,25992.0
-58192.0,26046.0
-57940.0,26018.0
-57960.0,25976.0
-57428.0,25716.0
-57836.0,25628.0
-57376.0,25542.0
-57300.0,25426.0
-57228.0,25132.0
-57420.0,25348.0
-56840.0,25008.0
-56928.0,25102.0
-57204.0,25200.0
-57388.0,25064.0
-57604.0,24986.0
-58704.0,25158.0
-58296.0,25224.0
-57860.0,25054.0
-57748.0,24604.0
-57640.0,24882.0
-57192.0,24706.0
-56836.0,24828.0
-57040.0,24662.0
-57032.0,24618.0
-56768.0,24428.0
-56984.0,24600.0
-56780.0,24506.0
-56960.0,24562.0
-56848.0,24488.0
-56576.0,24410.0
-56500.0,24518.0
-56608.0,24580.0
-57028.0,24612.0
-57272.0,25124.0
-57292.0,25136.0
-57372.0,25360.0
-57324.0,25458.0
-57348.0,25230.0
-57344.0,25322.0
-57364.0,25474.0
-57488.0,25536.0
-57324.0,25602.0
-57504.0,25556.0
-57864.0,25726.0
-57720.0,25614.0
-57468.0,25516.0
-57796.0,25786.0
-57868.0,26142.0
-58224.0,26324.0
-57876.0,26300.0
-57800.0,26136.0
-57696.0,26232.0
-57704.0,26206.0
-57312.0,26072.0
-57952.0,26204.0
-57860.0,26238.0
-57844.0,26094.0
-58048.0,26326.0
-58440.0,26458.0
-58452.0,26560.0
-58776.0,26654.0
-58612.0,26492.0
-58420.0,26374.0
-58400.0,26468.0
-58620.0,26544.0
-58540.0,26496.0
-57720.0,26418.0
-57800.0,26420.0
-57964.0,26726.0
-57540.0,26502.0
-57824.0,26714.0
-58016.0,26762.0
-58152.0,26954.0
-58304.0,27056.0
-58432.0,27128.0
-58804.0,27424.0
-58904.0,27386.0
-58292.0,27048.0
-58368.0,26916.0
-58668.0,27154.0
-58160.0,26962.0
-58400.0,27050.0
-57816.0,26828.0
-58116.0,27114.0
-57980.0,26988.0
-58252.0,27110.0
-58580.0,27134.0
-58680.0,27040.0
-58828.0,26988.0
-58200.0,26748.0
-58464.0,26728.0
-58548.0,26782.0
-58220.0,26734.0
-57508.0,26558.0
-57812.0,26762.0
-57752.0,26744.0
-57724.0,26586.0
-57388.0,26452.0
-57072.0,26312.0
-57524.0,26454.0
-57404.0,26524.0
-57676.0,26656.0
-57380.0,26434.0
-57624.0,26662.0
-58224.0,26802.0
-58572.0,27234.0
-58252.0,27188.0
-57756.0,27098.0
-58140.0,27288.0
-58308.0,27368.0
-59148.0,27870.0
-58588.0,27878.0
-59180.0,28228.0
-58688.0,28092.0
-59040.0,28016.0
-58936.0,28072.0
-58760.0,28032.0
-58176.0,28074.0
-58492.0,28004.0
-58744.0,28102.0
-58736.0,27992.0
-58760.0,28022.0
-58244.0,27828.0
-58340.0,27778.0
-58700.0,27834.0
-58452.0,28026.0
-58236.0,27976.0
-57772.0,27860.0
-58032.0,27818.0
-57928.0,27668.0
-57704.0,27666.0
-57980.0,27870.0
-58600.0,28132.0
-58600.0,28254.0
-58284.0,28414.0
-58804.0,28546.0
-58492.0,28380.0
-58124.0,28360.0
-58232.0,28342.0
-58680.0,28422.0
-58388.0,28334.0
-58684.0,28284.0
-58404.0,28162.0
-58372.0,28206.0
-58352.0,28186.0
-57976.0,28098.0
-58296.0,28134.0
-58728.0,28344.0
-58664.0,28232.0
-58168.0,28032.0
-58604.0,28062.0
-58736.0,28150.0
-58804.0,28224.0
-58824.0,28200.0
-58552.0,28042.0
-58536.0,28048.0
-58516.0,27744.0
-58668.0,27896.0
-58500.0,28080.0
-58824.0,28164.0
-58352.0,28098.0
-58568.0,28112.0
-58700.0,28008.0
-58300.0,27840.0
-58212.0,27840.0
-57936.0,27774.0
-57940.0,27872.0
-57804.0,28050.0
-58236.0,28112.0
-58104.0,28178.0
-58440.0,28560.0
-58388.0,28376.0
-58444.0,28456.0
-58900.0,28544.0
-58704.0,28606.0
-58952.0,28516.0
-58176.0,28050.0
-58264.0,28072.0
-57824.0,28048.0
-57900.0,28014.0
-57992.0,28108.0
-57948.0,28298.0
-58584.0,28432.0
-58444.0,28408.0
-58536.0,28328.0
-58592.0,28532.0
-58892.0,28412.0
-59124.0,28634.0
-58964.0,28682.0
-59168.0,28652.0
-58964.0,28462.0
-58796.0,28474.0
-59040.0,28612.0
-59308.0,28674.0
-58960.0,28576.0
-59056.0,28658.0
-59308.0,28684.0
-59500.0,28752.0
-59000.0,28534.0
-58492.0,28240.0
-58708.0,28444.0
-58716.0,28614.0
-58816.0,28950.0
-59036.0,29296.0
-59060.0,29356.0
-59436.0,29406.0
-59356.0,29148.0
-59576.0,29412.0
-59008.0,29296.0
-59100.0,29472.0
-59024.0,29412.0
-58916.0,29324.0
-59056.0,29298.0
-58568.0,29292.0
-59116.0,29464.0
-58632.0,29048.0
-58840.0,28876.0
-59068.0,29012.0
-59204.0,29236.0
-58864.0,28896.0
-58584.0,28858.0
-58312.0,28674.0
-58784.0,29078.0
-58548.0,28942.0
-58456.0,28968.0
-58644.0,29148.0
-58740.0,28842.0
-58532.0,28772.0
-58204.0,28742.0
-58152.0,28654.0
-58476.0,28864.0
-59296.0,29198.0
-58840.0,28942.0
-58888.0,28980.0
-59416.0,29204.0
-58492.0,28890.0
-58504.0,28788.0
-58044.0,28606.0
-58088.0,28792.0
-58640.0,29052.0
-57996.0,28932.0
-58148.0,28856.0
-58120.0,28696.0
-58492.0,28904.0
-58456.0,28896.0
-58372.0,28896.0
-58676.0,29046.0
-58368.0,28894.0
-58332.0,28838.0
-58436.0,28956.0
-58788.0,28858.0
-58468.0,28772.0
-58880.0,28958.0
-58668.0,28946.0
-58464.0,28724.0
-58844.0,28810.0
-59132.0,28952.0
-59136.0,29016.0
-59196.0,29008.0
-59064.0,29132.0
-58720.0,29022.0
-59012.0,29116.0
-59072.0,29294.0
-59632.0,29278.0
-59320.0,29370.0
-59344.0,29288.0
-59224.0,29156.0
-58940.0,28936.0
-58552.0,28770.0
-58436.0,28654.0
-58716.0,28536.0
-58732.0,28400.0
-59128.0,28698.0
-58184.0,28422.0
-58332.0,28500.0
-58052.0,28568.0
-58152.0,28566.0
-58592.0,28792.0
-58148.0,28526.0
-58656.0,28734.0
-58964.0,28826.0
-58428.0,28812.0
-58416.0,28676.0
-58516.0,28810.0
-58628.0,28822.0
-58644.0,28970.0
-58420.0,28956.0
-58648.0,29324.0
-58764.0,29338.0
-59092.0,29556.0
-59560.0,29856.0
-59168.0,29644.0
-58952.0,29660.0
-59404.0,29868.0
-59208.0,29754.0
-59708.0,30002.0
-59336.0,29926.0
-59128.0,29688.0
-59328.0,29708.0
-59008.0,29498.0
-59280.0,29558.0
-59352.0,29680.0
-59656.0,29788.0
-59512.0,29774.0
-60112.0,30082.0
-59632.0,30164.0
-59936.0,30042.0
-59940.0,30006.0
-59776.0,29848.0
-59764.0,29836.0
-59128.0,29758.0
-59024.0,29708.0
-59096.0,29650.0
-58672.0,29564.0
-58376.0,29328.0
-58692.0,29296.0
-58952.0,29430.0
-59000.0,29418.0
-58888.0,29568.0
-59036.0,29208.0
-58580.0,28960.0
-58208.0,28810.0
-58488.0,28846.0
-58500.0,28516.0
-58644.0,28532.0
-59088.0,28800.0
-58328.0,28520.0
-58504.0,28676.0
-58932.0,28748.0
-58740.0,28618.0
-58768.0,28624.0
-58496.0,28452.0
-58752.0,28184.0
-58764.0,28122.0
-58108.0,27808.0
-57900.0,27700.0
-58328.0,27736.0
-57468.0,27470.0
-57652.0,27362.0
-57952.0,27426.0
-57852.0,27534.0
-57864.0,27496.0
-57972.0,27412.0
-58496.0,27496.0
-58028.0,27548.0
-58160.0,27684.0
-58564.0,27972.0
-58700.0,28332.0
-58508.0,28200.0
-58620.0,28286.0
-58484.0,28168.0
-57896.0,27914.0
-58168.0,27854.0
-58596.0,28108.0
-58340.0,28068.0
-58380.0,27916.0
-58348.0,27960.0
-57796.0,27688.0
-57832.0,27508.0
-57508.0,27412.0
-57636.0,27396.0
-57476.0,27324.0
-57932.0,27584.0
-57672.0,27566.0
-57552.0,27408.0
-57724.0,27360.0
-58164.0,27404.0
-58124.0,27338.0
-57892.0,27238.0
-58112.0,27252.0
-58004.0,27280.0
-58380.0,27428.0
-58316.0,27550.0
-57844.0,27236.0
-57352.0,27108.0
-57524.0,27058.0
-57972.0,27214.0
-57688.0,26984.0
-57836.0,26930.0
-57576.0,27006.0
-57752.0,27206.0
-57824.0,27392.0
-57136.0,27384.0
-57136.0,27072.0
-57996.0,27230.0
-57732.0,27384.0
-57920.0,27354.0
-57840.0,27404.0
-57952.0,27372.0
-57720.0,27204.0
-57844.0,27382.0
-58124.0,27588.0
-57844.0,27554.0
-58132.0,27706.0
-58020.0,27570.0
-57888.0,27606.0
-57896.0,27716.0
-57656.0,27584.0
-57884.0,27906.0
-58260.0,27964.0
-58160.0,27986.0
-58044.0,28000.0
-58220.0,27950.0
-57700.0,27656.0
-57460.0,27580.0
-57492.0,27626.0
-57680.0,27806.0
-58024.0,28030.0
-58412.0,28192.0
-57940.0,28214.0
-57844.0,28316.0
-58488.0,28442.0
-57684.0,28058.0
-57860.0,27948.0
-58016.0,27900.0
-58072.0,27886.0
-58164.0,27838.0
-58332.0,28058.0
-58420.0,28138.0
-58544.0,28146.0
-58116.0,28004.0
-58568.0,28138.0
-58456.0,28176.0
-58668.0,28192.0
-58368.0,28112.0
-58580.0,28184.0
-58120.0,28028.0
-57936.0,27908.0
-58128.0,28020.0
-57696.0,27800.0
-57456.0,27738.0
-58128.0,27874.0
-58256.0,27838.0
-58064.0,27870.0
-58012.0,27768.0
-58036.0,27686.0
-58088.0,27644.0
-57820.0,27618.0
-57920.0,27646.0
-57908.0,27318.0
-57492.0,27140.0
-57272.0,26812.0
-57164.0,27018.0
-57036.0,26982.0
-57128.0,27206.0
-57208.0,27094.0
-57360.0,27232.0
-57004.0,27344.0
-56836.0,27200.0
-57596.0,27314.0
-57492.0,27326.0
-57440.0,27192.0
-57952.0,27272.0
-58080.0,27446.0
-57792.0,27232.0
-57844.0,27192.0
-58044.0,27366.0
-58748.0,27500.0
-57976.0,27338.0
-57848.0,27058.0
-58144.0,27048.0
-57596.0,27078.0
-58096.0,27042.0
-58236.0,27098.0
-58292.0,27170.0
-58300.0,27438.0
-58084.0,27502.0
-58008.0,27264.0
-57640.0,27126.0
-57848.0,27092.0
-57504.0,27088.0
-57244.0,27178.0
-57048.0,27008.0
-57404.0,27114.0
-57612.0,27284.0
-57760.0,27458.0
-57264.0,27536.0
-57900.0,27728.0
-57996.0,27736.0
-57732.0,27620.0
-57804.0,27444.0
-57856.0,27366.0
-57788.0,27362.0
-57692.0,27308.0
-57604.0,27146.0
-57368.0,27144.0
-57660.0,27182.0
-58048.0,27356.0
-57996.0,27300.0
-58156.0,27494.0
-57972.0,27382.0
-57472.0,27436.0
-57576.0,27742.0
-58048.0,27936.0
-57720.0,27692.0
-58180.0,27882.0
-58144.0,27944.0
-58340.0,28224.0
-58436.0,27918.0
-58424.0,28030.0
-58764.0,28098.0
-58432.0,27984.0
-58844.0,28266.0
-58800.0,28326.0
-58780.0,28468.0
-58604.0,28226.0
-58340.0,28160.0
-58056.0,27910.0
-58088.0,28040.0
-58392.0,28038.0
-58464.0,28002.0
-58652.0,28152.0
-58848.0,28484.0
-58420.0,28186.0
-58552.0,28144.0
-58668.0,28112.0
-58452.0,28250.0
-58724.0,28260.0
-59392.0,28426.0
-59668.0,28468.0
-58956.0,28300.0
-58748.0,28232.0
-58668.0,28082.0
-58408.0,27872.0
-58736.0,28014.0
-58764.0,28002.0
-58472.0,27912.0
-58816.0,27886.0
-58208.0,27788.0
-58232.0,27896.0
-58228.0,27782.0
-58016.0,27774.0
-58444.0,27758.0
-57768.0,27564.0
-57772.0,27538.0
-58024.0,27498.0
-57760.0,27240.0
-57568.0,27038.0
-57984.0,27096.0
-57928.0,27246.0
-57756.0,27194.0
-58128.0,27190.0
-58156.0,27158.0
-58248.0,27288.0
-58432.0,27260.0
-58384.0,27194.0
-58276.0,27258.0
-58212.0,27114.0
-58012.0,27284.0
-57856.0,27144.0
-57476.0,26998.0
-57696.0,27106.0
-57668.0,27132.0
-58264.0,27510.0
-58520.0,27642.0
-58464.0,27668.0
-59036.0,27896.0
-59580.0,28080.0
-59200.0,27686.0
-58688.0,27232.0
-58460.0,27328.0
-58040.0,27336.0
-58372.0,27472.0
-58168.0,27444.0
-58508.0,27502.0
-58424.0,27428.0
-58300.0,27498.0
-58108.0,27462.0
-57684.0,27262.0
-58956.0,27602.0
-58404.0,27368.0
-58076.0,27060.0
-58096.0,27212.0
-57740.0,26834.0
-57516.0,27074.0
-57772.0,27300.0
-58180.0,27432.0
-57664.0,27308.0
-57880.0,27392.0
-57440.0,27332.0
-57448.0,27360.0
-57612.0,27158.0
-58116.0,27316.0
-57924.0,27290.0
-58284.0,27236.0
-57888.0,27098.0
-57568.0,27278.0
-58032.0,27410.0
-58200.0,27462.0
-58232.0,27646.0
-58220.0,27604.0
-58144.0,27532.0
-58768.0,27880.0
-58828.0,27918.0
-58940.0,28274.0
-58456.0,28002.0
-58676.0,28214.0
-58240.0,28040.0
-58988.0,28226.0
-58808.0,28276.0
-59184.0,28344.0
-58808.0,28314.0
-58972.0,28188.0
-59288.0,28364.0
-59560.0,28606.0
-59444.0,28398.0
-59048.0,28266.0
-58764.0,28000.0
-58880.0,27824.0
-59052.0,27856.0
-59068.0,27768.0
-59224.0,27784.0
-59252.0,27734.0
-59236.0,27746.0
-58768.0,27426.0
-59244.0,27612.0
-59080.0,27494.0
-59312.0,27596.0
-58536.0,27356.0
-58548.0,27284.0
-58924.0,27250.0
-59392.0,27306.0
-59156.0,27216.0
-59092.0,27332.0
-58912.0,27294.0
-59052.0,27302.0
-58632.0,27284.0
-59056.0,27396.0
-59188.0,27408.0
-58864.0,27370.0
-58816.0,27324.0
-58768.0,27434.0
-58760.0,27344.0
-58920.0,27590.0
-58636.0,27470.0
-58760.0,27604.0
-58776.0,27544.0
-58500.0,27690.0
-58184.0,27512.0
-58244.0,27482.0
-58728.0,27476.0
-58260.0,27416.0
-58144.0,27316.0
-57908.0,26942.0
-58140.0,27038.0
-58128.0,26992.0
-57848.0,27008.0
-58144.0,27046.0
-58480.0,27202.0
-58232.0,26994.0
-57792.0,26986.0
-58004.0,27172.0
-58224.0,27144.0
-58900.0,27332.0
-58804.0,27318.0
-58724.0,27548.0
-58756.0,27552.0
-58440.0,27284.0
-58476.0,27304.0
-58124.0,27044.0
-58212.0,27104.0
-57908.0,27190.0
-58684.0,27498.0
-58440.0,27294.0
-59092.0,27434.0
-59004.0,27628.0
-58952.0,27752.0
-58636.0,27726.0
-58740.0,27676.0
-58452.0,27544.0
-58888.0,27556.0
-58500.0,27330.0
-58736.0,27260.0
-58356.0,27096.0
-58568.0,27146.0
-58464.0,26964.0
-58636.0,26802.0
-58388.0,26648.0
-58584.0,26662.0
-58556.0,26624.0
-58252.0,26572.0
-57796.0,26450.0
-57912.0,26528.0
-57952.0,26562.0
-57596.0,26612.0
-57432.0,26490.0
-58072.0,26790.0
-58196.0,26746.0
-57948.0,26628.0
-57188.0,26294.0
-57336.0,26288.0
-57632.0,26274.0
-58192.0,26576.0
-58200.0,26654.0
-59016.0,26902.0
-58456.0,26882.0
-58276.0,27098.0
-57880.0,27096.0
-58892.0,27434.0
-58292.0,27250.0
-58556.0,27222.0
-58620.0,27112.0
-58448.0,27000.0
-58452.0,26996.0
-58664.0,26840.0
-58424.0,26918.0
-58056.0,27000.0
-58124.0,27172.0
-58584.0,27238.0
-58360.0,27172.0
-58200.0,27070.0
-58188.0,26846.0
-57528.0,26548.0
-57788.0,26598.0
-57504.0,26588.0
-58004.0,26942.0
-58664.0,27224.0
-58112.0,27056.0
-58484.0,26974.0
-58112.0,26776.0
-58228.0,26990.0
-58508.0,27100.0
-58716.0,27242.0
-58524.0,27228.0
-58652.0,27240.0
-58056.0,26984.0
-58048.0,26934.0
-58076.0,26826.0
-57832.0,26758.0
-58420.0,27018.0
-57888.0,26752.0
-57896.0,26700.0
-58080.0,26918.0
-57800.0,26818.0
-57808.0,26906.0
-58028.0,26948.0
-57836.0,26904.0
-58108.0,26894.0
-58084.0,26944.0
-58084.0,26814.0
-58124.0,26682.0
-58232.0,26754.0
-58388.0,26962.0
-58304.0,27028.0
-57776.0,26842.0
-58276.0,26804.0
-58032.0,26990.0
-57856.0,26836.0
-58512.0,26948.0
-58636.0,26954.0
-58320.0,26880.0
-58852.0,26902.0
-58688.0,26860.0
-58560.0,26808.0
-58868.0,26962.0
-58996.0,26842.0
-58496.0,26720.0
-57792.0,26528.0
-57816.0,26504.0
-58280.0,26498.0
-58584.0,26626.0
-58456.0,26704.0
-58992.0,26964.0
-58720.0,26730.0
-58660.0,26802.0
-58332.0,26904.0
-57784.0,26672.0
-58160.0,26850.0
-58112.0,26732.0
-58036.0,26674.0
-57976.0,26580.0
-57784.0,26594.0
-57984.0,26792.0
-57700.0,26630.0
-57484.0,26756.0
-58464.0,27112.0
-58560.0,27030.0
-58372.0,27010.0
-58376.0,27012.0
-58240.0,26918.0
-58444.0,26926.0
-58644.0,27180.0
-58712.0,27278.0
-58792.0,27416.0
-58152.0,26866.0
-58252.0,26704.0
-57792.0,26700.0
-57848.0,26610.0
-57932.0,26586.0
-57868.0,26438.0
-57704.0,26520.0
-57488.0,26572.0
-57568.0,26586.0
-57556.0,26706.0
-57524.0,26520.0
-57884.0,26608.0
-57476.0,26562.0
-57280.0,26454.0
-57680.0,26554.0
-56912.0,26282.0
-57376.0,26446.0
-57332.0,26380.0
-57724.0,26452.0
-57688.0,26404.0
-58012.0,26694.0
-57268.0,26646.0
-57524.0,26998.0
-58444.0,27276.0
-58596.0,27494.0
-58672.0,27416.0
-57808.0,27352.0
-57956.0,27274.0
-58012.0,27436.0
-58168.0,27326.0
-58348.0,27438.0
-58324.0,27588.0
-58508.0,27872.0
-58540.0,27848.0
-58856.0,28204.0
-58812.0,28226.0
-58632.0,28132.0
-58252.0,27900.0
-58300.0,27686.0
-58460.0,27690.0
-58088.0,27578.0
-58620.0,27942.0
-58688.0,27890.0
-58252.0,27698.0
-57980.0,27508.0
-57940.0,27600.0
-57820.0,27482.0
-58056.0,27584.0
-58480.0,27534.0
-58016.0,27418.0
-58092.0,27130.0
-57088.0,26662.0
-57788.0,27116.0
-57908.0,27244.0
-58320.0,27356.0
-58328.0,27410.0
-58224.0,27422.0
-58572.0,27458.0
-58248.0,27366.0
-58428.0,27306.0
-57504.0,27174.0
-56904.0,26836.0
-56904.0,27000.0
-57808.0,27354.0
-57660.0,27330.0
-57676.0,27162.0
-57988.0,27242.0
-58268.0,27454.0
-57472.0,27222.0
-57924.0,27342.0
-57836.0,27056.0
-57768.0,27154.0
-57500.0,27144.0
-57492.0,27170.0
-57352.0,27164.0
-57608.0,27116.0
-57800.0,27266.0
-58244.0,27256.0
-58356.0,26990.0
-57956.0,26828.0
-57892.0,26784.0
-58008.0,26952.0
-57920.0,26946.0
-58016.0,26714.0
-57948.0,26764.0
-57912.0,26766.0
-57532.0,26904.0
-57036.0,26580.0
-57688.0,26756.0
-57096.0,26570.0
-57520.0,26868.0
-57628.0,26736.0
-57036.0,26540.0
-57708.0,26776.0
-57624.0,26930.0
-58124.0,27000.0
-57984.0,26888.0
-57892.0,26820.0
-58012.0,27114.0
-58080.0,27100.0
-57828.0,27158.0
-57540.0,26856.0
-57764.0,26690.0
-57716.0,26594.0
-57760.0,26750.0
-57712.0,26718.0
-57644.0,26820.0
-57772.0,26922.0
-57944.0,26880.0
-57764.0,26652.0
-57476.0,26800.0
-57608.0,26562.0
-57444.0,26666.0
-57264.0,26508.0
-57680.0,26546.0
-57208.0,26174.0
-57532.0,26500.0
-57584.0,26630.0
-57656.0,26864.0
-57428.0,26744.0
-57216.0,26860.0
-57584.0,26786.0
-57528.0,26770.0
-57388.0,26560.0
-57304.0,26602.0
-57844.0,26906.0
-57556.0,26716.0
-57780.0,26700.0
-58172.0,26766.0
-58112.0,26738.0
-57964.0,26858.0
-58204.0,26810.0
-57968.0,26814.0
-58112.0,26920.0
-58024.0,26744.0
-57868.0,26648.0
-57604.0,26570.0
-57368.0,26406.0
-57300.0,26302.0
-57328.0,26270.0
-57812.0,26356.0
-58004.0,26232.0
-58008.0,25966.0
-57996.0,26124.0
-57508.0,25866.0
-56952.0,25696.0
-57428.0,25746.0
-56764.0,25806.0
-57308.0,25854.0
-57024.0,25730.0
-56836.0,25614.0
-57000.0,25920.0
-57200.0,26050.0
-57376.0,26106.0
-57204.0,26014.0
-57204.0,26080.0
-57924.0,26482.0
-57272.0,26212.0
-57488.0,26260.0
-57788.0,26558.0
-57548.0,26364.0
-57876.0,26500.0
-58492.0,26790.0
-58572.0,27202.0
-58316.0,27112.0
-58180.0,26892.0
-58144.0,27056.0
-57788.0,26924.0
-57944.0,26930.0
-57980.0,26900.0
-57768.0,26820.0
-57860.0,26798.0
-57760.0,26606.0
-57904.0,26796.0
-58140.0,26764.0
-58312.0,27008.0
-58096.0,27062.0
-57736.0,26922.0
-57856.0,27042.0
-58000.0,27054.0
-58004.0,27360.0
-57864.0,27318.0
-57584.0,27082.0
-57928.0,27254.0
-57916.0,27270.0
-58288.0,27240.0
-58156.0,27296.0
-58404.0,27230.0
-57964.0,27230.0
-57504.0,27138.0
-57180.0,27092.0
-57780.0,27384.0
-57760.0,27476.0
-58168.0,27678.0
-58276.0,27882.0
-58008.0,27786.0
-58144.0,27960.0
-58088.0,27944.0
-58220.0,27928.0
-58408.0,27912.0
-58188.0,27954.0
-58064.0,27944.0
-58460.0,28106.0
-58648.0,28082.0
-58080.0,28082.0
-57832.0,27942.0
-57924.0,28274.0
-57928.0,28142.0
-58504.0,28270.0
-58532.0,28224.0
-57988.0,28056.0
-58020.0,28218.0
-58452.0,28312.0
-58380.0,28196.0
-58236.0,28178.0
-58864.0,28402.0
-58892.0,28204.0
-58976.0,28296.0
-58820.0,28288.0
-58808.0,28314.0
-59100.0,28656.0
-58832.0,28272.0
-58404.0,27982.0
-58036.0,27592.0
-57904.0,27638.0
-57764.0,27466.0
-57916.0,27516.0
-58100.0,27650.0
-57888.0,27728.0
-57540.0,27686.0
-57712.0,27662.0
-57304.0,27430.0
-57836.0,27726.0
-57968.0,27936.0
-58428.0,28024.0
-58600.0,28126.0
-58564.0,28128.0
-58852.0,28144.0
-58996.0,28334.0
-59300.0,28446.0
-59152.0,28370.0
-58612.0,28004.0
-58532.0,28068.0
-59052.0,28218.0
-58820.0,28222.0
-58716.0,28198.0
-58836.0,28028.0
-58268.0,27978.0
-58420.0,27964.0
-58876.0,28026.0
-58596.0,28126.0
-58812.0,28128.0
-58652.0,28066.0
-58716.0,28050.0
-58792.0,27822.0
-58040.0,27788.0
-58232.0,27862.0
-58152.0,27638.0
-57880.0,27546.0
-57724.0,27524.0
-57384.0,27218.0
-57352.0,27184.0
-57816.0,27440.0
-57724.0,27552.0
-57928.0,27466.0
-58288.0,27658.0
-58672.0,27776.0
-58116.0,27674.0
-58204.0,27992.0
-58484.0,28080.0
-58956.0,28078.0
-58676.0,27960.0
-58304.0,27914.0
-58152.0,27946.0
-57816.0,27852.0
-57564.0,27794.0
-57392.0,27626.0
-57740.0,27768.0
-58584.0,28132.0
-58776.0,28386.0
-58732.0,28516.0
-58920.0,28348.0
-58868.0,28444.0
-58920.0,28580.0
-58884.0,28438.0
-59108.0,28368.0
-58384.0,27986.0
-58376.0,28072.0
-58600.0,28158.0
-58552.0,28020.0
-58592.0,28102.0
-58600.0,27760.0
-58552.0,27740.0
-58172.0,27582.0
-57948.0,27616.0
-57712.0,27428.0
-57476.0,27442.0
-57464.0,27296.0
-58156.0,27236.0
-58088.0,27356.0
-57988.0,27280.0
-57504.0,27100.0
-57620.0,27034.0
-58180.0,27438.0
-57984.0,27244.0
-58164.0,27262.0
-57676.0,27156.0
-58156.0,27296.0
-57988.0,27502.0
-57408.0,27406.0
-57932.0,27348.0
-57896.0,27492.0
-58220.0,27638.0
-57820.0,27470.0
-58376.0,27580.0
-58052.0,27566.0
-58388.0,27582.0
-58296.0,27504.0
-57840.0,27276.0
-58088.0,27264.0
-57880.0,27130.0
-57516.0,27112.0
-56888.0,26788.0
-57696.0,26966.0
-57608.0,26894.0
-57708.0,27086.0
-57856.0,27158.0
-57692.0,27252.0
-57828.0,27214.0
-58028.0,27472.0
-58020.0,27380.0
-58224.0,27436.0
-57912.0,27316.0
-57556.0,27310.0
-57580.0,27154.0
-57432.0,27090.0
-57224.0,27186.0
-57256.0,27094.0
-57292.0,26984.0
-57052.0,26780.0
-57300.0,26800.0
-57168.0,26744.0
-57432.0,26852.0
-57552.0,26744.0
-57092.0,26646.0
-57604.0,26752.0
-58040.0,26948.0
-57984.0,26824.0
-57588.0,26602.0
-57852.0,26624.0
-57916.0,26450.0
-57396.0,26326.0
-57332.0,26192.0
-57380.0,26170.0
-57612.0,26526.0
-57580.0,26526.0
-57432.0,26406.0
-57744.0,26602.0
-57964.0,26618.0
-58112.0,26750.0
-57836.0,26660.0
-57812.0,26778.0
-57976.0,26914.0
-58128.0,27108.0
-58456.0,27222.0
-58228.0,27046.0
-58504.0,27356.0
-57772.0,27232.0
-57960.0,27236.0
-58348.0,27336.0
-58176.0,27284.0
-58304.0,27620.0
-58596.0,27750.0
-58864.0,27774.0
-58896.0,27902.0
-59100.0,28012.0
-58948.0,27954.0
-58748.0,27878.0
-58396.0,27866.0
-58440.0,27756.0
-58088.0,27586.0
-58228.0,27622.0
-57876.0,27302.0
-57712.0,27408.0
-57688.0,27392.0
-58380.0,27680.0
-58416.0,27738.0
-58584.0,27766.0
-57692.0,27642.0
-57988.0,27830.0
-58244.0,27796.0
-58256.0,27900.0
-58136.0,27924.0
-58248.0,28028.0
-58448.0,28060.0
-58548.0,28016.0
-58744.0,28110.0
-58584.0,28162.0
-58700.0,28182.0
-58696.0,28294.0
-58796.0,28266.0
-58384.0,27940.0
-58508.0,28018.0
-58868.0,28244.0
-59060.0,28256.0
-58888.0,28260.0
-58660.0,28264.0
-58504.0,28260.0
-58468.0,28414.0
-58356.0,28310.0
-58736.0,28568.0
-58756.0,28528.0
-58568.0,28196.0
-58884.0,28434.0
-58820.0,28310.0
-58728.0,28260.0
-59080.0,28332.0
-58960.0,28146.0
-58628.0,28034.0
-58548.0,28212.0
-58060.0,27996.0
-58184.0,27910.0
-58380.0,27862.0
-58484.0,28250.0
-59024.0,28408.0
-58672.0,28318.0
-59044.0,28354.0
-58384.0,28052.0
-58404.0,28056.0
-58584.0,28226.0
-58680.0,28236.0
-58656.0,28322.0
-58532.0,28286.0
-58656.0,28352.0
-58800.0,28304.0
-58748.0,28250.0
-58896.0,28340.0
-58520.0,28294.0
-58520.0,28216.0
-58856.0,28338.0
-58216.0,28328.0
-58596.0,28396.0
-58596.0,28440.0
-58348.0,28232.0
-58564.0,28496.0
-58568.0,28442.0
-58656.0,28434.0
-58256.0,28344.0
-58416.0,28100.0
-58436.0,27984.0
-58104.0,27872.0
-58456.0,27888.0
-57908.0,27908.0
-58404.0,28142.0
-58204.0,27904.0
-58376.0,28028.0
-58148.0,27928.0
-58076.0,27768.0
-57752.0,27764.0
-58256.0,27958.0
-58948.0,28248.0
-58220.0,28188.0
-58636.0,28392.0
-58812.0,28532.0
-58612.0,28402.0
-58388.0,28404.0
-58492.0,28478.0
-58436.0,28470.0
-58768.0,28578.0
-59152.0,28876.0
-59236.0,28852.0
-59352.0,28988.0
-59240.0,28844.0
-59076.0,28752.0
-59844.0,29268.0
-59920.0,29472.0
-59476.0,29480.0
-59300.0,29250.0
-59392.0,29218.0
-59580.0,29216.0
-59224.0,29100.0
-59024.0,28958.0
-58896.0,29006.0
-58800.0,28908.0
-58672.0,28828.0
-59356.0,29162.0
-58856.0,28902.0
-59068.0,28888.0
-58916.0,28816.0
-58844.0,28678.0
-58988.0,28666.0
-58912.0,28830.0
-59440.0,29058.0
-59192.0,28934.0
-59648.0,29032.0
-59536.0,29158.0
-59324.0,29326.0
-59452.0,29422.0
-58992.0,29252.0
-58908.0,29098.0
-58764.0,28958.0
-59140.0,29158.0
-59352.0,29062.0
-58952.0,29004.0
-59776.0,29164.0
-59272.0,29200.0
-58860.0,28754.0
-58972.0,28896.0
-59180.0,28802.0
-59176.0,28814.0
-59476.0,28984.0
-59236.0,28950.0
-58976.0,28888.0
-59088.0,28620.0
-58192.0,28298.0
-58340.0,28380.0
-58596.0,28316.0
-59256.0,28668.0
-59268.0,28686.0
-58920.0,28626.0
-59064.0,28728.0
-58964.0,28844.0
-59040.0,28682.0
-58748.0,28750.0
-58596.0,28682.0
-58584.0,28640.0
-58728.0,28582.0
-58604.0,28666.0
-59212.0,28856.0
-59120.0,28696.0
-58876.0,28462.0
-58908.0,28400.0
-58068.0,28208.0
-58216.0,28162.0
-58692.0,28426.0
-58764.0,28430.0
-58860.0,28288.0
-59080.0,28450.0
-59424.0,28592.0
-59792.0,28652.0
-59556.0,28714.0
-59436.0,28542.0
-59656.0,28816.0
-58940.0,28466.0
-59136.0,28680.0
-59380.0,28740.0
-59688.0,28704.0
-58956.0,28508.0
-58624.0,28228.0
-59104.0,28340.0
-59136.0,28298.0
-58396.0,27868.0
-57944.0,27684.0
-58660.0,28004.0
-58436.0,27708.0
-58352.0,27982.0
-58364.0,27762.0
-58508.0,27792.0
-58532.0,27900.0
-58428.0,27930.0
-58624.0,28028.0
-58532.0,28006.0
-58352.0,28146.0
-58496.0,28244.0
-58268.0,27998.0
-58228.0,27854.0
-57900.0,27742.0
-57892.0,27956.0
-58564.0,28266.0
-58948.0,28374.0
-58612.0,28278.0
-58428.0,28154.0
-58508.0,28226.0
-58232.0,28134.0
-57860.0,28100.0
-58320.0,28146.0
-58176.0,28158.0
-58456.0,28472.0
-58596.0,28440.0
-58720.0,28574.0
-58928.0,28700.0
-58364.0,28590.0
-58544.0,28472.0
-58548.0,28666.0
-58896.0,28668.0
-58464.0,28532.0
-58756.0,28394.0
-58576.0,28404.0
-59024.0,28500.0
-58660.0,28268.0
-58448.0,28234.0
-58352.0,28130.0
-58204.0,27878.0
-58176.0,27922.0
-58100.0,27788.0
-58436.0,27978.0
-58320.0,28084.0
-58500.0,28114.0
-58924.0,28192.0
-58696.0,28124.0
-58248.0,28004.0
-58352.0,28236.0
-58300.0,28146.0
-58412.0,28276.0
-58220.0,28454.0
-58864.0,28292.0
-58488.0,28194.0
-58448.0,28000.0
-58396.0,28034.0
-58124.0,27748.0
-58384.0,27830.0
-58492.0,27966.0
-58476.0,28162.0
-58812.0,28218.0
-58460.0,28044.0
-58248.0,27800.0
-58524.0,27976.0
-58636.0,27972.0
-58516.0,27952.0
-58484.0,27894.0
-58324.0,27686.0
-58356.0,27668.0
-58360.0,27578.0
-58548.0,27742.0
-58496.0,28014.0
-58372.0,27880.0
-58472.0,27844.0
-58520.0,27856.0
-59032.0,28140.0
-58420.0,27808.0
-58420.0,27882.0
-57772.0,27684.0
-57860.0,27916.0
-58008.0,27888.0
-58144.0,27882.0
-58408.0,27916.0
-58388.0,27872.0
-58676.0,27904.0
-58808.0,27846.0
-58504.0,27616.0
-58268.0,27414.0
-58120.0,27582.0
-57912.0,27492.0
-57280.0,27276.0
-57920.0,27752.0
-57876.0,27882.0
-58504.0,28080.0
-58352.0,28034.0
-58688.0,28170.0
-58380.0,27988.0
-58424.0,27896.0
-57752.0,27738.0
-57840.0,27622.0
-57916.0,27832.0
-57652.0,27738.0
-57992.0,27882.0
-57684.0,27596.0
-57840.0,27676.0
-58220.0,27928.0
-58392.0,27854.0
-58732.0,28044.0
-58400.0,27784.0
-58568.0,27766.0
-58412.0,27640.0
-57988.0,27526.0
-57576.0,27300.0
-57796.0,27486.0
-57728.0,27500.0
-57980.0,27758.0
-58008.0,27888.0
-58368.0,28182.0
-59056.0,28474.0
-58908.0,28308.0
-58576.0,28174.0
-59372.0,28466.0
-59056.0,28160.0
-58620.0,27968.0
-58876.0,28022.0
-58836.0,28028.0
-58680.0,28120.0
-58332.0,27942.0
-58200.0,27806.0
-58552.0,27810.0
-58680.0,27972.0
-58608.0,27936.0
-57752.0,27738.0
-57736.0,27844.0
-57632.0,27746.0
-58292.0,27972.0
-58244.0,27910.0
-58476.0,28088.0
-58304.0,28170.0
-58776.0,28432.0
-58848.0,28602.0
-58308.0,28502.0
-58104.0,28282.0
-58220.0,28290.0
-58204.0,28480.0
-58216.0,28364.0
-58372.0,28536.0
-58480.0,28556.0
-58604.0,28650.0
-58692.0,28560.0
-58272.0,28268.0
-58528.0,28134.0
-58312.0,28194.0
-58536.0,28358.0
-58852.0,28410.0
-58884.0,28564.0
-59064.0,28642.0
-58888.0,28652.0
-58476.0,28460.0
-58760.0,28782.0
-58536.0,28526.0
-58672.0,28608.0
-58688.0,28662.0
-58608.0,28402.0
-58424.0,28164.0
-58704.0,28646.0
-58132.0,28506.0
-58536.0,28636.0
-58624.0,28770.0
-58640.0,28820.0
-58304.0,28760.0
-58432.0,28380.0
-57996.0,28252.0
-57672.0,28392.0
-58104.0,28622.0
-58484.0,28848.0
-58596.0,28904.0
-58720.0,28976.0
-58800.0,28904.0
-58680.0,28676.0
-58152.0,28608.0
-58036.0,28504.0
-58568.0,28414.0
-58636.0,28610.0
-58480.0,28638.0
-58796.0,28684.0
-59036.0,28730.0
-59272.0,28772.0
-58788.0,28902.0
-58372.0,28592.0
-58644.0,28720.0
-58228.0,28394.0
-58172.0,28192.0
-58316.0,28222.0
-58432.0,28298.0
-57864.0,28108.0
-58148.0,28172.0
-57980.0,28240.0
-58108.0,28084.0
-57976.0,27970.0
-57508.0,27724.0
-58212.0,27954.0
-58184.0,27822.0
-57736.0,27600.0
-57992.0,27684.0
-58120.0,27818.0
-58388.0,27828.0
-58020.0,27520.0
-58276.0,27840.0
-58072.0,27584.0
-58244.0,27444.0
-57792.0,27432.0
-57868.0,27440.0
-57584.0,27188.0
-57252.0,27124.0
-57600.0,27142.0
-57376.0,27084.0
-57720.0,27154.0
-58196.0,27308.0
-57840.0,27412.0
-58016.0,27556.0
-58140.0,27624.0
-57532.0,27420.0
-57108.0,27238.0
-57236.0,27168.0
-57336.0,26996.0
-57608.0,27236.0
-57708.0,27340.0
-57924.0,27318.0
-57912.0,27394.0
-57772.0,27224.0
-58332.0,27534.0
-58568.0,27734.0
-58372.0,27802.0
-58208.0,27602.0
-58284.0,27686.0
-57960.0,27618.0
-58392.0,27512.0
-57988.0,27400.0
-58076.0,27502.0
-58300.0,27388.0
-58228.0,27492.0
-58568.0,27510.0
-57772.0,27158.0
-57756.0,27160.0
-57380.0,26968.0
-57812.0,27068.0
-57612.0,26938.0
-57708.0,27124.0
-58160.0,27336.0
-58300.0,27504.0
-58048.0,27630.0
-58112.0,27570.0
-57876.0,27562.0
-58380.0,27592.0
-57764.0,27390.0
-57736.0,27456.0
-57272.0,27178.0
-57508.0,27420.0
-57292.0,27272.0
-57928.0,27502.0
-57664.0,27534.0
-57012.0,27456.0
-57724.0,27616.0
-57368.0,27630.0
-57876.0,28114.0
-58292.0,28126.0
-58416.0,28038.0
-58292.0,28060.0
-58264.0,28210.0
-58544.0,28222.0
-58292.0,28222.0
-58448.0,28456.0
-58340.0,28294.0
-57852.0,28262.0
-58260.0,28324.0
-58292.0,28328.0
-58564.0,28438.0
-58692.0,28652.0
-58896.0,28684.0
-58708.0,28560.0
-58952.0,28676.0
-59164.0,28804.0
-59252.0,28870.0
-58616.0,28758.0
-59088.0,28808.0
-58612.0,28674.0
-58212.0,28662.0
-58072.0,28462.0
-58256.0,28604.0
-58056.0,28432.0
-58168.0,28438.0
-58040.0,28322.0
-58192.0,28520.0
-58548.0,28432.0
-58592.0,28368.0
-58636.0,28260.0
-58440.0,28340.0
-58376.0,28012.0
-58376.0,28206.0
-58452.0,28032.0
-58596.0,28082.0
-58644.0,27946.0
-58716.0,28030.0
-58552.0,27830.0
-58192.0,27708.0
-58444.0,27674.0
-58364.0,27862.0
-58344.0,27808.0
-58604.0,27724.0
-58624.0,27920.0
-58292.0,27878.0
-58596.0,27738.0
-57460.0,27530.0
-57992.0,27680.0
-58108.0,27710.0
-57832.0,27736.0
-57648.0,27476.0
-58028.0,27616.0
-57684.0,27654.0
-58168.0,27936.0
-58492.0,28344.0
-58960.0,28582.0
-58796.0,28428.0
-58788.0,28400.0
-58848.0,28482.0
-58428.0,28416.0
-58724.0,28460.0
-58924.0,28352.0
-58908.0,28316.0
-58536.0,28006.0
-58388.0,27978.0
-58324.0,27854.0
-58112.0,27824.0
-57992.0,27922.0
-58172.0,27952.0
-58216.0,27772.0
-57980.0,27844.0
-58268.0,27964.0
-58296.0,27842.0
-58952.0,28026.0
-58624.0,28004.0
-57696.0,27498.0
-57688.0,27730.0
-58208.0,27944.0
-58388.0,27926.0
-58516.0,28000.0
-58696.0,28068.0
-59144.0,28648.0
-58864.0,28482.0
-59064.0,28508.0
-58504.0,28282.0
-58548.0,28278.0
-59112.0,28550.0
-58660.0,28292.0
-58804.0,28144.0
-58572.0,27930.0
-58440.0,28086.0
-58820.0,28266.0
-58416.0,28170.0
-58740.0,28458.0
-58780.0,28380.0
-58364.0,28216.0
-58288.0,28154.0
-58448.0,27952.0
-58424.0,28042.0
-58528.0,28110.0
-57972.0,27762.0
-58192.0,27826.0
-58324.0,27958.0
-58004.0,27754.0
-58564.0,28160.0
-58364.0,28116.0
-58184.0,28060.0
-57796.0,28102.0
-58592.0,28352.0
-58540.0,28308.0
-58396.0,28358.0
-58260.0,28458.0
-58796.0,28798.0
-59272.0,29052.0
-59000.0,28978.0
-58524.0,28682.0
-58948.0,28708.0
-58880.0,28684.0
-58000.0,28506.0
-58016.0,28516.0
-57872.0,28434.0
-58024.0,28312.0
-57900.0,28308.0
-58080.0,28112.0
-58036.0,28084.0
-57856.0,28068.0
-57856.0,27898.0
-57848.0,27910.0
-57724.0,27818.0
-57672.0,27536.0
-57504.0,27638.0
-57120.0,27510.0
-57388.0,27170.0
-57716.0,27282.0
-57588.0,27156.0
-58028.0,27496.0
-58076.0,27408.0
-57964.0,27330.0
-58288.0,27650.0
-58096.0,27590.0
-58244.0,27642.0
-58220.0,27582.0
-58492.0,27640.0
-58336.0,27574.0
-57928.0,27646.0
-58248.0,27880.0
-58312.0,27606.0
-58460.0,27512.0
-58400.0,27392.0
-58432.0,27502.0
-57876.0,27476.0
-58064.0,27356.0
-58424.0,27374.0
-58420.0,27342.0
-58336.0,27132.0
-57864.0,26998.0
-57216.0,26956.0
-57416.0,27034.0
-57844.0,27108.0
-58164.0,27376.0
-58164.0,27644.0
-58716.0,27804.0
-59124.0,27842.0
-58832.0,27678.0
-58264.0,27478.0
-58364.0,27610.0
-58368.0,27438.0
-58140.0,27264.0
-58320.0,27296.0
-58260.0,27176.0
-58300.0,27264.0
-58076.0,27348.0
-58700.0,27494.0
-58556.0,27506.0
-58920.0,27798.0
-59220.0,28176.0
-58532.0,28096.0
-58608.0,28076.0
-59024.0,28484.0
-58852.0,28250.0
-59028.0,28274.0
-59080.0,28164.0
-58824.0,27970.0
-58292.0,27762.0
-58580.0,27882.0
-58524.0,27646.0
-58692.0,27436.0
-58204.0,27370.0
-58588.0,27472.0
-58772.0,27250.0
-58544.0,27120.0
-58192.0,26982.0
-58340.0,27158.0
-58832.0,27182.0
-58952.0,27210.0
-58576.0,27184.0
-58684.0,27156.0
-58472.0,27322.0
-58244.0,27330.0
-58656.0,27572.0
-58376.0,27392.0
-58368.0,27264.0
-58316.0,27228.0
-58420.0,27010.0
-58280.0,26762.0
-57856.0,26410.0
-57968.0,26362.0
-57732.0,26308.0
-58176.0,26214.0
-57644.0,26190.0
-57212.0,25900.0
-57652.0,26048.0
-57260.0,25920.0
-57660.0,25948.0
-57760.0,25936.0
-57880.0,26032.0
-57824.0,26006.0
-57440.0,25890.0
-57208.0,25762.0
-57056.0,25878.0
-57672.0,25818.0
-57716.0,25970.0
-57812.0,26176.0
-57892.0,26240.0
-57980.0,26234.0
-57900.0,26356.0
-57580.0,26356.0
-57828.0,26486.0
-57852.0,26376.0
-58012.0,26334.0
-58296.0,26578.0
-58324.0,26472.0
-58192.0,26548.0
-58100.0,26474.0
-58140.0,26592.0
-57948.0,26444.0
-58040.0,26466.0
-58316.0,26580.0
-58600.0,26838.0
-59080.0,27038.0
-58720.0,26812.0
-58880.0,26722.0
-58932.0,26842.0
-59156.0,27068.0
-58628.0,26802.0
-58584.0,26618.0
-58824.0,26642.0
-59132.0,26974.0
-59172.0,26852.0
-58788.0,26760.0
-58920.0,26864.0
-58444.0,26714.0
-57828.0,26604.0
-58392.0,26790.0
-58268.0,26404.0
-58476.0,26598.0
-58396.0,26530.0
-58148.0,26116.0
-58040.0,26180.0
-58140.0,26278.0
-58008.0,26044.0
-58328.0,26100.0
-58184.0,26130.0
-57628.0,25960.0
-58156.0,25992.0
-58100.0,25822.0
-57496.0,25918.0
-57464.0,25984.0
-57596.0,25756.0
-57504.0,25690.0
-57584.0,25694.0
-57144.0,25668.0
-57192.0,25774.0
-57368.0,25842.0
-57532.0,25896.0
-58216.0,25966.0
-57996.0,25908.0
-57740.0,25980.0
-57792.0,25822.0
-57752.0,25804.0
-57040.0,25490.0
-57156.0,25524.0
-57360.0,25664.0
-57644.0,26010.0
-57904.0,26218.0
-57984.0,26114.0
-58092.0,26162.0
-58240.0,26172.0
-58504.0,26312.0
-58824.0,26326.0
-58528.0,26112.0
-57788.0,25978.0
-57968.0,26004.0
-58344.0,26214.0
-57976.0,26138.0
-57720.0,25790.0
-58016.0,25970.0
-57928.0,25924.0
-57660.0,25692.0
-57952.0,25854.0
-57928.0,26008.0
-57652.0,25912.0
-57716.0,25876.0
-58000.0,26260.0
-58144.0,26358.0
-57904.0,26302.0
-57672.0,26304.0
-57452.0,26392.0
-57508.0,26416.0
-57872.0,26508.0
-57940.0,26800.0
-57920.0,27020.0
-57960.0,26818.0
-58364.0,27256.0
-58580.0,27408.0
-58624.0,27456.0
-58532.0,27516.0
-58244.0,27556.0
-58348.0,27400.0
-58740.0,27680.0
-58296.0,27512.0
-58180.0,27374.0
-57828.0,27234.0
-57836.0,26968.0
-57916.0,27022.0
-57508.0,27078.0
-57128.0,26678.0
-57324.0,26892.0
-57552.0,26864.0
-56944.0,26748.0
-57396.0,26786.0
-57268.0,26822.0
-57768.0,27028.0
-57572.0,26922.0
-58000.0,27258.0
-57892.0,27114.0
-58252.0,27196.0
-58096.0,27368.0
-58232.0,27468.0
-58196.0,27536.0
-57788.0,27318.0
-58072.0,27668.0
-58264.0,27726.0
-58356.0,27722.0
-57896.0,27750.0
-58256.0,27938.0
-58488.0,27922.0
-57832.0,27706.0
-57908.0,27704.0
-58308.0,27840.0
-58812.0,28088.0
-58892.0,28202.0
-58880.0,28398.0
-59136.0,28382.0
-59224.0,28506.0
-58604.0,28078.0
-59232.0,28290.0
-58508.0,27998.0
-58856.0,28086.0
-58664.0,28020.0
-58916.0,28154.0
-58912.0,28200.0
-58364.0,27960.0
-58768.0,27870.0
-58536.0,27650.0
-58872.0,27922.0
-58484.0,27840.0
-58696.0,28022.0
-59084.0,28186.0
-59148.0,28084.0
-58552.0,27964.0
-58916.0,27974.0
-58908.0,28046.0
-58984.0,28076.0
-59104.0,28156.0
-58836.0,27956.0
-58772.0,28062.0
-58760.0,28120.0
-58928.0,27994.0
-58340.0,27922.0
-58704.0,27928.0
-58216.0,27750.0
-58256.0,27966.0
-58404.0,27938.0
-58716.0,28034.0
-58304.0,28056.0
-57980.0,27592.0
-57756.0,27746.0
-58116.0,27772.0
-57860.0,27630.0
-57924.0,27708.0
-57932.0,27842.0
-58160.0,27632.0
-58160.0,27654.0
-58240.0,27540.0
-57884.0,27368.0
-57700.0,27276.0
-57620.0,27404.0
-57512.0,27124.0
-57768.0,27104.0
-58200.0,27220.0
-58148.0,27242.0
-58344.0,27354.0
-58272.0,27364.0
-57780.0,27240.0
-58200.0,27378.0
-57944.0,27390.0
-58492.0,27328.0
-58880.0,27598.0
-58536.0,27860.0
-58456.0,27742.0
-58588.0,27904.0
-58508.0,28022.0
-58232.0,27902.0
-58592.0,28132.0
-58272.0,28046.0
-58076.0,27990.0
-58460.0,28260.0
-58484.0,28196.0
-58592.0,27910.0
-58524.0,27856.0
-58524.0,27864.0
-58356.0,27820.0
-58260.0,27802.0
-58888.0,27864.0
-58660.0,27614.0
-58900.0,27806.0
-59308.0,27898.0
-58796.0,27820.0
-58404.0,27640.0
-58012.0,27462.0
-58184.0,27396.0
-58380.0,27576.0
-58016.0,27244.0
-57972.0,27128.0
-57964.0,27176.0
-57368.0,26802.0
-57244.0,26502.0
-57248.0,26628.0
-57784.0,26682.0
-57540.0,26656.0
-57560.0,26558.0
-57156.0,26350.0
-56844.0,26058.0
-56920.0,26114.0
-57000.0,26138.0
-57028.0,26082.0
-56892.0,25890.0
-56320.0,25802.0
-56568.0,25716.0
-56608.0,25892.0
-57496.0,26148.0
-57448.0,26256.0
-57312.0,26196.0
-57196.0,26098.0
-57440.0,26270.0
-57708.0,26438.0
-57728.0,26282.0
-57488.0,26346.0
-57480.0,26272.0
-57360.0,26472.0
-57172.0,26344.0
-57696.0,26556.0
-57244.0,26210.0
-57488.0,26358.0
-57500.0,26402.0
-57448.0,26168.0
-57556.0,26222.0
-57156.0,26262.0
-57732.0,26404.0
-58120.0,26476.0
-57804.0,26202.0
-57312.0,26104.0
-56936.0,25908.0
-57056.0,26014.0
-57880.0,26130.0
-57776.0,25994.0
-58164.0,26340.0
-57808.0,26228.0
-58028.0,26362.0
-57648.0,26100.0
-57440.0,26182.0
-57756.0,26226.0
-57988.0,26310.0
-56904.0,25964.0
-56748.0,25960.0
-57296.0,26064.0
-57792.0,26194.0
-57448.0,26016.0
-57808.0,26170.0
-57464.0,26030.0
-58008.0,26292.0
-58192.0,26212.0
-57788.0,26244.0
-57724.0,26038.0
-57764.0,26232.0
-57364.0,26320.0
-57364.0,26446.0
-57480.0,26242.0
-57640.0,26114.0
-57716.0,26054.0
-57628.0,26130.0
-57264.0,26280.0
-57548.0,26400.0
-57676.0,26596.0
-57948.0,26710.0
-57760.0,26636.0
-57936.0,26658.0
-57872.0,26578.0
-57344.0,26438.0
-57424.0,26474.0
-57144.0,26350.0
-57012.0,26466.0
-57060.0,26608.0
-56864.0,26624.0
-56932.0,26434.0
-56792.0,26172.0
-56752.0,26134.0
-57176.0,26298.0
-57288.0,26248.0
-57204.0,26268.0
-57148.0,26260.0
-56824.0,26006.0
-57084.0,25998.0
-57212.0,26228.0
-56724.0,26040.0
-57012.0,26326.0
-57152.0,26372.0
-56860.0,26008.0
-56676.0,25988.0
-57096.0,26252.0
-56848.0,26084.0
-57208.0,26264.0
-57040.0,26328.0
-57076.0,26268.0
-56784.0,26296.0
-56932.0,26626.0
-56728.0,26846.0
-57036.0,26798.0
-57520.0,26868.0
-57576.0,27012.0
-57892.0,27040.0
-57892.0,27166.0
-57296.0,27062.0
-57076.0,27086.0
-57356.0,27136.0
-57676.0,27232.0
-57728.0,27118.0
-57696.0,27020.0
-57580.0,26792.0
-57756.0,26722.0
-57084.0,26612.0
-56736.0,26612.0
-57400.0,26834.0
-57440.0,26756.0
-56996.0,26702.0
-57688.0,26982.0
-57740.0,26934.0
-57912.0,27132.0
-58424.0,27396.0
-58168.0,27038.0
-58584.0,26980.0
-57780.0,26792.0
-57904.0,26710.0
-57644.0,26552.0
-57256.0,26312.0
-57392.0,26304.0
-57936.0,26552.0
-57324.0,26474.0
-57160.0,26338.0
-57436.0,26464.0
-57748.0,26260.0
-57520.0,26210.0
-58092.0,26394.0
-57624.0,26466.0
-57340.0,26134.0
-57464.0,26286.0
-58156.0,26620.0
-58168.0,26670.0
-57824.0,26540.0
-57608.0,26408.0
-58280.0,26480.0
-57872.0,26396.0
-57492.0,26170.0
-57516.0,26054.0
-57556.0,25872.0
-57128.0,25774.0
-57408.0,25968.0
-57148.0,25880.0
-57300.0,26120.0
-57088.0,26120.0
-57172.0,26296.0
-57352.0,26036.0
-57168.0,25992.0
-57168.0,25942.0
-57336.0,26066.0
-57480.0,26114.0
-57188.0,25988.0
-56968.0,25648.0
-56688.0,25510.0
-56536.0,25498.0
-56968.0,25434.0
-56964.0,25492.0
-57292.0,25800.0
-57168.0,25804.0
-56992.0,25750.0
-56676.0,25516.0
-56920.0,25678.0
-57140.0,25818.0
-57220.0,26146.0
-56696.0,26084.0
-57200.0,26226.0
-57316.0,26524.0
-57304.0,26644.0
-57464.0,26430.0
-57204.0,26548.0
-57768.0,26476.0
-57868.0,26436.0
-57724.0,26766.0
-57552.0,26718.0
-57872.0,26814.0
-57560.0,26618.0
-57628.0,26484.0
-57344.0,26480.0
-57484.0,26400.0
-57708.0,26518.0
-57180.0,26460.0
-57488.0,26472.0
-56908.0,26184.0
-57044.0,26384.0
-56492.0,26044.0
-56984.0,26362.0
-56892.0,26252.0
-56508.0,26176.0
-56908.0,26220.0
-57304.0,26266.0
-57340.0,26264.0
-57004.0,26004.0
-57620.0,26236.0
-57392.0,26092.0
-57392.0,26152.0
-57084.0,26016.0
-56888.0,26248.0
-57284.0,26052.0
-57280.0,25966.0
-57464.0,25800.0
-57380.0,25866.0
-57288.0,25802.0
-57192.0,25846.0
-57268.0,25854.0
-57572.0,26148.0
-57876.0,26192.0
-57680.0,26148.0
-58188.0,26258.0
-58048.0,26146.0
-58048.0,25886.0
-58572.0,26044.0
-58688.0,25992.0
-57740.0,25734.0
-57480.0,25808.0
-57484.0,25886.0
-57292.0,25710.0
-57156.0,25728.0
-57632.0,25768.0
-57952.0,25908.0
-57860.0,26076.0
-57676.0,26040.0
-57080.0,25832.0
-56696.0,25632.0
-56564.0,25692.0
-56912.0,25504.0
-56792.0,25370.0
-56924.0,25590.0
-56604.0,25204.0
-56652.0,25100.0
-57028.0,25382.0
-56956.0,25304.0
-56772.0,25106.0
-56684.0,25086.0
-56932.0,25006.0
-56656.0,24892.0
-56592.0,24732.0
-56360.0,24468.0
-56248.0,24516.0
-56196.0,24474.0
-55868.0,24442.0
-56328.0,24522.0
-56684.0,24318.0
-56796.0,24574.0
-56540.0,24582.0
-56524.0,24684.0
-56424.0,24394.0
-56240.0,24286.0
-55848.0,24112.0
-56292.0,24136.0
-56516.0,24270.0
-56700.0,24450.0
-56788.0,24594.0
-57300.0,24784.0
-57300.0,24802.0
-57144.0,24900.0
-56896.0,24810.0
-57196.0,24838.0
-56872.0,24816.0
-57400.0,25240.0
-57224.0,25180.0
-57576.0,25152.0
-57388.0,25046.0
-57356.0,24854.0
-57556.0,25082.0
-57220.0,25026.0
-56600.0,24832.0
-56680.0,24990.0
-57080.0,25118.0
-57396.0,25222.0
-57368.0,25258.0
-57188.0,25288.0
-57228.0,25122.0
-57328.0,25306.0
-57480.0,25414.0
-57380.0,25340.0
-57424.0,25222.0
-58056.0,25288.0
-57236.0,25264.0
-57600.0,25362.0
-57496.0,25118.0
-57704.0,25196.0
-57732.0,25224.0
-57596.0,25136.0
-57364.0,25124.0
-56724.0,25010.0
-56556.0,24794.0
-56716.0,25058.0
-57012.0,25246.0
-57104.0,25258.0
-56992.0,25252.0
-57196.0,25030.0
-57620.0,24804.0
-57180.0,25048.0
-56832.0,24962.0
-57076.0,25216.0
-56624.0,25088.0
-56848.0,25280.0
-57380.0,25300.0
-57200.0,25120.0
-57376.0,25432.0
-57392.0,25628.0
-57680.0,25850.0
-57544.0,25756.0
-57560.0,25798.0
-58148.0,26024.0
-57952.0,25924.0
-58508.0,26068.0
-58284.0,26216.0
-58948.0,26496.0
-58716.0,26366.0
-58008.0,26048.0
-58308.0,25820.0
-57676.0,25598.0
-57892.0,25574.0
-57868.0,25412.0
-57740.0,25724.0
-57920.0,25818.0
-58032.0,25848.0
-58312.0,25908.0
-58180.0,25724.0
-57836.0,25658.0
-58124.0,25698.0
-58336.0,25722.0
-57972.0,25704.0
-58200.0,25616.0
-57780.0,25578.0
-57900.0,25462.0
-57760.0,25278.0
-57840.0,25082.0
-57808.0,24974.0
-57452.0,24836.0
-57488.0,24924.0
-58236.0,25096.0
-57944.0,25000.0
-58204.0,24928.0
-57608.0,24712.0
-57132.0,24504.0
-56824.0,24354.0
-56700.0,23978.0
-57624.0,24576.0
-57712.0,24768.0
-57440.0,24500.0
-56988.0,24368.0
-57088.0,24264.0
-56916.0,24090.0
-56840.0,24080.0
-56512.0,24076.0
-56872.0,23960.0
-56688.0,24068.0
-56708.0,24038.0
-56464.0,23932.0
-56960.0,24030.0
-56896.0,24134.0
-57420.0,24504.0
-56960.0,24488.0
-57172.0,24580.0
-57400.0,24518.0
-56716.0,24178.0
-57012.0,24368.0
-57320.0,24544.0
-57316.0,24694.0
-57600.0,24778.0
-57224.0,24970.0
-57676.0,25270.0
-57652.0,25114.0
-58068.0,25050.0
-57876.0,25078.0
-57716.0,25128.0
-57896.0,25186.0
-57600.0,25286.0
-57496.0,25418.0
-58028.0,25612.0
-58324.0,25672.0
-58412.0,25704.0
-57976.0,25676.0
-58360.0,25758.0
-57308.0,25354.0
-57700.0,25328.0
-57672.0,25430.0
-57208.0,25238.0
-57892.0,25496.0
-57164.0,25438.0
-57088.0,25386.0
-57444.0,25298.0
-57888.0,25474.0
-57912.0,25512.0
-57852.0,25476.0
-57752.0,25666.0
-58116.0,25902.0
-58044.0,25920.0
-58312.0,26108.0
-58140.0,26136.0
-57936.0,25988.0
-58288.0,26322.0
-58356.0,26286.0
-57840.0,26174.0
-57792.0,26178.0
-57720.0,26234.0
-58020.0,26368.0
-58048.0,26242.0
-57844.0,26466.0
-57604.0,26322.0
-57576.0,26150.0
-57380.0,26060.0
-57492.0,26076.0
-57692.0,26086.0
-57484.0,25820.0
-57220.0,25872.0
-56684.0,25936.0
-57196.0,26084.0
-57164.0,25878.0
-57784.0,25974.0
-57720.0,26076.0
-57552.0,25948.0
-57720.0,25928.0
-57940.0,26202.0
-57996.0,26248.0
-57836.0,26196.0
-58256.0,26428.0
-58184.0,26306.0
-57828.0,26380.0
-57628.0,26232.0
-57824.0,26154.0
-57664.0,26204.0
-57912.0,26132.0
-57604.0,26180.0
-57444.0,26332.0
-57684.0,26256.0
-57952.0,26582.0
-57936.0,26430.0
-57800.0,26442.0
-57948.0,26544.0
-58436.0,26614.0
-58072.0,26458.0
-57604.0,26486.0
-57700.0,26548.0
-57324.0,26376.0
-57716.0,26440.0
-58196.0,26670.0
-57608.0,26310.0
-57424.0,26520.0
-57428.0,26490.0
-58028.0,26456.0
-57676.0,26366.0
-57816.0,26464.0
-57500.0,26494.0
-57448.0,26344.0
-57420.0,26378.0
-57736.0,26464.0
-58516.0,26668.0
-58140.0,26642.0
-58060.0,26586.0
-58292.0,26486.0
-57672.0,26342.0
-57580.0,26482.0
-58240.0,26364.0
-57880.0,26244.0
-58008.0,26310.0
-57596.0,26030.0
-57176.0,25970.0
-57652.0,26086.0
-57952.0,26268.0
-58524.0,26554.0
-58152.0,26450.0
-58368.0,26798.0
-58712.0,27024.0
-57740.0,26706.0
-56844.0,26228.0
-57104.0,26128.0
-57920.0,26272.0
-57852.0,26338.0
-58052.0,26570.0
-58284.0,26450.0
-57996.0,26692.0
-58000.0,26634.0
-57600.0,26348.0
-57676.0,26450.0
-58300.0,26708.0
-58300.0,26920.0
-58876.0,27206.0
-58696.0,27022.0
-58344.0,26980.0
-58180.0,26718.0
-57880.0,26680.0
-58044.0,26584.0
-58216.0,26624.0
-58300.0,26722.0
-58236.0,26694.0
-58196.0,26920.0
-58308.0,26876.0
-58056.0,26690.0
-58184.0,26732.0
-58508.0,26934.0
-58268.0,26810.0
-58540.0,27074.0
-58572.0,27252.0
-58816.0,27260.0
-58532.0,27156.0
-58020.0,27098.0
-58300.0,26842.0
-58160.0,26808.0
-58296.0,26858.0
-58640.0,26992.0
-58756.0,27192.0
-58488.0,27134.0
-58740.0,27150.0
-58364.0,27074.0
-58352.0,26942.0
-58300.0,26828.0
-57712.0,26500.0
-58020.0,26540.0
-58044.0,26660.0
-57948.0,26486.0
-58232.0,26560.0
-58208.0,26510.0
-58808.0,26554.0
-58216.0,26414.0
-57936.0,26270.0
-57904.0,26332.0
-58092.0,26510.0
-58188.0,26572.0
-57652.0,26458.0
-58048.0,26472.0
-58348.0,26838.0
-58524.0,26964.0
-58564.0,27146.0
-59020.0,27122.0
-59172.0,26938.0
-59112.0,27128.0
-58600.0,26940.0
-58640.0,27032.0
-58720.0,26954.0
-58508.0,26814.0
-58680.0,26782.0
-58576.0,26748.0
-58768.0,26660.0
-58236.0,26500.0
-57844.0,26656.0
-58304.0,26740.0
-57948.0,26872.0
-58388.0,26938.0
-58652.0,27092.0
-58316.0,26956.0
-58216.0,26858.0
-58904.0,26998.0
-58440.0,26906.0
-58240.0,26744.0
-58452.0,26686.0
-57876.0,26664.0
-57488.0,26768.0
-57488.0,26596.0
-57576.0,26568.0
-57388.0,26514.0
-57616.0,26574.0
-57800.0,26536.0
-57716.0,26586.0
-57380.0,26358.0
-57356.0,26434.0
-57360.0,26408.0
-57488.0,26222.0
-57760.0,26360.0
-57188.0,26190.0
-57524.0,26204.0
-57624.0,26346.0
-57684.0,26408.0
-57656.0,26544.0
-58388.0,26880.0
-58240.0,26716.0
-58100.0,26508.0
-57988.0,26122.0
-58236.0,26124.0
-58400.0,26232.0
-59076.0,26366.0
-58240.0,25956.0
-58548.0,26122.0
-58156.0,26028.0
-58668.0,26182.0
-57780.0,25882.0
-58376.0,25926.0
-58036.0,25890.0
-57996.0,25822.0
-57656.0,25654.0
-57716.0,25670.0
-58108.0,25748.0
-57680.0,25710.0
-57444.0,25588.0
-57612.0,25664.0
-57484.0,25438.0
-57928.0,25642.0
-57352.0,25570.0
-57076.0,25382.0
-56944.0,25146.0
-57436.0,25330.0
-57328.0,25394.0
-57168.0,25256.0
-57876.0,25432.0
-57752.0,25532.0
-57028.0,25266.0
-56872.0,25086.0
-57380.0,25204.0
-57388.0,25268.0
-57436.0,25206.0
-57904.0,25526.0
-57760.0,25420.0
-58300.0,25600.0
-58368.0,25524.0
-58184.0,25562.0
-57696.0,25550.0
-57944.0,25580.0
-58032.0,25774.0
-57728.0,25630.0
-57728.0,25664.0
-57768.0,25888.0
-57620.0,25782.0
-57688.0,25752.0
-57984.0,25656.0
-58012.0,25606.0
-58192.0,25648.0
-58144.0,25562.0
-57492.0,25338.0
-57448.0,24988.0
-57724.0,25054.0
-57816.0,25214.0
-57644.0,25092.0
-57660.0,25074.0
-57256.0,24802.0
-56908.0,24910.0
-57736.0,25244.0
-57924.0,25138.0
-58416.0,25410.0
-58144.0,25246.0
-58776.0,25488.0
-58680.0,25486.0
-58348.0,25440.0
-58492.0,25624.0
-58496.0,25712.0
-58156.0,25522.0
-58104.0,25324.0
-57824.0,25502.0
-57752.0,25378.0
-58012.0,25190.0
-58012.0,25084.0
-58096.0,25142.0
-58636.0,25308.0
-58128.0,25014.0
-57692.0,24834.0
-57440.0,24860.0
-57800.0,25050.0
-58184.0,24918.0
-58204.0,25076.0
-57604.0,24864.0
-57880.0,24964.0
-57668.0,25164.0
-57364.0,25120.0
-56892.0,24940.0
-57052.0,24848.0
-57136.0,24836.0
-57076.0,24568.0
-57540.0,24710.0
-57692.0,24554.0
-57432.0,24442.0
-57272.0,24256.0
-57392.0,24336.0
-56932.0,24300.0
-57272.0,24094.0
-56700.0,23968.0
-57356.0,24010.0
-56956.0,24168.0
-57604.0,24216.0
-57732.0,24614.0
-57448.0,24322.0
-57704.0,24336.0
-57760.0,24392.0
-58052.0,24494.0
-58560.0,24170.0
-58056.0,24110.0
-57420.0,23934.0
-57568.0,23916.0
-57432.0,24002.0
-58040.0,24248.0
-57612.0,24188.0
-58288.0,24296.0
-58256.0,24420.0
-57988.0,24322.0
-57884.0,24352.0
-58308.0,24616.0
-58632.0,24684.0
-58260.0,24438.0
-57852.0,24122.0
-58328.0,24144.0
-58060.0,24022.0
-57740.0,23874.0
-57516.0,23654.0
-57560.0,23610.0
-57432.0,23484.0
-57576.0,23512.0
-57316.0,23522.0
-57204.0,23298.0
-57576.0,23450.0
-57388.0,23204.0
-57580.0,23180.0
-57212.0,23010.0
-57108.0,22632.0
-56660.0,22526.0
-56516.0,22404.0
-56420.0,22314.0
-56684.0,22286.0
-56504.0,22274.0
-56636.0,22458.0
-57516.0,22360.0
-57140.0,22232.0
-57048.0,22264.0
-57040.0,22642.0
-58044.0,22886.0
-57972.0,22728.0
-57488.0,22504.0
-57324.0,22400.0
-57000.0,21984.0
-56400.0,21808.0
-56312.0,21836.0
-56472.0,21794.0
-57112.0,22088.0
-57180.0,22036.0
-57456.0,22184.0
-57176.0,22198.0
-57008.0,22438.0
-56812.0,22270.0
-57284.0,22612.0
-57532.0,22752.0
-57316.0,22464.0
-57416.0,22500.0
-57352.0,22434.0
-57360.0,22630.0
-57664.0,22380.0
-57908.0,22396.0
-57820.0,22430.0
-57616.0,22254.0
-57540.0,22064.0
-57624.0,22080.0
-57444.0,22136.0
-58072.0,22148.0
-57736.0,22034.0
-57560.0,22044.0
-57624.0,21806.0
-57364.0,21786.0
-57324.0,21718.0
-57484.0,21722.0
-57308.0,21494.0
-56760.0,21408.0
-56580.0,21216.0
-56320.0,21160.0
-56040.0,21072.0
-55684.0,21244.0
-56096.0,21200.0
-56384.0,21438.0
-56424.0,21240.0
-56156.0,21016.0
-56164.0,20990.0
-56020.0,20838.0
-56072.0,20952.0
-55952.0,20982.0
-56560.0,21398.0
-56768.0,21162.0
-56664.0,21126.0
-56728.0,21032.0
-56512.0,21040.0
-56536.0,21146.0
-56568.0,21228.0
-56636.0,21240.0
-56604.0,21234.0
-57232.0,21482.0
-57412.0,21590.0
-57312.0,21554.0
-56576.0,21378.0
-56528.0,21296.0
-56504.0,21374.0
-56324.0,21360.0
-56148.0,21406.0
-55852.0,21230.0
-55932.0,20950.0
-55992.0,21044.0
-56656.0,21524.0
-56540.0,21612.0
-56472.0,21752.0
-57092.0,22148.0
-57108.0,22310.0
-56760.0,22136.0
-56456.0,21910.0
-56904.0,22138.0
-57288.0,22144.0
-57468.0,22164.0
-57520.0,22142.0
-57284.0,21880.0
-57532.0,22262.0
-57060.0,22260.0
-57456.0,22284.0
-56932.0,21990.0
-56724.0,21922.0
-57416.0,22180.0
-57172.0,22342.0
-56800.0,22264.0
-57240.0,22366.0
-57368.0,22400.0
-57720.0,22452.0
-57532.0,22450.0
-56880.0,22002.0
-57096.0,22026.0
-57012.0,22274.0
-57608.0,22358.0
-57020.0,22028.0
-56512.0,21818.0
-56780.0,21882.0
-57176.0,22186.0
-56820.0,22118.0
-57316.0,22406.0
-57132.0,22218.0
-57104.0,22154.0
-56972.0,22308.0
-57100.0,22210.0
-57180.0,22300.0
-57404.0,22040.0
-57044.0,21832.0
-57496.0,21808.0
-57232.0,21776.0
-56848.0,21708.0
-57068.0,21860.0
-57060.0,22028.0
-56780.0,21786.0
-57052.0,21698.0
-57228.0,21944.0
-56896.0,21730.0
-57080.0,21998.0
-56964.0,21806.0
-56784.0,21768.0
-56724.0,21420.0
-56592.0,21520.0
-56460.0,21164.0
-56356.0,21410.0
-56892.0,21270.0
-56628.0,21298.0
-56728.0,21394.0
-56284.0,21240.0
-56628.0,21256.0
-55848.0,21380.0
-56472.0,21506.0
-56616.0,21340.0
-56836.0,21618.0
-56440.0,21662.0
-56156.0,21620.0
-56912.0,21564.0
-56508.0,21348.0
-56476.0,21200.0
-56444.0,21122.0
-56680.0,21258.0
-56324.0,21250.0
-56288.0,21148.0
-56656.0,21480.0
-56520.0,21756.0
-56884.0,22036.0
-56808.0,22028.0
-56944.0,22078.0
-57052.0,22226.0
-57048.0,22276.0
-57240.0,22238.0
-56888.0,22096.0
-56824.0,22020.0
-56988.0,22202.0
-57088.0,22132.0
-57372.0,22278.0
-57620.0,22300.0
-57924.0,22086.0
-57552.0,22044.0
-57652.0,22046.0
-57356.0,22216.0
-58080.0,22362.0
-58012.0,22602.0
-57744.0,22534.0
-57532.0,22408.0
-57676.0,22638.0
-57224.0,22448.0
-57004.0,22466.0
-57432.0,22624.0
-56804.0,22118.0
-56792.0,21920.0
-56620.0,21802.0
-56380.0,21700.0
-56948.0,21928.0
-56388.0,21872.0
-56032.0,21630.0
-56300.0,21692.0
-56396.0,21798.0
-56692.0,21826.0
-56064.0,21690.0
-56156.0,21950.0
-56736.0,22110.0
-57264.0,22592.0
-57284.0,22814.0
-57216.0,22786.0
-57180.0,22708.0
-57348.0,22756.0
-57116.0,22794.0
-57220.0,22458.0
-56492.0,22462.0
-56768.0,22576.0
-56520.0,22590.0
-57004.0,22708.0
-57548.0,22890.0
-57284.0,22854.0
-56644.0,22696.0
-57048.0,22912.0
-56804.0,22934.0
-57228.0,23090.0
-56968.0,23002.0
-57024.0,22972.0
-56780.0,22700.0
-56868.0,22648.0
-57008.0,22458.0
-56852.0,22636.0
-56724.0,22774.0
-56816.0,22974.0
-57440.0,23182.0
-57944.0,23198.0
-57460.0,23162.0
-57288.0,23138.0
-57316.0,23202.0
-57512.0,23208.0
-56984.0,23124.0
-57316.0,23156.0
-57348.0,23348.0
-57276.0,23174.0
-57312.0,22932.0
-57188.0,22754.0
-57564.0,23046.0
-57596.0,23334.0
-57716.0,23136.0
-57528.0,22770.0
-57948.0,22822.0
-58008.0,22848.0
-57580.0,22940.0
-57376.0,22890.0
-57272.0,22712.0
-57200.0,22666.0
-56736.0,22422.0
-57156.0,22522.0
-57096.0,22612.0
-57052.0,22820.0
-57208.0,22886.0
-57052.0,22824.0
-56992.0,22814.0
-56892.0,22826.0
-56588.0,22596.0
-56480.0,22708.0
-56692.0,22496.0
-56840.0,22572.0
-57368.0,22514.0
-57488.0,22872.0
-57164.0,22924.0
-57020.0,22814.0
-57244.0,22830.0
-57544.0,22948.0
-57420.0,22748.0
-57456.0,22782.0
-57156.0,22730.0
-57464.0,22950.0
-57896.0,23178.0
-57820.0,23332.0
-57748.0,23584.0
-57736.0,23452.0
-57620.0,23602.0
-58140.0,23692.0
-57800.0,23654.0
-58156.0,23510.0
-57708.0,23490.0
-57700.0,23340.0
-57800.0,23216.0
-57380.0,23092.0
-57712.0,22926.0
-57724.0,22970.0
-56628.0,22548.0
-56672.0,22380.0
-56988.0,22376.0
-56944.0,22310.0
-56744.0,22464.0
-57384.0,22796.0
-57600.0,22648.0
-57872.0,22834.0
-57508.0,22656.0
-57448.0,22598.0
-57656.0,22666.0
-57028.0,22580.0
-57444.0,22588.0
-57868.0,22718.0
-57568.0,22714.0
-57232.0,22550.0
-56888.0,22284.0
-57472.0,22484.0
-57140.0,22380.0
-57464.0,22412.0
-57212.0,22442.0
-57252.0,22432.0
-57432.0,22352.0
-57668.0,22454.0
-56672.0,22222.0
-56752.0,22276.0
-56976.0,22582.0
-56844.0,22630.0
-56620.0,22424.0
-56248.0,22216.0
-56328.0,22290.0
-56200.0,22396.0
-55956.0,22260.0
-56140.0,22308.0
-56168.0,22444.0
-56152.0,22282.0
-55656.0,21844.0
-56188.0,22118.0
-56396.0,22208.0
-55708.0,22266.0
-55704.0,22342.0
-55736.0,22494.0
-56272.0,22360.0
-56364.0,22542.0
-56192.0,22536.0
-55808.0,22706.0
-56236.0,22788.0
-56452.0,23026.0
-56468.0,23260.0
-56672.0,23402.0
-56488.0,23328.0
-56764.0,23658.0
-56912.0,23416.0
-56892.0,23334.0
-56592.0,23296.0
-56580.0,23300.0
-56696.0,23366.0
-56816.0,23416.0
-56612.0,23200.0
-56636.0,23276.0
-56860.0,23214.0
-56832.0,23186.0
-57048.0,23446.0
-56948.0,23520.0
-57176.0,23522.0
-56872.0,23390.0
-56900.0,23312.0
-57152.0,23436.0
-57224.0,23306.0
-57048.0,23228.0
-56972.0,23068.0
-57212.0,23180.0
-56704.0,23200.0
-56940.0,22808.0
-57264.0,22852.0
-57104.0,22686.0
-57228.0,22900.0
-57080.0,22812.0
-57068.0,22696.0
-57004.0,22788.0
-56720.0,22580.0
-56780.0,22770.0
-56416.0,22492.0
-56164.0,22564.0
-56632.0,22742.0
-56532.0,22910.0
-56556.0,23012.0
-57160.0,23024.0
-57612.0,23160.0
-56884.0,22944.0
-57472.0,23206.0
-57712.0,23516.0
-57128.0,23466.0
-57060.0,23636.0
-57252.0,23684.0
-57248.0,23560.0
-57108.0,23460.0
-56960.0,23372.0
-57196.0,23330.0
-57168.0,23454.0
-56756.0,23218.0
-56604.0,23284.0
-57188.0,23506.0
-56924.0,23322.0
-57088.0,23340.0
-57036.0,23140.0
-57132.0,23336.0
-57264.0,23126.0
-57380.0,23264.0
-56856.0,23204.0
-57060.0,23400.0
-57708.0,23556.0
-57124.0,23468.0
-56888.0,23446.0
-56844.0,23336.0
-57020.0,23582.0
-57824.0,23866.0
-57768.0,24090.0
-57984.0,24352.0
-57860.0,24234.0
-57920.0,24114.0
-57948.0,24204.0
-57916.0,24580.0
-58264.0,24876.0
-58036.0,24878.0
-58064.0,24874.0
-58156.0,24988.0
-58104.0,24934.0
-58788.0,24818.0
-58052.0,24758.0
-57836.0,24552.0
-57688.0,24578.0
-57388.0,24476.0
-58084.0,24702.0
-57944.0,24550.0
-57624.0,24190.0
-57844.0,24040.0
-57452.0,24044.0
-57412.0,23890.0
-57568.0,23968.0
-57300.0,23928.0
-57260.0,23886.0
-57576.0,23986.0
-57356.0,24194.0
-57168.0,24024.0
-57064.0,23908.0
-57516.0,24172.0
-57612.0,24268.0
-57828.0,24346.0
-57348.0,24154.0
-57740.0,24360.0
-57796.0,24608.0
-57552.0,24446.0
-57700.0,24468.0
-57480.0,24326.0
-57236.0,24344.0
-57400.0,24176.0
-57704.0,24180.0
-57604.0,23898.0
-57616.0,23898.0
-57684.0,23884.0
-57824.0,23786.0
-57724.0,23762.0
-57636.0,23586.0
-57840.0,23698.0
-57468.0,23566.0
-57504.0,23520.0
-57200.0,23318.0
-57200.0,23388.0
-57564.0,23430.0
-57312.0,23476.0
-57776.0,23594.0
-57480.0,23712.0
-57280.0,23758.0
-57832.0,24006.0
-57680.0,23908.0
-57288.0,23856.0
-57480.0,23960.0
-57532.0,24104.0
-57464.0,23860.0
-57224.0,23818.0
-57432.0,23904.0
-57344.0,23684.0
-57340.0,23672.0
-57088.0,23712.0
-57184.0,23774.0
-57392.0,23716.0
-56980.0,23896.0
-57288.0,23786.0
-57360.0,23836.0
-57392.0,23700.0
-57772.0,23890.0
-57876.0,23856.0
-58016.0,23584.0
-57220.0,23460.0
-57316.0,23662.0
-57688.0,23590.0
-58100.0,23558.0
-57500.0,23792.0
-57744.0,23680.0
-57964.0,23912.0
-58084.0,24098.0
-57900.0,24304.0
-57672.0,24230.0
-57808.0,24146.0
-57884.0,23856.0
-57736.0,23746.0
-57260.0,23880.0
-56996.0,23832.0
-57452.0,23970.0
-57800.0,24086.0
-57556.0,24108.0
-57288.0,24246.0
-56732.0,23758.0
-57004.0,23750.0
-56832.0,23756.0
-57260.0,23974.0
-57476.0,23970.0
-57108.0,23688.0
-57680.0,23594.0
-57940.0,23708.0
-57664.0,23448.0
-57692.0,23612.0
-57664.0,23542.0
-57112.0,23460.0
-57868.0,23828.0
-57832.0,23768.0
-58028.0,23564.0
-57408.0,23252.0
-56880.0,23246.0
-57412.0,23174.0
-57320.0,23192.0
-57828.0,23258.0
-57596.0,23182.0
-57772.0,23278.0
-57416.0,23192.0
-57444.0,23194.0
-57540.0,23164.0
-57820.0,22844.0
-57764.0,22832.0
-57332.0,22746.0
-57508.0,22858.0
-57404.0,22756.0
-57064.0,22696.0
-57340.0,22890.0
-56976.0,22532.0
-57124.0,22556.0
-56996.0,22664.0
-57132.0,22910.0
-56892.0,22774.0
-56548.0,22570.0
-56064.0,22202.0
-56468.0,22450.0
-56340.0,22512.0
-56608.0,22482.0
-56376.0,22212.0
-56140.0,22218.0
-56784.0,22366.0
-57008.0,22494.0
-57332.0,22910.0
-57448.0,22890.0
-56736.0,22902.0
-56968.0,23060.0
-57200.0,23072.0
-56952.0,22914.0
-57296.0,22890.0
-57636.0,22926.0
-57700.0,23096.0
-57964.0,23220.0
-58112.0,23254.0
-57780.0,22916.0
-58132.0,23096.0
-57844.0,23078.0
-58008.0,23116.0
-58068.0,23252.0
-57940.0,23144.0
-57796.0,22916.0
-58256.0,22996.0
-57940.0,23016.0
-58064.0,23142.0
-58236.0,23290.0
-58388.0,23228.0
-57484.0,23154.0
-57492.0,23078.0
-57036.0,22892.0
-57080.0,22872.0
-56668.0,23014.0
-56328.0,22988.0
-56744.0,23418.0
-57460.0,23610.0
-57096.0,23650.0
-57428.0,23850.0
-58040.0,24036.0
-57916.0,23830.0
-58168.0,23762.0
-58248.0,23524.0
-58096.0,23668.0
-57848.0,23668.0
-57492.0,23528.0
-57784.0,23538.0
-57408.0,23592.0
-57708.0,23654.0
-57668.0,23822.0
-57680.0,23732.0
-57944.0,23654.0
-57260.0,23366.0
-57628.0,23536.0
-57580.0,23528.0
-57260.0,23262.0
-57564.0,23332.0
-57344.0,23376.0
-57088.0,23090.0
-57704.0,22944.0
-57860.0,22964.0
-57592.0,22804.0
-57484.0,22852.0
-57568.0,22784.0
-57792.0,22544.0
-57268.0,22342.0
-57080.0,22210.0
-57292.0,21994.0
-57348.0,22072.0
-57068.0,22086.0
-57064.0,22144.0
-56952.0,22208.0
-57060.0,22240.0
-56980.0,22322.0
-57176.0,22538.0
-57480.0,23016.0
-57408.0,23080.0
-57404.0,23032.0
-57164.0,22944.0
-57612.0,23120.0
-57440.0,23166.0
-57248.0,23226.0
-57504.0,23084.0
-57272.0,22920.0
-57436.0,22738.0
-57384.0,22728.0
-57452.0,22560.0
-57292.0,22526.0
-57436.0,22588.0
-56920.0,22476.0
-57284.0,22684.0
-57696.0,22788.0
-57504.0,22716.0
-57612.0,22572.0
-58216.0,22602.0
-58144.0,22590.0
-57672.0,22272.0
-57848.0,22286.0
-57928.0,22378.0
-57620.0,22424.0
-57276.0,22396.0
-57348.0,22514.0
-57396.0,22344.0
-57252.0,22318.0
-57452.0,22384.0
-57512.0,22484.0
-57656.0,22714.0
-57036.0,22660.0
-57292.0,22694.0
-57380.0,22624.0
-57212.0,22670.0
-57228.0,22518.0
-57396.0,22794.0
-57420.0,22952.0
-57704.0,23082.0
-57688.0,22998.0
-57468.0,22984.0
-57424.0,22942.0
-57380.0,23042.0
-57000.0,23106.0
-57348.0,23378.0
-57644.0,23622.0
-57520.0,23542.0
-57328.0,23620.0
-57456.0,23510.0
-57556.0,23562.0
-57540.0,23584.0
-57392.0,23460.0
-56928.0,23364.0
-57496.0,23468.0
-57244.0,23470.0
-57224.0,23466.0
-57508.0,23528.0
-57764.0,23846.0
-57708.0,23950.0
-57004.0,23822.0
-57184.0,23842.0
-56892.0,23838.0
-57292.0,23908.0
-57596.0,24018.0
-57140.0,23858.0
-57732.0,24224.0
-57904.0,24506.0
-57816.0,24164.0
-57976.0,24226.0
-57528.0,24004.0
-57168.0,24008.0
-57032.0,24016.0
-56884.0,24006.0
-57400.0,24104.0
-57352.0,24026.0
-57168.0,23770.0
-57064.0,23708.0
-57116.0,23858.0
-57084.0,23772.0
-57492.0,23810.0
-57220.0,23920.0
-57268.0,24004.0
-57124.0,24094.0
-57236.0,24000.0
-57008.0,23816.0
-57484.0,23892.0
-56808.0,23866.0
-57628.0,23984.0
-57384.0,23858.0
-57364.0,24010.0
-57364.0,23810.0
-57820.0,24080.0
-57616.0,23994.0
-57408.0,23868.0
-57336.0,23884.0
-57672.0,23986.0
-57960.0,24136.0
-58112.0,24002.0
-57908.0,23704.0
-58188.0,23918.0
-57828.0,23914.0
-57484.0,23520.0
-57260.0,23698.0
-57352.0,23704.0
-57564.0,23774.0
-57300.0,23674.0
-57468.0,23748.0
-57380.0,23466.0
-57672.0,23310.0
-57588.0,23412.0
-58072.0,23734.0
-57844.0,23592.0
-57860.0,23692.0
-57076.0,23138.0
-57228.0,23310.0
-56976.0,23360.0
-57592.0,23286.0
-57048.0,22894.0
-57332.0,23074.0
-56928.0,22856.0
-57228.0,23014.0
-56984.0,22808.0
-56500.0,22380.0
-56860.0,22526.0
-56732.0,22666.0
-57056.0,22834.0
-56704.0,22806.0
-56696.0,22680.0
-56868.0,22410.0
-56664.0,22324.0
-56988.0,22296.0
-56980.0,21966.0
-56856.0,22226.0
-56216.0,21892.0
-56172.0,21772.0
-56284.0,21852.0
-56300.0,21900.0
-56424.0,21776.0
-56496.0,21896.0
-56316.0,21520.0
-55916.0,21234.0
-55536.0,21124.0
-55512.0,20976.0
-55748.0,21154.0
-55832.0,21064.0
-56868.0,21378.0
-56652.0,21190.0
-56664.0,21398.0
-56656.0,21432.0
-56804.0,21576.0
-57196.0,21728.0
-57524.0,21666.0
-57412.0,21980.0
-57172.0,21980.0
-57172.0,21390.0
-56840.0,21322.0
-57116.0,21486.0
-56488.0,21222.0
-56768.0,21156.0
-56368.0,20974.0
-56416.0,21014.0
-56556.0,21216.0
-57072.0,21544.0
-57112.0,21746.0
-56932.0,21888.0
-56572.0,22036.0
-56108.0,21732.0
-56408.0,21636.0
-56488.0,21984.0
-56180.0,21814.0
-56424.0,22094.0
-56008.0,22236.0
-56548.0,22148.0
-57036.0,22508.0
-56936.0,22632.0
-57288.0,22708.0
-56968.0,22366.0
-56784.0,22264.0
-57212.0,22348.0
-56400.0,22312.0
-56344.0,22334.0
-57212.0,22760.0
-57912.0,22870.0
-57392.0,22558.0
-57292.0,22716.0
-56892.0,22844.0
-57000.0,22810.0
-56980.0,22806.0
-57452.0,22792.0
-57708.0,22840.0
-57604.0,22912.0
-57260.0,22694.0
-57188.0,22788.0
-57428.0,22750.0
-57832.0,22688.0
-57292.0,22652.0
-57376.0,22726.0
-57472.0,22788.0
-57596.0,22946.0
-57588.0,22572.0
-57396.0,22348.0
-57300.0,22064.0
-57340.0,22246.0
-57092.0,22128.0
-57408.0,21930.0
-57088.0,21826.0
-56804.0,21840.0
-56776.0,21952.0
-56840.0,22000.0
-56760.0,22116.0
-56768.0,22128.0
-56760.0,22146.0
-56676.0,21994.0
-57188.0,22250.0
-56604.0,21892.0
-56440.0,21728.0
-56040.0,21772.0
-56740.0,21892.0
-56892.0,21922.0
-57432.0,22164.0
-57188.0,21944.0
-57016.0,21962.0
-57200.0,22108.0
-56740.0,22078.0
-57504.0,22382.0
-56992.0,22256.0
-57012.0,22262.0
-57192.0,22308.0
-56816.0,22202.0
-57048.0,22318.0
-56496.0,22184.0
-56908.0,22394.0
-57120.0,22264.0
-57684.0,22454.0
-57648.0,22352.0
-57832.0,22606.0
-58012.0,22932.0
-58060.0,23006.0
-57716.0,22640.0
-57272.0,22394.0
-57384.0,22302.0
-57276.0,22164.0
-56860.0,22390.0
-57024.0,22436.0
-57248.0,22484.0
-57632.0,22840.0
-57764.0,22816.0
-57548.0,22326.0
-57468.0,22312.0
-57452.0,22308.0
-57208.0,22294.0
-57092.0,22240.0
-57036.0,22316.0
-57016.0,22160.0
-56852.0,22332.0
-56372.0,22224.0
-56380.0,22170.0
-56572.0,22490.0
-56716.0,22620.0
-56924.0,22378.0
-57032.0,22178.0
-57096.0,22344.0
-57056.0,22282.0
-56992.0,22034.0
-56512.0,22034.0
-56516.0,22152.0
-56556.0,22008.0
-56456.0,22118.0
-56328.0,22050.0
-56412.0,21998.0
-56512.0,22102.0
-56376.0,21852.0
-56668.0,22088.0
-56480.0,22138.0
-56812.0,22212.0
-56768.0,22068.0
-56500.0,22070.0
-56964.0,22368.0
-57524.0,22572.0
-57888.0,22762.0
-57856.0,22576.0
-57640.0,22610.0
-57884.0,22624.0
-57688.0,22590.0
-57592.0,22630.0
-57332.0,22464.0
-57440.0,22160.0
-57736.0,22544.0
-57436.0,22538.0
-57292.0,22592.0
-57416.0,22526.0
-57928.0,22798.0
-57416.0,22698.0
-57312.0,22432.0
-57452.0,22524.0
-57652.0,22462.0
-57496.0,22536.0
-57768.0,22636.0
-58236.0,22718.0
-57888.0,22636.0
-57272.0,22438.0
-57120.0,22192.0
-57316.0,22010.0
-56780.0,22044.0
-56940.0,21622.0
-56916.0,21534.0
-57256.0,21638.0
-56992.0,21688.0
-57012.0,21788.0
-56876.0,21866.0
-57080.0,21778.0
-56592.0,21576.0
-56396.0,21656.0
-56416.0,21422.0
-56328.0,21534.0
-57068.0,21592.0
-57068.0,21528.0
-56964.0,21426.0
-56916.0,21470.0
-56712.0,21608.0
-56920.0,21594.0
-56900.0,21652.0
-57056.0,21604.0
-56604.0,21630.0
-56964.0,21882.0
-56848.0,21882.0
-56520.0,21726.0
-56916.0,21762.0
-57240.0,21756.0
-57268.0,21566.0
-57316.0,21650.0
-57172.0,21710.0
-57492.0,21834.0
-57168.0,21478.0
-57264.0,21642.0
-56884.0,21708.0
-57528.0,21638.0
-56988.0,21514.0
-56824.0,21336.0
-57108.0,21606.0
-56948.0,21244.0
-57440.0,21436.0
-56744.0,21236.0
-56704.0,21340.0
-56744.0,21550.0
-57260.0,21740.0
-57088.0,21688.0
-57180.0,21858.0
-57392.0,22206.0
-57760.0,22210.0
-57764.0,22054.0
-57960.0,22116.0
-57340.0,21856.0
-57336.0,21966.0
-57308.0,22046.0
-57484.0,22104.0
-57152.0,22070.0
-57644.0,22186.0
-57292.0,21992.0
-57392.0,22052.0
-56996.0,22076.0
-57488.0,22246.0
-57364.0,22172.0
-57272.0,21718.0
-57576.0,21748.0
-57380.0,21644.0
-57268.0,21570.0
-56532.0,21532.0
-56800.0,21502.0
-56880.0,21432.0
-56608.0,21366.0
-56924.0,21424.0
-56848.0,21134.0
-56264.0,20892.0
-56188.0,20926.0
-56076.0,21010.0
-56208.0,20844.0
-56740.0,20950.0
-56976.0,21210.0
-56824.0,21060.0
-57348.0,21544.0
-57144.0,21692.0
-56728.0,21768.0
-57044.0,21750.0
-56904.0,21592.0
-57108.0,21456.0
-57288.0,21490.0
-57324.0,21480.0
-56828.0,21368.0
-56312.0,21268.0
-55944.0,21416.0
-55936.0,21232.0
-56452.0,21524.0
-56620.0,21458.0
-56652.0,21760.0
-56952.0,21990.0
-57196.0,22056.0
-57004.0,22208.0
-57052.0,22172.0
-57056.0,22446.0
-57800.0,22604.0
-57580.0,22712.0
-57164.0,22446.0
-57560.0,22440.0
-57956.0,22686.0
-57940.0,22986.0
-57624.0,22720.0
-57028.0,22568.0
-57040.0,22696.0
-57096.0,22696.0
-57540.0,22930.0
-57364.0,23012.0
-57848.0,23122.0
-57736.0,22948.0
-57676.0,22706.0
-57612.0,23052.0
-57392.0,23132.0
-57712.0,23242.0
-57364.0,23152.0
-56824.0,23020.0
-56724.0,22780.0
-56692.0,22802.0
-57104.0,22970.0
-56980.0,22862.0
-57108.0,22892.0
-56744.0,22596.0
-57008.0,22498.0
-57180.0,22746.0
-57344.0,22706.0
-57864.0,22992.0
-57492.0,23216.0
-57444.0,23146.0
-57484.0,23256.0
-57304.0,23192.0
-57140.0,23106.0
-57824.0,23376.0
-57352.0,23140.0
-57196.0,23054.0
-57456.0,23200.0
-57440.0,23250.0
-57428.0,23130.0
-57560.0,23164.0
-57640.0,23284.0
-57744.0,23342.0
-57584.0,23314.0
-57772.0,23296.0
-58068.0,23338.0
-57700.0,23164.0
-57672.0,23140.0
-57468.0,22984.0
-57324.0,22960.0
-57240.0,23130.0
-56964.0,23032.0
-57428.0,22886.0
-57440.0,23020.0
-57188.0,23006.0
-56688.0,22614.0
-56944.0,22940.0
-57104.0,23122.0
-57420.0,23418.0
-57524.0,23362.0
-57400.0,23348.0
-56976.0,23326.0
-56640.0,23374.0
-56884.0,23464.0
-57380.0,23530.0
-57320.0,23470.0
-57560.0,23496.0
-57144.0,23684.0
-56916.0,23702.0
-56920.0,23348.0
-57204.0,23282.0
-57384.0,23440.0
-57244.0,23384.0
-57796.0,23726.0
-57604.0,23648.0
-57476.0,23526.0
-57232.0,23398.0
-56976.0,23264.0
-56816.0,23236.0
-57008.0,23362.0
-56816.0,23326.0
-57268.0,23522.0
-57272.0,23750.0
-57168.0,23620.0
-57396.0,23772.0
-57588.0,23640.0
-57404.0,23732.0
-57332.0,23734.0
-57672.0,23666.0
-56708.0,23206.0
-56872.0,23474.0
-57120.0,23242.0
-57648.0,23604.0
-57492.0,23556.0
-57576.0,23444.0
-57244.0,23142.0
-57240.0,23446.0
-57564.0,23548.0
-58064.0,23850.0
-58196.0,23768.0
-58392.0,23832.0
-57972.0,23694.0
-57856.0,23534.0
-57636.0,23542.0
-57752.0,23638.0
-57948.0,23634.0
-58252.0,23596.0
-58044.0,23602.0
-58024.0,23584.0
-58224.0,23702.0
-58384.0,24034.0
-58164.0,23900.0
-57564.0,23826.0
-57592.0,24012.0
-57940.0,24126.0
-57956.0,24152.0
-57836.0,24388.0
-57640.0,24398.0
-57200.0,24006.0
-57764.0,24060.0
-57772.0,23934.0
-57488.0,23772.0
-57164.0,23756.0
-57300.0,23958.0
-57132.0,23882.0
-56880.0,23906.0
-57436.0,24008.0
-57320.0,24034.0
-57308.0,24042.0
-57356.0,24108.0
-57708.0,24226.0
-57776.0,24080.0
-57816.0,24148.0
-57412.0,23938.0
-57232.0,23926.0
-57472.0,23556.0
-57508.0,23576.0
-57780.0,23724.0
-58148.0,24032.0
-58168.0,24244.0
-57888.0,24328.0
-58132.0,24346.0
-58200.0,24284.0
-58068.0,24434.0
-57336.0,24496.0
-57396.0,24560.0
-56856.0,24444.0
-56808.0,24390.0
-57280.0,24344.0
-57712.0,24376.0
-57272.0,24274.0
-57340.0,24290.0
-57136.0,24270.0
-56948.0,24524.0
-56792.0,24628.0
-56816.0,24410.0
-57116.0,24798.0
-56960.0,24520.0
-57240.0,24540.0
-57204.0,24238.0
-57172.0,24222.0
-56684.0,24118.0
-56384.0,24108.0
-56828.0,24090.0
-56968.0,24166.0
-56956.0,24050.0
-57452.0,24442.0
-57276.0,24572.0
-57928.0,24848.0
-58572.0,25042.0
-58620.0,24912.0
-58640.0,25050.0
-58608.0,25260.0
-58676.0,25328.0
-59032.0,25578.0
-59320.0,25698.0
-58728.0,25506.0
-58480.0,25292.0
-58160.0,25048.0
-58452.0,25158.0
-58512.0,25170.0
-58784.0,25156.0
-58832.0,25214.0
-58592.0,25136.0
-58280.0,25312.0
-58204.0,25186.0
-58432.0,25132.0
-58440.0,25212.0
-58152.0,24876.0
-58144.0,24752.0
-58624.0,24930.0
-58592.0,25032.0
-58024.0,24862.0
-57516.0,24502.0
-57736.0,24620.0
-57760.0,24314.0
-57060.0,24316.0
-57112.0,24310.0
-57164.0,24312.0
-57296.0,24328.0
-57380.0,24514.0
-57644.0,24582.0
-57408.0,24248.0
-57844.0,24364.0
-58440.0,24512.0
-58264.0,24702.0
-57796.0,24486.0
-58220.0,24594.0
-58336.0,24652.0
-58312.0,24768.0
-57604.0,24562.0
-57520.0,24650.0
-57540.0,24644.0
-57908.0,24546.0
-57968.0,24622.0
-57604.0,24332.0
-57848.0,24550.0
-57652.0,24492.0
-57364.0,24408.0
-57588.0,24522.0
-57616.0,24454.0
-57784.0,24426.0
-57748.0,24562.0
-57416.0,24668.0
-58084.0,24730.0
-58352.0,24768.0
-57460.0,24556.0
-58032.0,24568.0
-58284.0,24582.0
-58012.0,24600.0
-57892.0,24678.0
-57804.0,24452.0
-57520.0,24336.0
-57084.0,24218.0
-57412.0,23950.0
-57588.0,24016.0
-57180.0,23942.0
-57624.0,24276.0
-58176.0,24264.0
-57976.0,24348.0
-58148.0,24046.0
-57800.0,23728.0
-57836.0,23868.0
-57396.0,23622.0
-57344.0,23576.0
-57432.0,23834.0
-57364.0,24200.0
-57392.0,24158.0
-57832.0,24200.0
-58020.0,24294.0
-58160.0,24368.0
-57940.0,24510.0
-58304.0,24978.0
-58268.0,24824.0
-58388.0,24840.0
-58116.0,24654.0
-58816.0,24746.0
-58852.0,24612.0
-58532.0,24596.0
-58288.0,24684.0
-58064.0,24724.0
-58072.0,24870.0
-57508.0,24666.0
-57548.0,24448.0
-57348.0,24318.0
-57412.0,24148.0
-57724.0,24248.0
-57600.0,24218.0
-57260.0,24242.0
-57280.0,24222.0
-57724.0,24516.0
-57872.0,24822.0
-57600.0,24782.0
-57776.0,24648.0
-57980.0,24866.0
-57656.0,24840.0
-57656.0,25028.0
-57380.0,25086.0
-57916.0,25308.0
-58060.0,25004.0
-57864.0,24656.0
-58204.0,24620.0
-58152.0,24734.0
-58160.0,24722.0
-57732.0,24440.0
-58112.0,24746.0
-58084.0,24722.0
-57556.0,24644.0
-57940.0,24772.0
-57492.0,24792.0
-58016.0,24846.0
-57472.0,24506.0
-57476.0,24286.0
-57852.0,24418.0
-57824.0,24446.0
-58032.0,24232.0
-57968.0,24416.0
-57760.0,24356.0
-57476.0,24346.0
-57424.0,24164.0
-57212.0,23916.0
-57528.0,23928.0
-57476.0,23832.0
-57404.0,23756.0
-57972.0,23768.0
-57192.0,23398.0
-57104.0,23364.0
-56712.0,23302.0
-56908.0,23560.0
-56896.0,23228.0
-56764.0,23166.0
-56988.0,23294.0
-57084.0,23176.0
-56776.0,23194.0
-57608.0,23524.0
-57732.0,23580.0
-57736.0,24094.0
-58160.0,24084.0
-58048.0,23612.0
-57896.0,23672.0
-57268.0,23350.0
-57860.0,23704.0
-57472.0,23560.0
-57704.0,23522.0
-57252.0,23356.0
-57616.0,23438.0
-57268.0,23292.0
-57208.0,23458.0
-57756.0,23710.0
-57664.0,23862.0
-57420.0,23786.0
-57764.0,23764.0
-57492.0,23602.0
-57208.0,23490.0
-57272.0,23456.0
-57192.0,23178.0
-57008.0,23112.0
-56940.0,23220.0
-57068.0,22968.0
-57780.0,23354.0
-57112.0,23168.0
-57288.0,23336.0
-57152.0,23230.0
-57140.0,23194.0
-57488.0,23178.0
-57404.0,23058.0
-57272.0,23142.0
-56648.0,23272.0
-56832.0,23234.0
-57156.0,23324.0
-57032.0,23092.0
-57416.0,23144.0
-57076.0,23168.0
-56796.0,23212.0
-56944.0,23324.0
-56720.0,23296.0
-56960.0,23090.0
-56916.0,23040.0
-56716.0,22898.0
-56744.0,22886.0
-57004.0,23066.0
-57484.0,23446.0
-57804.0,23336.0
-57440.0,23178.0
-57444.0,23324.0
-57472.0,23436.0
-57800.0,23348.0
-58016.0,23372.0
-58024.0,23436.0
-57924.0,23352.0
-57428.0,23058.0
-57244.0,22946.0
-56884.0,22844.0
-57472.0,22994.0
-57412.0,23080.0
-57344.0,23098.0
-57168.0,22954.0
-57208.0,22924.0
-57592.0,23054.0
-57240.0,22928.0
-57240.0,22920.0
-57036.0,23018.0
-57072.0,22980.0
-56792.0,22932.0
-56604.0,22748.0
-56880.0,22942.0
-56812.0,22834.0
-56784.0,22840.0
-56772.0,23020.0
-56428.0,22890.0
-56480.0,22614.0
-56928.0,22610.0
-56944.0,22530.0
-56804.0,22542.0
-56424.0,22334.0
-56644.0,22624.0
-56652.0,22550.0
-56904.0,22666.0
-56564.0,22496.0
-56252.0,22384.0
-56852.0,22586.0
-56652.0,22638.0
-56892.0,22718.0
-56840.0,22966.0
-56384.0,22796.0
-56432.0,22800.0
-56392.0,22812.0
-56356.0,22750.0
-56728.0,22634.0
-57024.0,22914.0
-56796.0,22942.0
-57288.0,23188.0
-56444.0,22884.0
-56896.0,22932.0
-56920.0,22920.0
-56632.0,22902.0
-56692.0,22818.0
-56912.0,22800.0
-56548.0,22894.0
-56656.0,22586.0
-56652.0,22998.0
-56532.0,23030.0
-56868.0,22986.0
-57144.0,23156.0
-56388.0,23028.0
-56172.0,22704.0
-56504.0,22772.0
-56476.0,22844.0
-56792.0,23034.0
-56716.0,23062.0
-56468.0,22772.0
-57024.0,22944.0
-57028.0,22718.0
-57256.0,22642.0
-56892.0,22606.0
-57340.0,22848.0
-57348.0,23204.0
-56940.0,23046.0
-57132.0,22858.0
-57260.0,22974.0
-56712.0,22764.0
-56672.0,22692.0
-56764.0,22784.0
-57028.0,22970.0
-57128.0,22964.0
-57364.0,23054.0
-57276.0,22986.0
-57708.0,22912.0
-57972.0,23388.0
-57952.0,23412.0
-57864.0,23536.0
-57880.0,23736.0
-57828.0,23720.0
-58304.0,23892.0
-58592.0,24274.0
-58612.0,24156.0
-58116.0,23992.0
-58168.0,24226.0
-58248.0,24040.0
-58192.0,24158.0
-58208.0,24172.0
-57820.0,24128.0
-57412.0,23814.0
-57924.0,23884.0
-57768.0,23866.0
-57776.0,24094.0
-58136.0,24158.0
-57996.0,24284.0
-58108.0,24340.0
-57904.0,24176.0
-57764.0,24228.0
-57976.0,24504.0
-57328.0,24448.0
-57824.0,24518.0
-57348.0,24568.0
-57528.0,24366.0
-57884.0,24248.0
-58356.0,24396.0
-58512.0,24650.0
-58008.0,24486.0
-58284.0,24286.0
-58048.0,24106.0
-58264.0,24096.0
-58096.0,24148.0
-57992.0,24004.0
-58184.0,24306.0
-57540.0,24392.0
-57500.0,24466.0
-57656.0,24380.0
-57900.0,24602.0
-57720.0,24392.0
-57420.0,24190.0
-57624.0,23962.0
-57200.0,24084.0
-57532.0,24042.0
-57088.0,24212.0
-57000.0,24326.0
-57712.0,24600.0
-57484.0,24462.0
-57404.0,24296.0
-57312.0,24242.0
-57060.0,24156.0
-57440.0,24344.0
-57364.0,24300.0
-57904.0,24398.0
-57576.0,24620.0
-57880.0,24676.0
-57236.0,24192.0
-57416.0,24294.0
-57112.0,24264.0
-56808.0,24068.0
-56924.0,23792.0
-57008.0,23732.0
-56736.0,23742.0
-56888.0,23922.0
-56608.0,24238.0
-56932.0,24078.0
-57140.0,24140.0
-56536.0,24040.0
-56704.0,24220.0
-56700.0,24248.0
-56964.0,24486.0
-57044.0,24714.0
-57528.0,24798.0
-57224.0,24578.0
-57192.0,24686.0
-57300.0,24726.0
-57260.0,24872.0
-57536.0,24718.0
-57520.0,24746.0
-57920.0,24876.0
-58324.0,24788.0
-58024.0,24692.0
-57908.0,24590.0
-57736.0,24578.0
-57692.0,24598.0
-58044.0,24650.0
-57936.0,24606.0
-57780.0,24510.0
-57512.0,24278.0
-57496.0,24308.0
-57828.0,24592.0
-56936.0,24308.0
-57300.0,24274.0
-57412.0,24184.0
-57304.0,24218.0
-57536.0,24272.0
-57496.0,24228.0
-57396.0,23916.0
-57292.0,23894.0
-57356.0,24206.0
-57568.0,24194.0
-57744.0,24342.0
-57892.0,24314.0
-57328.0,24246.0
-57820.0,24316.0
-57500.0,24382.0
-57328.0,24308.0
-57528.0,24344.0
-57184.0,24326.0
-57308.0,24236.0
-57096.0,24136.0
-57172.0,24124.0
-57152.0,24150.0
-57612.0,23962.0
-57460.0,23912.0
-57388.0,23894.0
-57424.0,23838.0
-57760.0,24024.0
-57476.0,24114.0
-57464.0,23988.0
-57468.0,23944.0
-56988.0,23786.0
-57260.0,24108.0
-57188.0,24122.0
-57264.0,24154.0
-57444.0,24170.0
-57884.0,24342.0
-57528.0,24250.0
-57244.0,23914.0
-57220.0,23906.0
-57284.0,23878.0
-57248.0,23962.0
-57240.0,23882.0
-57072.0,23704.0
-56868.0,23790.0
-56936.0,23832.0
-56964.0,23646.0
-56844.0,23572.0
-56652.0,23470.0
-56908.0,23586.0
-57016.0,23550.0
-56788.0,23300.0
-56832.0,23166.0
-56848.0,23002.0
-57440.0,23268.0
-57016.0,23184.0
-56684.0,22956.0
-56304.0,22762.0
-56520.0,22494.0
-56072.0,22350.0
-56140.0,22310.0
-55864.0,22282.0
-56524.0,22452.0
-56144.0,22516.0
-56204.0,22482.0
-56468.0,22412.0
-56536.0,22182.0
-56580.0,22488.0
-56136.0,22406.0
-56144.0,22494.0
-56092.0,22362.0
-56724.0,22680.0
-56644.0,22570.0
-56308.0,22098.0
-56316.0,22016.0
-55984.0,22198.0
-56132.0,22234.0
-55932.0,21936.0
-55832.0,22114.0
-55376.0,21830.0
-55980.0,22068.0
-55880.0,21816.0
-55652.0,21624.0
-55784.0,21696.0
-56020.0,21678.0
-56380.0,22126.0
-56280.0,22158.0
-56292.0,22260.0
-56772.0,22190.0
-56600.0,22400.0
-56872.0,22598.0
-56576.0,22526.0
-56376.0,22518.0
-56668.0,22908.0
-56664.0,22836.0
-56732.0,22982.0
-56960.0,23000.0
-56676.0,22970.0
-56660.0,22778.0
-56976.0,22688.0
-57108.0,22922.0
-57452.0,22992.0
-57952.0,23198.0
-57724.0,23218.0
-58220.0,23446.0
-57952.0,23462.0
-57800.0,23334.0
-58028.0,23506.0
-57556.0,23366.0
-57128.0,23190.0
-57244.0,23366.0
-57116.0,23560.0
-57124.0,23520.0
-57148.0,23404.0
-57012.0,23456.0
-56588.0,23376.0
-56696.0,23152.0
-57176.0,23240.0
-56828.0,23268.0
-56736.0,23450.0
-56908.0,23558.0
-57360.0,23496.0
-57472.0,23670.0
-57168.0,23504.0
-56948.0,23378.0
-57124.0,23334.0
-56912.0,23178.0
-56892.0,23328.0
-57036.0,23366.0
-56612.0,23132.0
-56928.0,23192.0
-56204.0,22806.0
-56664.0,23026.0
-56324.0,23018.0
-56596.0,23070.0
-56864.0,23346.0
-56960.0,23570.0
-57164.0,23570.0
-57196.0,23658.0
-57288.0,23776.0
-57392.0,23960.0
-57596.0,24016.0
-57760.0,24112.0
-57620.0,24042.0
-57868.0,24078.0
-57440.0,24156.0
-57424.0,24162.0
-57220.0,24084.0
-57204.0,23976.0
-57132.0,23724.0
-57008.0,23858.0
-57336.0,24158.0
-57756.0,24268.0
-57932.0,24060.0
-57996.0,24086.0
-57204.0,24090.0
-57824.0,24302.0
-57776.0,24290.0
-58028.0,24230.0
-58116.0,24154.0
-57960.0,24142.0
-57684.0,24054.0
-57864.0,24140.0
-57924.0,24062.0
-57568.0,23796.0
-57428.0,23588.0
-57340.0,23630.0
-57040.0,23582.0
-57120.0,23470.0
-56328.0,23406.0
-56664.0,23344.0
-56968.0,23516.0
-56916.0,23414.0
-57388.0,23770.0
-58112.0,23896.0
-57848.0,23686.0
-58040.0,23574.0
-58080.0,23920.0
-57796.0,23986.0
-57716.0,23906.0
-57784.0,23808.0
-57688.0,23754.0
-57984.0,23694.0
-57844.0,23728.0
-57912.0,23774.0
-57768.0,23784.0
-58192.0,24196.0
-57684.0,23980.0
-57696.0,23896.0
-57164.0,23714.0
-57072.0,23678.0
-57172.0,23908.0
-57280.0,24048.0
-57520.0,24148.0
-57544.0,24136.0
-57084.0,23998.0
-56640.0,23828.0
-56856.0,23904.0
-57012.0,23936.0
-56664.0,23898.0
-56612.0,24218.0
-56880.0,24324.0
-56828.0,24340.0
-56980.0,24332.0
-57084.0,24374.0
-57492.0,24648.0
-57268.0,24798.0
-57324.0,24504.0
-57372.0,24712.0
-57496.0,24800.0
-57808.0,24962.0
-57536.0,24976.0
-57860.0,25138.0
-57808.0,24986.0
-57540.0,25022.0
-57204.0,24738.0
-57260.0,24764.0
-57496.0,24938.0
-58024.0,25030.0
-58028.0,25022.0
-57864.0,24824.0
-56868.0,24324.0
-57396.0,24344.0
-57128.0,24262.0
-57432.0,24220.0
-57708.0,23954.0
-57512.0,24114.0
-57212.0,23718.0
-57744.0,23826.0
-57984.0,23776.0
-57484.0,23660.0
-57212.0,23650.0
-57948.0,24106.0
-58208.0,24384.0
-58032.0,24360.0
-57888.0,24328.0
-58156.0,24284.0
-57884.0,24114.0
-57816.0,24176.0
-57408.0,23790.0
-57584.0,24268.0
-57700.0,24396.0
-57652.0,24254.0
-58468.0,24336.0
-58092.0,24370.0
-57896.0,24212.0
-57764.0,24332.0
-57876.0,24170.0
-57996.0,24366.0
-57744.0,24288.0
-57540.0,24132.0
-57504.0,24270.0
-57388.0,24374.0
-56820.0,23960.0
-57548.0,24132.0
-57456.0,24120.0
-57512.0,23928.0
-57160.0,23966.0
-56864.0,23790.0
-56460.0,23642.0
-56480.0,23614.0
-56544.0,23506.0
-56764.0,23666.0
-57000.0,23720.0
-56996.0,23740.0
-57300.0,23882.0
-56984.0,23832.0
-56968.0,23536.0
-57172.0,23456.0
-56888.0,23560.0
-56836.0,23584.0
-56928.0,23744.0
-56732.0,23592.0
-56712.0,23726.0
-56876.0,23424.0
-56720.0,23384.0
-56404.0,23112.0
-56172.0,23100.0
-56056.0,23146.0
-56964.0,23372.0
-56348.0,23324.0
-56592.0,23504.0
-56876.0,23510.0
-56760.0,23562.0
-56296.0,23394.0
-56620.0,23582.0
-56008.0,23400.0
-56348.0,23508.0
-56856.0,23522.0
-57032.0,23622.0
-56748.0,23536.0
-56664.0,23356.0
-56868.0,23238.0
-56884.0,23296.0
-57220.0,23500.0
-57200.0,23464.0
-56988.0,23484.0
-57096.0,23542.0
-57380.0,23706.0
-58032.0,23880.0
-57536.0,23656.0
-57420.0,23682.0
-56784.0,23558.0
-56648.0,23528.0
-57052.0,23692.0
-58216.0,23996.0
-57428.0,23946.0
-57264.0,23708.0
-56912.0,23562.0
-56940.0,23324.0
-57372.0,23654.0
-57244.0,23590.0
-57008.0,23470.0
-57344.0,23688.0
-57676.0,23784.0
-57796.0,23878.0
-58240.0,23968.0
-58128.0,24006.0
-58288.0,23916.0
-57692.0,23836.0
-57564.0,23650.0
-56856.0,23414.0
-57336.0,23516.0
-57452.0,23622.0
-56864.0,23532.0
-57332.0,23518.0
-56932.0,23520.0
-57028.0,23536.0
-57484.0,23642.0
-57512.0,23402.0
-57096.0,23262.0
-56836.0,23246.0
-56976.0,23270.0
-57340.0,23520.0
-56824.0,23366.0
-56752.0,23306.0
-56912.0,23548.0
-57352.0,23778.0
-57648.0,23894.0
-57848.0,23800.0
-57480.0,23610.0
-56948.0,23654.0
-56816.0,23458.0
-56888.0,23276.0
-57864.0,23396.0
-57212.0,23158.0
-56676.0,22852.0
-56720.0,23004.0
-56752.0,23138.0
-56356.0,23140.0
-56772.0,23050.0
-56644.0,23296.0
-56440.0,23110.0
-56696.0,23430.0
-56516.0,23342.0
-56860.0,23464.0
-56440.0,23278.0
-57068.0,23588.0
-57164.0,23812.0
-57240.0,23730.0
-57544.0,23788.0
-57036.0,24100.0
-57392.0,24336.0
-57528.0,24396.0
-57668.0,24452.0
-57384.0,24424.0
-57280.0,24624.0
-57428.0,24526.0
-57148.0,24538.0
-57080.0,24598.0
-57412.0,24690.0
-57364.0,24600.0
-57276.0,24542.0
-57160.0,24460.0
-57476.0,24402.0
-57520.0,24460.0
-57472.0,24766.0
-57860.0,24654.0
-57916.0,24702.0
-57828.0,24832.0
-57996.0,24896.0
-57764.0,24932.0
-57472.0,24688.0
-57384.0,24712.0
-57556.0,24690.0
-57164.0,24420.0
-57088.0,24052.0
-57316.0,24330.0
-57472.0,24372.0
-57316.0,24108.0
-57136.0,24202.0
-56940.0,24346.0
-56948.0,24170.0
-56776.0,24090.0
-56944.0,24044.0
-56820.0,23952.0
-56884.0,23990.0
-56868.0,24032.0
-56928.0,24064.0
-56756.0,23704.0
-56680.0,23440.0
-56812.0,23438.0
-56680.0,23394.0
-56788.0,23260.0
-57104.0,23414.0
-56752.0,23442.0
-56672.0,23512.0
-56852.0,23568.0
-56968.0,23468.0
-56560.0,23306.0
-56740.0,23456.0
-56588.0,23280.0
-56140.0,23274.0
-56852.0,23380.0
-56788.0,23318.0
-56984.0,23704.0
-56924.0,23476.0
-57156.0,23574.0
-57428.0,23226.0
-57472.0,23346.0
-57868.0,23412.0
-57508.0,23284.0
-56892.0,23124.0
-57608.0,23458.0
-57392.0,23290.0
-57196.0,23288.0
-57052.0,23206.0
-57160.0,23282.0
-57172.0,23232.0
-57304.0,23308.0
-57608.0,23604.0
-57748.0,23612.0
-57192.0,23314.0
-56968.0,23168.0
-57496.0,23224.0
-57608.0,23464.0
-57520.0,23220.0
-57120.0,23008.0
-57060.0,22978.0
-56648.0,22804.0
-56408.0,22488.0
-56484.0,22842.0
-56300.0,22810.0
-56880.0,23094.0
-56996.0,23136.0
-57200.0,23272.0
-57472.0,23320.0
-57456.0,23202.0
-56932.0,23098.0
-56836.0,23022.0
-57084.0,23008.0
-56796.0,22674.0
-57080.0,22658.0
-57484.0,22984.0
-57444.0,22868.0
-57292.0,22838.0
-56976.0,22646.0
-57144.0,22562.0
-57300.0,22662.0
-56776.0,22618.0
-56664.0,22734.0
-57064.0,22918.0
-56716.0,22806.0
-56912.0,23078.0
-57060.0,23000.0
-56648.0,22810.0
-56816.0,22772.0
-56420.0,22796.0
-56468.0,22834.0
-57168.0,23006.0
-56788.0,23178.0
-56968.0,23058.0
-57012.0,23122.0
-57288.0,23080.0
-57816.0,23434.0
-57920.0,23472.0
-57440.0,23484.0
-58032.0,24004.0
-58188.0,23882.0
-57444.0,23536.0
-57504.0,23544.0
-57308.0,23486.0
-57240.0,23464.0
-57488.0,23742.0
-57180.0,23646.0
-57256.0,23268.0
-57696.0,23496.0
-57596.0,23368.0
-57832.0,23226.0
-57672.0,23058.0
-57700.0,23080.0
-57500.0,22964.0
-57256.0,23018.0
-57040.0,22892.0
-56848.0,22954.0
-56884.0,22698.0
-56576.0,22672.0
-56872.0,22664.0
-56864.0,22750.0
-57224.0,22906.0
-56760.0,22674.0
-57444.0,22962.0
-56996.0,22780.0
-57532.0,22936.0
-57612.0,23178.0
-58180.0,23314.0
-57808.0,23144.0
-57176.0,23064.0
-57364.0,23152.0
-57356.0,23038.0
-57576.0,23118.0
-57696.0,23152.0
-57496.0,22940.0
-57152.0,23000.0
-57268.0,23214.0
-57280.0,22944.0
-57004.0,22932.0
-57116.0,22638.0
-57128.0,22558.0
-56812.0,22544.0
-56784.0,22592.0
-56820.0,22346.0
-56740.0,22382.0
-57012.0,22428.0
-57224.0,22238.0
-57024.0,22152.0
-57120.0,22074.0
-57268.0,22270.0
-57620.0,22434.0
-57680.0,22584.0
-57724.0,22542.0
-57712.0,22526.0
-57648.0,22396.0
-56932.0,22332.0
-56420.0,22432.0
-56684.0,22324.0
-56972.0,22178.0
-56856.0,22132.0
-56700.0,22088.0
-56932.0,22170.0
-56464.0,22052.0
-56148.0,21928.0
-56488.0,22048.0
-56996.0,22452.0
-56772.0,22540.0
-56552.0,22670.0
-56396.0,22538.0
-56724.0,22530.0
-56984.0,22526.0
-56612.0,22330.0
-56388.0,22312.0
-56844.0,22258.0
-56536.0,22422.0
-56536.0,22306.0
-56992.0,22480.0
-56780.0,22418.0
-57076.0,22562.0
-57272.0,22544.0
-57048.0,22438.0
-56980.0,22472.0
-57016.0,22472.0
-56836.0,22412.0
-56848.0,22482.0
-56476.0,22168.0
-56696.0,22210.0
-57084.0,22286.0
-57316.0,22400.0
-57056.0,22504.0
-57332.0,22340.0
-57632.0,22470.0
-57444.0,22258.0
-57768.0,22300.0
-57424.0,22116.0
-57544.0,22338.0
-57164.0,22144.0
-57724.0,22042.0
-57076.0,21804.0
-57568.0,21964.0
-57176.0,22058.0
-56856.0,21764.0
-56644.0,21678.0
-57452.0,21946.0
-57220.0,21780.0
-57488.0,21520.0
-56928.0,21420.0
-57084.0,21436.0
-56572.0,21596.0
-56976.0,21858.0
-57000.0,21746.0
-57156.0,21794.0
-57060.0,21856.0
-57032.0,22014.0
-56648.0,22086.0
-56624.0,22064.0
-56440.0,22298.0
-56808.0,22386.0
-57376.0,22556.0
-57664.0,22594.0
-57992.0,22914.0
-58184.0,23110.0
-57876.0,22876.0
-57928.0,22700.0
-57932.0,22872.0
-57872.0,22734.0
-57964.0,22958.0
-57984.0,23036.0
-57676.0,22940.0
-57716.0,22944.0
-57896.0,22970.0
-58216.0,23088.0
-57716.0,22998.0
-57468.0,22848.0
-57072.0,22580.0
-57064.0,22508.0
-57260.0,22676.0
-57824.0,22808.0
-57936.0,22776.0
-57368.0,22562.0
-57556.0,22782.0
-57556.0,22980.0
-57704.0,22912.0
-57348.0,23046.0
-57504.0,23022.0
-57996.0,23052.0
-58044.0,23048.0
-58088.0,23026.0
-57792.0,22754.0
-57996.0,22938.0
-57996.0,23000.0
-58064.0,23136.0
-57356.0,22886.0
-57668.0,22974.0
-57744.0,22898.0
-57632.0,22744.0
-57664.0,22486.0
-57204.0,22324.0
-57444.0,22292.0
-56892.0,22256.0
-57340.0,22520.0
-57036.0,22362.0
-57344.0,22320.0
-57328.0,22394.0
-57356.0,22446.0
-57088.0,22250.0
-56832.0,22098.0
-56880.0,22310.0
-57836.0,22366.0
-58232.0,22346.0
-58156.0,22272.0
-57868.0,22286.0
-58336.0,22610.0
-57496.0,22292.0
-57552.0,22318.0
-57488.0,22628.0
-57412.0,22770.0
-57884.0,22972.0
-57568.0,22822.0
-57228.0,22752.0
-57660.0,22716.0
-57628.0,22628.0
-57620.0,22676.0
-58064.0,22784.0
-58116.0,22882.0
-57532.0,22880.0
-57764.0,22840.0
-57424.0,22556.0
-57400.0,22656.0
-57184.0,22366.0
-57304.0,22612.0
-57584.0,22730.0
-56880.0,22752.0
-57464.0,22718.0
-57252.0,22834.0
-57608.0,23120.0
-57572.0,23266.0
-57564.0,23366.0
-57512.0,23206.0
-57060.0,22970.0
-57416.0,23014.0
-56892.0,22682.0
-56592.0,22438.0
-57044.0,22282.0
-56632.0,22202.0
-56756.0,22426.0
-57216.0,22558.0
-57060.0,22612.0
-56740.0,22536.0
-57184.0,22654.0
-57080.0,22454.0
-56928.0,22384.0
-56900.0,22330.0
-57128.0,22640.0
-57388.0,22826.0
-57284.0,22986.0
-57244.0,22860.0
-57148.0,22712.0
-57532.0,22670.0
-57324.0,22572.0
-56936.0,22508.0
-57216.0,22722.0
-57056.0,22870.0
-57152.0,23048.0
-57180.0,23110.0
-56944.0,23032.0
-56972.0,23220.0
-56904.0,23010.0
-57048.0,22966.0
-56728.0,22964.0
-56892.0,22952.0
-56596.0,22802.0
-56592.0,22886.0
-56264.0,22524.0
-56580.0,22632.0
-57004.0,22528.0
-56916.0,22664.0
-57160.0,22494.0
-56752.0,22496.0
-56368.0,22388.0
-56304.0,22318.0
-56176.0,22328.0
-56576.0,22406.0
-57076.0,22416.0
-56868.0,22544.0
-56260.0,22312.0
-56568.0,22534.0
-56888.0,22506.0
-56452.0,22610.0
-56860.0,22796.0
-56588.0,22552.0
-57232.0,22844.0
-56508.0,22652.0
-57128.0,23104.0
-57088.0,22922.0
-56748.0,22528.0
-56976.0,22526.0
-56608.0,22520.0
-56912.0,22320.0
-56772.0,22326.0
-57196.0,22596.0
-57828.0,22616.0
-57040.0,22590.0
-57016.0,22766.0
-57080.0,23006.0
-57032.0,23000.0
-57172.0,23138.0
-57256.0,23154.0
-57728.0,23272.0
-57088.0,23008.0
-57264.0,22606.0
-56952.0,22878.0
-56904.0,22626.0
-56944.0,22690.0
-56940.0,22792.0
-57116.0,22746.0
-57236.0,22802.0
-56908.0,22916.0
-56984.0,22992.0
-57500.0,23002.0
-57796.0,23024.0
-57696.0,22762.0
-57764.0,22530.0
-57864.0,22708.0
-57780.0,22914.0
-58244.0,23024.0
-57860.0,23244.0
-57636.0,23102.0
-57616.0,23242.0
-57736.0,23094.0
-57104.0,22850.0
-57196.0,22710.0
-57528.0,22764.0
-57440.0,22866.0
-57832.0,22960.0
-57900.0,22998.0
-57688.0,22752.0
-57664.0,22534.0
-58116.0,22518.0
-57728.0,22206.0
-57508.0,22106.0
-57024.0,21980.0
-57052.0,21998.0
-56652.0,21964.0
-56732.0,22180.0
-57216.0,22258.0
-57404.0,22262.0
-57556.0,22352.0
-57488.0,22290.0
-57436.0,22278.0
-57716.0,22276.0
-57304.0,22024.0
-57148.0,21934.0
-56892.0,21660.0
-57088.0,21702.0
-56376.0,21710.0
-56496.0,21650.0
-56640.0,21804.0
-56432.0,21672.0
-56500.0,21688.0
-56536.0,22038.0
-57056.0,22314.0
-57032.0,22296.0
-56984.0,22428.0
-57224.0,22686.0
-57008.0,22598.0
-57580.0,22820.0
-57196.0,22814.0
-57328.0,22814.0
-57480.0,22656.0
-57460.0,22552.0
-57444.0,22664.0
-57108.0,22432.0
-56880.0,22442.0
-57180.0,22362.0
-57172.0,22436.0
-56544.0,22290.0
-57016.0,22142.0
-57212.0,22210.0
-56964.0,22056.0
-56776.0,21888.0
-57472.0,22130.0
-57152.0,22122.0
-57532.0,22460.0
-57564.0,22638.0
-57624.0,22736.0
-57756.0,22722.0
-57988.0,22786.0
-57936.0,22762.0
-57684.0,22442.0
-57896.0,22446.0
-57912.0,22504.0
-57884.0,22410.0
-58220.0,22506.0
-58216.0,22308.0
-57492.0,22262.0
-57492.0,22160.0
-57352.0,22288.0
-57440.0,22140.0
-58048.0,22448.0
-57276.0,22326.0
-57732.0,22558.0
-57516.0,22606.0
-57508.0,22538.0
-57620.0,22490.0
-57812.0,22636.0
-57324.0,22342.0
-57780.0,22298.0
-57588.0,22366.0
-57720.0,22432.0
-58156.0,22454.0
-57932.0,22558.0
-58048.0,22520.0
-57884.0,22700.0
-58244.0,22940.0
-58400.0,22920.0
-57860.0,22900.0
-57700.0,22964.0
-57680.0,22904.0
-57668.0,22796.0
-57692.0,22900.0
-57720.0,22850.0
-57496.0,22822.0
-57228.0,22772.0
-57052.0,22644.0
-57152.0,22572.0
-57028.0,22586.0
-56820.0,22326.0
-57012.0,22396.0
-56504.0,22202.0
-57036.0,22386.0
-56900.0,22316.0
-57264.0,22436.0
-57392.0,22406.0
-57568.0,22576.0
-57300.0,22422.0
-57596.0,22608.0
-57772.0,22684.0
-57680.0,22576.0
-57908.0,22610.0
-57752.0,22778.0
-57780.0,22672.0
-57036.0,22394.0
-56796.0,22288.0
-56276.0,21880.0
-56604.0,21964.0
-56688.0,21876.0
-56444.0,21740.0
-56680.0,21632.0
-56808.0,21808.0
-56640.0,21740.0
-57316.0,21934.0
-56956.0,21816.0
-57224.0,21944.0
-57424.0,22054.0
-57168.0,21832.0
-57128.0,21938.0
-57120.0,21870.0
-57028.0,21822.0
-57516.0,22130.0
-56908.0,21610.0
-57128.0,21550.0
-56972.0,21560.0
-57148.0,21720.0
-57024.0,21586.0
-56800.0,21554.0
-56840.0,21338.0
-56316.0,21210.0
-56080.0,21518.0
-55716.0,21616.0
-56316.0,21940.0
-56288.0,21928.0
-56548.0,21980.0
-56352.0,21928.0
-55964.0,21798.0
-56756.0,22122.0
-56848.0,22428.0
-56988.0,22542.0
-56828.0,22604.0
-56648.0,22480.0
-56764.0,22518.0
-57340.0,22938.0
-57788.0,23220.0
-57420.0,22994.0
-57912.0,23072.0
-57596.0,22898.0
-57704.0,22920.0
-57744.0,22920.0
-57412.0,22840.0
-57444.0,22930.0
-57320.0,23246.0
-57324.0,23198.0
-57480.0,23218.0
-57476.0,23468.0
-57256.0,23368.0
-57292.0,23300.0
-57332.0,23304.0
-56452.0,23160.0
-57088.0,23386.0
-57208.0,23562.0
-57116.0,23612.0
-57864.0,23708.0
-57956.0,23804.0
-57696.0,23790.0
-57944.0,23854.0
-57832.0,23830.0
-58116.0,23806.0
-57260.0,23552.0
-57604.0,23658.0
-57424.0,23584.0
-57828.0,24026.0
-58384.0,24084.0
-58352.0,24032.0
-58360.0,23932.0
-57932.0,23800.0
-57988.0,23976.0
-57644.0,23750.0
-57984.0,23638.0
-57628.0,23218.0
-57892.0,23014.0
-57972.0,23118.0
-58176.0,23186.0
-58212.0,23432.0
-58148.0,23330.0
-57480.0,22874.0
-57684.0,23172.0
-57040.0,22878.0
-57112.0,22944.0
-56432.0,22800.0
-57240.0,23126.0
-56964.0,23122.0
-57164.0,22998.0
-57412.0,22964.0
-57560.0,22818.0
-57640.0,22864.0
-57264.0,22658.0
-56356.0,22268.0
-56316.0,22214.0
-56472.0,22424.0
-56268.0,22576.0
-56332.0,22482.0
-56728.0,22770.0
-56880.0,22832.0
-57096.0,23050.0
-57048.0,23170.0
-56948.0,23100.0
-57420.0,23108.0
-57392.0,22792.0
-57288.0,23278.0
-57468.0,23356.0
-57504.0,23382.0
-57572.0,23120.0
-57288.0,23030.0
-57568.0,23244.0
-57116.0,23062.0
-57532.0,23182.0
-56960.0,22916.0
-56348.0,22648.0
-56576.0,22620.0
-57100.0,22854.0
-56912.0,22694.0
-56912.0,22672.0
-56972.0,22672.0
-57024.0,22840.0
-56584.0,22660.0
-56404.0,22388.0
-57008.0,22766.0
-57112.0,22692.0
-57496.0,22964.0
-57564.0,23108.0
-57408.0,23066.0
-57260.0,22734.0
-57300.0,22868.0
-56864.0,22740.0
-56800.0,22478.0
-57132.0,22452.0
-57208.0,22286.0
-56892.0,22164.0
-56632.0,22206.0
-56916.0,22142.0
-57104.0,22288.0
-57352.0,22458.0
-57672.0,22370.0
-57916.0,22612.0
-57808.0,22712.0
-57560.0,22506.0
-57192.0,22496.0
-56740.0,22356.0
-57148.0,22328.0
-57064.0,22454.0
-57148.0,22258.0
-57012.0,22236.0
-56752.0,22200.0
-56756.0,22060.0
-56660.0,22274.0
-56432.0,22204.0
-56288.0,22298.0
-56332.0,22176.0
-56736.0,22348.0
-56448.0,22062.0
-56304.0,22026.0
-56060.0,21866.0
-56400.0,21702.0
-56496.0,21590.0
-56692.0,21884.0
-56564.0,21558.0
-56480.0,21410.0
-56488.0,21264.0
-56548.0,21452.0
-56288.0,21240.0
-56352.0,21262.0
-56164.0,21216.0
-55908.0,21078.0
-55964.0,21074.0
-55788.0,21128.0
-55716.0,21114.0
-55972.0,21200.0
-56180.0,21118.0
-56476.0,21208.0
-56692.0,21298.0
-56676.0,20832.0
-56284.0,20920.0
-56432.0,21054.0
-56256.0,20990.0
-56584.0,21084.0
-56480.0,21062.0
-56564.0,21256.0
-56536.0,21516.0
-56700.0,21410.0
-57036.0,21548.0
-57504.0,21748.0
-58068.0,22116.0
-58260.0,22354.0
-58204.0,22430.0
-57516.0,22146.0
-57164.0,22088.0
-57896.0,22462.0
-57824.0,22638.0
-57368.0,22516.0
-57624.0,22378.0
-57436.0,22394.0
-57352.0,22410.0
-57728.0,22402.0
-57652.0,22226.0
-58048.0,21962.0
-58192.0,22040.0
-57604.0,22158.0
-57520.0,22132.0
-57208.0,21942.0
-57128.0,21956.0
-56960.0,21626.0
-57176.0,21874.0
-56920.0,21792.0
-57392.0,22024.0
-57360.0,22038.0
-57296.0,21962.0
-57052.0,21962.0
-56380.0,21728.0
-56424.0,21884.0
-56580.0,21876.0
-56920.0,21680.0
-57000.0,21952.0
-56296.0,21830.0
-56880.0,21710.0
-57176.0,21954.0
-57596.0,22182.0
-57412.0,22222.0
-57104.0,21982.0
-56792.0,21942.0
-56736.0,22058.0
-56852.0,22082.0
-57180.0,21954.0
-57020.0,21852.0
-56972.0,21876.0
-57028.0,21934.0
-57168.0,22072.0
-57096.0,22004.0
-56980.0,22278.0
-57340.0,22338.0
-56964.0,22188.0
-57376.0,22410.0
-57224.0,22338.0
-56792.0,21912.0
-56380.0,21726.0
-57012.0,22056.0
-57548.0,22370.0
-57484.0,22396.0
-57624.0,22536.0
-57524.0,22646.0
-57716.0,22702.0
-57908.0,22788.0
-57616.0,22580.0
-57732.0,22434.0
-57800.0,22816.0
-57888.0,22778.0
-58044.0,22768.0
-57676.0,22724.0
-57620.0,22742.0
-58092.0,22570.0
-58768.0,22950.0
-58688.0,23360.0
-58148.0,23060.0
-58228.0,23076.0
-58068.0,22934.0
-58468.0,23116.0
-57996.0,22918.0
-58056.0,22854.0
-57560.0,22668.0
-57376.0,22482.0
-57612.0,22846.0
-57520.0,22780.0
-57428.0,22544.0
-57312.0,22676.0
-57500.0,22698.0
-57848.0,22656.0
-57508.0,22552.0
-57536.0,22456.0
-57692.0,22722.0
-57564.0,22694.0
-57640.0,22772.0
-57460.0,22500.0
-57316.0,22416.0
-57764.0,22438.0
-57272.0,22396.0
-57412.0,22420.0
-57604.0,22456.0
-57496.0,22378.0
-56952.0,22228.0
-57420.0,22506.0
-57456.0,22456.0
-57464.0,22510.0
-57692.0,22384.0
-57868.0,22402.0
-57464.0,22298.0
-57592.0,22322.0
-57316.0,22294.0
-57092.0,22418.0
-57428.0,22580.0
-57264.0,22430.0
-57292.0,22460.0
-57308.0,22232.0
-56996.0,22318.0
-57288.0,22702.0
-56784.0,22582.0
-57168.0,22572.0
-57088.0,22488.0
-57492.0,22702.0
-57588.0,22778.0
-57520.0,22842.0
-57524.0,22912.0
-57468.0,23186.0
-57228.0,22710.0
-56980.0,22736.0
-57452.0,22916.0
-57676.0,23206.0
-57728.0,23228.0
-57980.0,23268.0
-58036.0,23436.0
-58088.0,23436.0
-57504.0,23622.0
-57552.0,23448.0
-57784.0,23196.0
-57628.0,23308.0
-57360.0,23522.0
-57484.0,23468.0
-57604.0,23416.0
-57312.0,23316.0
-56964.0,23312.0
-56808.0,23052.0
-56944.0,23204.0
-57392.0,23266.0
-57056.0,23146.0
-57372.0,23188.0
-57176.0,23136.0
-57472.0,23314.0
-57868.0,23112.0
-57612.0,23034.0
-57384.0,22834.0
-57572.0,22936.0
-57428.0,23108.0
-58040.0,23260.0
-58124.0,23262.0
-57772.0,23314.0
-57720.0,23354.0
-57756.0,23386.0
-57512.0,23420.0
-57276.0,23408.0
-57072.0,23242.0
-57604.0,23368.0
-57932.0,23622.0
-57752.0,23654.0
-57596.0,23596.0
-57596.0,23338.0
-57796.0,23680.0
-57892.0,23550.0
-57988.0,23596.0
-58472.0,23836.0
-58428.0,23706.0
-57928.0,23610.0
-57664.0,23232.0
-57524.0,23136.0
-57100.0,23018.0
-57424.0,23102.0
-57184.0,22990.0
-57084.0,23064.0
-56964.0,23014.0
-56952.0,23136.0
-57112.0,23104.0
-57520.0,23030.0
-57436.0,23094.0
-56764.0,23026.0
-56940.0,23012.0
-56828.0,22708.0
-56408.0,22558.0
-56664.0,22566.0
-57104.0,22668.0
-57460.0,22866.0
-57492.0,23080.0
-57544.0,22804.0
-57096.0,22762.0
-56748.0,22900.0
-56724.0,23054.0
-57504.0,23310.0
-57500.0,23288.0
-57432.0,23164.0
-57560.0,23580.0
-57600.0,23690.0
-57556.0,23660.0
-57700.0,23570.0
-57568.0,23612.0
-57684.0,23288.0
-57276.0,23364.0
-57520.0,23350.0
-57668.0,23356.0
-57736.0,23246.0
-57692.0,23172.0
-57408.0,22902.0
-56676.0,22722.0
-56660.0,22504.0
-56848.0,22530.0
-57132.0,22610.0
-56956.0,22710.0
-57212.0,22678.0
-57016.0,22332.0
-56896.0,22396.0
-57220.0,22426.0
-57112.0,22654.0
-56792.0,22632.0
-56764.0,22750.0
-56952.0,22940.0
-56864.0,22912.0
-57336.0,23096.0
-57188.0,22990.0
-57076.0,22786.0
-57608.0,23022.0
-56988.0,22704.0
-56904.0,22622.0
-56844.0,22574.0
-56560.0,22282.0
-56788.0,22266.0
-56552.0,22232.0
-56956.0,22170.0
-56628.0,22070.0
-57020.0,22212.0
-56940.0,22204.0
-56896.0,22170.0
-57008.0,22194.0
-57056.0,22218.0
-57108.0,22306.0
-56932.0,22044.0
-56548.0,21784.0
-56664.0,21770.0
-56208.0,21496.0
-56632.0,21564.0
-56684.0,21760.0
-57004.0,21808.0
-56876.0,21764.0
-56516.0,21778.0
-56620.0,21840.0
-57096.0,21920.0
-56948.0,22042.0
-56692.0,22176.0
-56904.0,22366.0
-57276.0,22326.0
-57120.0,22120.0
-56964.0,22120.0
-56968.0,22134.0
-56748.0,22272.0
-56332.0,22522.0
-57052.0,22764.0
-56744.0,22806.0
-57024.0,22660.0
-57256.0,22764.0
-57056.0,22912.0
-57116.0,22884.0
-57024.0,22636.0
-56756.0,22578.0
-56672.0,22468.0
-56648.0,22416.0
-56624.0,22678.0
-56352.0,22592.0
-56732.0,22624.0
-56920.0,22464.0
-56648.0,22598.0
-57128.0,22886.0
-56656.0,22782.0
-56716.0,22850.0
-57188.0,23282.0
-57676.0,23126.0
-57880.0,23296.0
-57236.0,23170.0
-57168.0,22750.0
-57008.0,22650.0
-57052.0,22584.0
-57568.0,22422.0
-57104.0,22210.0
-57272.0,22500.0
-57580.0,22504.0
-57152.0,22264.0
-57088.0,22454.0
-56676.0,22154.0
-56888.0,22102.0
-57060.0,21916.0
-57040.0,22018.0
-57304.0,22176.0
-57352.0,22204.0
-57388.0,22318.0
-57180.0,22238.0
-57212.0,22444.0
-57280.0,22670.0
-57648.0,22776.0
-57324.0,22626.0
-57388.0,22790.0
-57368.0,22658.0
-57172.0,22748.0
-57280.0,22842.0
-57260.0,22742.0
-56864.0,22776.0
-56936.0,22756.0
-57116.0,22528.0
-56864.0,22338.0
-56156.0,22114.0
-56552.0,22282.0
-56684.0,22516.0
-56624.0,22464.0
-56464.0,22320.0
-56644.0,22188.0
-56848.0,22320.0
-56932.0,22292.0
-57132.0,22658.0
-57368.0,23006.0
-57316.0,23058.0
-57856.0,23232.0
-57616.0,23080.0
-57364.0,22868.0
-57128.0,22814.0
-57576.0,22866.0
-57488.0,23034.0
-57292.0,23106.0
-57428.0,23198.0
-57792.0,23714.0
-57536.0,23468.0
-57368.0,23622.0
-57428.0,23838.0
-57232.0,23824.0
-57556.0,23900.0
-57680.0,23832.0
-57168.0,23734.0
-57532.0,23826.0
-57340.0,23854.0
-57140.0,23726.0
-57028.0,23714.0
-56960.0,23536.0
-57488.0,23660.0
-57332.0,23654.0
-57368.0,23524.0
-57932.0,23782.0
-57836.0,23700.0
-57724.0,23666.0
-57420.0,23354.0
-57948.0,23582.0
-57204.0,23342.0
-57460.0,23476.0
-57412.0,23562.0
-57424.0,23806.0
-57724.0,24000.0
-57760.0,23942.0
-57480.0,23616.0
-57632.0,23564.0
-57268.0,23526.0
-57328.0,23472.0
-57356.0,23608.0
-57128.0,23462.0
-57216.0,23670.0
-57252.0,23774.0
-56956.0,23746.0
-57180.0,23592.0
-56880.0,23482.0
-56800.0,23480.0
-56868.0,23628.0
-57236.0,23832.0
-57084.0,23542.0
-57420.0,23592.0
-56928.0,23356.0
-56780.0,23518.0
-56948.0,23480.0
-57616.0,23808.0
-56684.0,23370.0
-57412.0,23540.0
-57096.0,23496.0
-57312.0,23406.0
-56956.0,23238.0
-57204.0,23190.0
-57748.0,23346.0
-57528.0,23460.0
-57400.0,23426.0
-57480.0,23562.0
-57508.0,23288.0
-57772.0,23418.0
-58212.0,23238.0
-58000.0,23336.0
-58192.0,23490.0
-58012.0,23464.0
-57452.0,23318.0
-57212.0,23208.0
-57920.0,23376.0
-57912.0,23292.0
-58228.0,23390.0
-58468.0,23680.0
-57752.0,23510.0
-57960.0,23482.0
-57600.0,23256.0
-57624.0,23220.0
-57556.0,23320.0
-57988.0,23334.0
-58016.0,23214.0
-57556.0,22978.0
-57576.0,23094.0
-57828.0,23256.0
-57908.0,23412.0
-57832.0,23450.0
-57608.0,23370.0
-56908.0,23178.0
-56816.0,23262.0
-56884.0,23062.0
-57328.0,23230.0
-57316.0,23330.0
-57144.0,23464.0
-57412.0,23508.0
-57380.0,23652.0
-57236.0,23546.0
-57280.0,23590.0
-57684.0,23598.0
-57840.0,23682.0
-57604.0,23634.0
-57732.0,23674.0
-58076.0,23728.0
-57340.0,23718.0
-57288.0,23440.0
-56992.0,23176.0
-57404.0,23408.0
-56828.0,23172.0
-57236.0,23030.0
-57124.0,22870.0
-56456.0,22624.0
-56872.0,22890.0
-57088.0,23116.0
-57220.0,23072.0
-57476.0,23226.0
-57436.0,23506.0
-57784.0,23620.0
-57728.0,23632.0
-57652.0,23616.0
-58000.0,23870.0
-57992.0,23618.0
-58300.0,23816.0
-57912.0,23530.0
-57728.0,23480.0
-57648.0,23294.0
-57088.0,23054.0
-57300.0,23054.0
-57432.0,23088.0
-57840.0,23422.0
-57492.0,23152.0
-57388.0,23108.0
-57080.0,23174.0
-57180.0,22968.0
-57344.0,22900.0
-57140.0,22880.0
-56948.0,23124.0
-56620.0,22754.0
-56900.0,22716.0
-56616.0,22338.0
-56320.0,22218.0
-56428.0,22082.0
-56488.0,21888.0
-56628.0,21984.0
-56872.0,22076.0
-56672.0,21936.0
-56508.0,22274.0
-56888.0,22604.0
-56976.0,22780.0
-56580.0,22578.0
-57176.0,22710.0
-57468.0,22716.0
-57772.0,22930.0
-57664.0,22834.0
-57628.0,23112.0
-57100.0,22864.0
-57052.0,22966.0
-57456.0,23250.0
-57888.0,23266.0
-57756.0,23394.0
-57564.0,23350.0
-57480.0,23458.0
-57888.0,23504.0
-57592.0,23548.0
-57416.0,23516.0
-57016.0,23100.0
-57440.0,23352.0
-57056.0,23384.0
-57284.0,23510.0
-57368.0,23630.0
-57280.0,23858.0
-57392.0,23774.0
-56916.0,23716.0
-57544.0,23900.0
-57672.0,24008.0
-57140.0,23842.0
-57148.0,24166.0
-57472.0,24158.0
-57444.0,24454.0
-57468.0,24478.0
-57504.0,24422.0
-57936.0,24532.0
-58268.0,24658.0
-58360.0,24736.0
-58060.0,24572.0
-58176.0,24456.0
-58036.0,24452.0
-57976.0,24596.0
-58028.0,24518.0
-58152.0,24606.0
-58264.0,24458.0
-58224.0,24572.0
-58612.0,24576.0
-58480.0,24754.0
-58108.0,24616.0
-58348.0,24572.0
-58568.0,24450.0
-58272.0,24448.0
-57800.0,24466.0
-57644.0,24368.0
-56928.0,24036.0
-57352.0,24130.0
-57700.0,24142.0
-57692.0,24462.0
-58080.0,24602.0
-57856.0,24474.0
-57672.0,24538.0
-57528.0,24534.0
-57516.0,24298.0
-57088.0,24008.0
-57028.0,23990.0
-56836.0,23878.0
-56844.0,23760.0
-57448.0,24070.0
-57708.0,24180.0
-57276.0,24086.0
-57364.0,24170.0
-56888.0,23996.0
-57148.0,23972.0
-57372.0,24064.0
-57476.0,24224.0
-57476.0,24138.0
-57932.0,24402.0
-58028.0,24284.0
-57936.0,24170.0
-57856.0,24176.0
-57548.0,23998.0
-57436.0,23950.0
-57340.0,23592.0
-57408.0,23684.0
-57528.0,23564.0
-56960.0,23454.0
-57216.0,23908.0
-57428.0,24050.0
-57948.0,24110.0
-57880.0,23990.0
-57388.0,23856.0
-57684.0,24368.0
-57600.0,24360.0
-57856.0,24370.0
-57856.0,24384.0
-57808.0,24268.0
-58132.0,24278.0
-57828.0,24284.0
-57864.0,24098.0
-57636.0,24056.0
-58012.0,24120.0
-58112.0,24266.0
-57980.0,24138.0
-57544.0,24170.0
-57684.0,24090.0
-57800.0,24358.0
-58096.0,24350.0
-57456.0,24292.0
-58184.0,24394.0
-58580.0,24368.0
-58232.0,24158.0
-57736.0,23878.0
-57592.0,23700.0
-57256.0,23534.0
-57452.0,23600.0
-57308.0,23438.0
-57164.0,23390.0
-56740.0,23368.0
-56756.0,23352.0
-57044.0,23338.0
-56516.0,23018.0
-56160.0,22790.0
-56728.0,22728.0
-56672.0,22592.0
-56676.0,22622.0
-56644.0,22826.0
-57340.0,22948.0
-57068.0,22780.0
-57776.0,22906.0
-57168.0,22858.0
-57264.0,22840.0
-57416.0,22648.0
-57200.0,22722.0
-57072.0,22558.0
-56940.0,22630.0
-56732.0,22678.0
-56920.0,22838.0
-56564.0,23044.0
-56704.0,23256.0
-56460.0,23166.0
-56952.0,23274.0
-56948.0,23468.0
-56984.0,23326.0
-56844.0,23172.0
-56916.0,23130.0
-57132.0,23278.0
-56904.0,23312.0
-57296.0,23552.0
-57092.0,23474.0
-57524.0,23774.0
-57972.0,23672.0
-57864.0,23620.0
-57952.0,23780.0
-57920.0,23892.0
-57624.0,23774.0
-57848.0,23956.0
-57492.0,24064.0
-57616.0,24058.0
-57856.0,24102.0
-57616.0,24082.0
-57016.0,23996.0
-57116.0,24052.0
-57240.0,24014.0
-57200.0,23904.0
-57468.0,23844.0
-57568.0,23938.0
-57468.0,24032.0
-57552.0,23942.0
-57752.0,23960.0
-57608.0,23908.0
-57616.0,23974.0
-57660.0,23904.0
-56872.0,23548.0
-56940.0,23644.0
-57248.0,23942.0
-57380.0,24120.0
-57980.0,24494.0
-57772.0,24596.0
-57132.0,24500.0
-57412.0,24364.0
-57380.0,24342.0
-57612.0,24690.0
-57184.0,24582.0
-57404.0,24504.0
-56936.0,24212.0
-56756.0,24134.0
-57160.0,24268.0
-57436.0,24440.0
-57868.0,24526.0
-57772.0,24304.0
-57924.0,24686.0
-57628.0,24928.0
-57660.0,25226.0
-57560.0,25166.0
-57320.0,25114.0
-57752.0,25282.0
-57608.0,25234.0
-57920.0,25368.0
-57884.0,25586.0
-58236.0,25754.0
-58268.0,25712.0
-57944.0,25612.0
-57616.0,25442.0
-57852.0,25382.0
-58028.0,25482.0
-58088.0,25818.0
-58104.0,25908.0
-58432.0,25802.0
-58444.0,25884.0
-58496.0,26084.0
-58308.0,26058.0
-58244.0,25954.0
-57988.0,25934.0
-58452.0,25932.0
-58456.0,25906.0
-58240.0,25774.0
-58412.0,25774.0
-58308.0,25744.0
-58320.0,25868.0
-57660.0,25766.0
-57664.0,25764.0
-57848.0,25936.0
-57888.0,25996.0
-57868.0,25926.0
-57836.0,25858.0
-58028.0,26020.0
-57384.0,25640.0
-57612.0,25736.0
-57768.0,25890.0
-57356.0,25794.0
-57132.0,25858.0
-57976.0,26040.0
-57848.0,25894.0
-57756.0,25782.0
-57716.0,25802.0
-57376.0,25746.0
-57152.0,25748.0
-57316.0,25872.0
-57128.0,25568.0
-57248.0,25376.0
-57544.0,25546.0
-57584.0,25668.0
-57496.0,25542.0
-57560.0,25894.0
-57252.0,25792.0
-57472.0,25734.0
-57840.0,25844.0
-58156.0,25946.0
-57976.0,25940.0
-57508.0,25676.0
-57112.0,25536.0
-56700.0,25572.0
-56776.0,25612.0
-56856.0,25554.0
-56840.0,25550.0
-56784.0,25606.0
-56316.0,25560.0
-56580.0,25506.0
-57240.0,25634.0
-57440.0,25728.0
-57688.0,25988.0
-57620.0,25878.0
-57132.0,25820.0
-57268.0,25790.0
-57380.0,25648.0
-57868.0,26024.0
-57656.0,26070.0
-57460.0,25962.0
-57936.0,26072.0
-57788.0,25838.0
-58036.0,26176.0
-57892.0,26024.0
-57560.0,26010.0
-58048.0,25934.0
-58172.0,26024.0
-57016.0,25554.0
-57692.0,25812.0
-57848.0,25830.0
-58228.0,25980.0
-58120.0,26048.0
-57764.0,25802.0
-58084.0,26106.0
-57828.0,25986.0
-57944.0,25728.0
-57840.0,25504.0
-57984.0,25636.0
-57744.0,25532.0
-57896.0,25578.0
-57884.0,25618.0
-57908.0,25654.0
-57860.0,25646.0
-57748.0,25616.0
-57696.0,25682.0
-57476.0,25778.0
-57776.0,25642.0
-58236.0,25900.0
-57568.0,25922.0
-58092.0,26000.0
-58388.0,26142.0
-58612.0,26088.0
-58768.0,26186.0
-58004.0,26114.0
-58296.0,25948.0
-58528.0,26184.0
-58376.0,26306.0
-58396.0,26286.0
-58352.0,26244.0
-58708.0,26304.0
-58580.0,26258.0
-58100.0,26092.0
-57280.0,25642.0
-57496.0,25850.0
-57724.0,26054.0
-57944.0,26424.0
-57860.0,26148.0
-57828.0,26016.0
-57516.0,25770.0
-57808.0,25818.0
-57880.0,25642.0
-58240.0,25656.0
-57956.0,25796.0
-57816.0,25682.0
-57944.0,25916.0
-58600.0,26006.0
-58700.0,26088.0
-58600.0,26134.0
-58920.0,26170.0
-58408.0,26158.0
-57904.0,25930.0
-58280.0,25980.0
-58196.0,25796.0
-58596.0,25808.0
-57988.0,25662.0
-57504.0,25686.0
-57868.0,25862.0
-57900.0,25902.0
-57936.0,25630.0
-58100.0,25866.0
-57720.0,25664.0
-57588.0,25474.0
-57912.0,25660.0
-57848.0,25678.0
-58264.0,25764.0
-58180.0,25736.0
-58300.0,25730.0
-58076.0,25566.0
-58432.0,25702.0
-57600.0,25332.0
-57920.0,25182.0
-57944.0,25032.0
-57880.0,24998.0
-57500.0,24698.0
-57744.0,24920.0
-57936.0,25086.0
-57504.0,25020.0
-57600.0,25102.0
-57912.0,25286.0
-58456.0,25286.0
-58388.0,25202.0
-58280.0,24990.0
-58132.0,24826.0
-58080.0,24966.0
-57480.0,24950.0
-57672.0,25212.0
-57996.0,25358.0
-58068.0,25582.0
-57964.0,25550.0
-58236.0,25604.0
-58160.0,25628.0
-58484.0,25776.0
-58340.0,25506.0
-58304.0,25690.0
-57956.0,25726.0
-57968.0,25910.0
-58096.0,26144.0
-58028.0,26178.0
-58184.0,26198.0
-58500.0,26348.0
-58396.0,26370.0
-58460.0,26318.0
-58260.0,26422.0
-57796.0,26130.0
-57464.0,26124.0
-57788.0,26130.0
-58460.0,26534.0
-58668.0,26684.0
-58488.0,26790.0
-58756.0,26982.0
-58540.0,26906.0
-58460.0,26970.0
-58220.0,26990.0
-57896.0,26838.0
-58068.0,26802.0
-58108.0,26714.0
-58312.0,26782.0
-58708.0,27000.0
-59172.0,27032.0
-58820.0,27104.0
-58524.0,27064.0
-58740.0,26992.0
-58796.0,26832.0
-58708.0,26704.0
-58432.0,26672.0
-57984.0,26700.0
-58500.0,26870.0
-58232.0,26846.0
-58324.0,26894.0
-58372.0,27132.0
-58476.0,27182.0
-58360.0,27004.0
-57628.0,26906.0
-58040.0,27206.0
-57828.0,27184.0
-58104.0,27320.0
-57992.0,27096.0
-57800.0,27028.0
-57888.0,26920.0
-58236.0,27070.0
-57644.0,26700.0
-57340.0,26662.0
-57680.0,26568.0
-57876.0,26714.0
-57940.0,26872.0
-57640.0,26564.0
-57496.0,26432.0
-57140.0,26336.0
-57300.0,26426.0
-57472.0,26528.0
-57352.0,26322.0
-57564.0,26364.0
-58004.0,26566.0
-58328.0,26784.0
-57996.0,26780.0
-58120.0,26740.0
-58732.0,27044.0
-58644.0,27174.0
-59000.0,27736.0
-58972.0,27842.0
-58724.0,27688.0
-58868.0,27928.0
-59084.0,27906.0
-59064.0,27764.0
-58748.0,27696.0
-58640.0,27734.0
-58504.0,27694.0
-58664.0,27818.0
-59116.0,27726.0
-58280.0,27578.0
-58800.0,27502.0
-58504.0,27426.0
-58296.0,27246.0
-58212.0,27318.0
-58872.0,27546.0
-58624.0,27178.0
-58580.0,27126.0
-59052.0,27122.0
-58560.0,26898.0
-58524.0,26942.0
-58180.0,26764.0
-57968.0,26662.0
-57884.0,26840.0
-58064.0,26904.0
-58312.0,27080.0
-57788.0,26892.0
-58144.0,27036.0
-58348.0,26948.0
-58036.0,26764.0
-58564.0,26960.0
-58476.0,26984.0
-58276.0,26926.0
-58164.0,27198.0
-58592.0,27224.0
-58504.0,27214.0
-58232.0,27252.0
-58100.0,27384.0
-58272.0,27444.0
-58216.0,27314.0
-58276.0,27350.0
-58072.0,27228.0
-58416.0,27356.0
-58904.0,27646.0
-59012.0,27516.0
-58804.0,27510.0
-58160.0,27244.0
-58464.0,27518.0
-58400.0,27544.0
-58328.0,27290.0
-58284.0,27290.0
-58256.0,27430.0
-58528.0,27652.0
-58208.0,27530.0
-58356.0,27638.0
-58408.0,27674.0
-58284.0,27562.0
-58432.0,27610.0
-58072.0,27620.0
-58264.0,27608.0
-58292.0,27578.0
-58276.0,27612.0
-58376.0,27570.0
-58040.0,27506.0
-57888.0,27268.0
-57348.0,27214.0
-57668.0,27258.0
-57540.0,27136.0
-57604.0,27012.0
-57816.0,27104.0
-58072.0,27274.0
-58036.0,27200.0
-57816.0,27348.0
-57380.0,27398.0
-57996.0,27556.0
-57632.0,27392.0
-57564.0,27292.0
-57212.0,27196.0
-58108.0,27500.0
-57664.0,27404.0
-57864.0,27526.0
-57968.0,27510.0
-57672.0,27266.0
-58012.0,27352.0
-57832.0,27268.0
-57612.0,27048.0
-57560.0,27052.0
-57372.0,27076.0
-58064.0,27014.0
-58024.0,27190.0
-57208.0,26770.0
-57108.0,26758.0
-57276.0,27030.0
-57516.0,26980.0
-57776.0,27338.0
-57668.0,27308.0
-57700.0,27432.0
-57824.0,27512.0
-58132.0,27560.0
-58012.0,27420.0
-57388.0,27098.0
-58076.0,27610.0
-58340.0,27686.0
-58264.0,27818.0
-57808.0,27778.0
-57384.0,27616.0
-57832.0,27834.0
-57944.0,27964.0
-57880.0,27874.0
-57736.0,27914.0
-57532.0,28054.0
-57532.0,27978.0
-57668.0,28152.0
-57632.0,28334.0
-57924.0,28184.0
-57840.0,28144.0
-57852.0,28116.0
-58304.0,28096.0
-58140.0,27780.0
-57980.0,27712.0
-58428.0,27660.0
-58604.0,27786.0
-57748.0,27692.0
-58228.0,27796.0
-58180.0,27636.0
-58028.0,27468.0
-57924.0,27252.0
-58276.0,27404.0
-58624.0,27550.0
-58304.0,27320.0
-58340.0,27508.0
-58140.0,27410.0
-58220.0,27350.0
-58248.0,27262.0
-58668.0,27478.0
-58272.0,27398.0
-58208.0,27280.0
-58476.0,27448.0
-58264.0,27482.0
-58060.0,27146.0
-58344.0,27190.0
-58236.0,27160.0
-58132.0,27072.0
-58248.0,27234.0
-58564.0,27572.0
-58644.0,27700.0
-58636.0,27824.0
-58424.0,27504.0
-57868.0,26996.0
-57752.0,27038.0
-57664.0,27088.0
-58104.0,27090.0
-58348.0,27144.0
-57936.0,27226.0
-57744.0,27138.0
-57852.0,27182.0
-57720.0,27216.0
-57472.0,27116.0
-58312.0,27470.0
-57988.0,27274.0
-57964.0,27236.0
-57800.0,27318.0
-57504.0,27272.0
-57684.0,26988.0
-57876.0,27302.0
-57748.0,27280.0
-58156.0,27444.0
-58268.0,27518.0
-58028.0,27232.0
-58256.0,27282.0
-58304.0,27158.0
-58244.0,27202.0
-58556.0,27182.0
-58232.0,27064.0
-58100.0,27102.0
-58256.0,27346.0
-58360.0,27390.0
-58700.0,27522.0
-58124.0,27278.0
-58640.0,27554.0
-58356.0,27270.0
-58284.0,27170.0
-57900.0,27182.0
-58160.0,27392.0
-57852.0,27172.0
-58348.0,27362.0
-58256.0,27146.0
-57896.0,26900.0
-57532.0,26930.0
-58184.0,27174.0
-58068.0,27202.0
-58424.0,27236.0
-58100.0,27218.0
-58608.0,27340.0
-58532.0,27454.0
-58580.0,27296.0
-58388.0,27344.0
-58256.0,27226.0
-58272.0,27126.0
-58100.0,27188.0
-58624.0,27078.0
-58196.0,26982.0
-57988.0,26994.0
-58372.0,27060.0
-58424.0,27206.0
-58704.0,27488.0
-58268.0,27250.0
-57884.0,26990.0
-58312.0,27126.0
-58360.0,27256.0
-57960.0,27194.0
-57660.0,26922.0
-58148.0,27092.0
-58256.0,27090.0
-58052.0,26950.0
-57736.0,26718.0
-57632.0,26610.0
-57572.0,26432.0
-57448.0,26440.0
-57572.0,26514.0
-57952.0,26604.0
-58312.0,26800.0
-58076.0,26782.0
-58128.0,26732.0
-57668.0,26586.0
-57652.0,26408.0
-57880.0,26608.0
-57504.0,26532.0
-57796.0,26608.0
-58160.0,26836.0
-58244.0,26888.0
-58504.0,27034.0
-58632.0,26984.0
-58668.0,27020.0
-58232.0,26792.0
-58152.0,26762.0
-57896.0,26484.0
-57636.0,26300.0
-57512.0,26070.0
-57516.0,26202.0
-57420.0,26374.0
-57384.0,26252.0
-57420.0,26418.0
-58016.0,26562.0
-58304.0,26532.0
-57788.0,26484.0
-58012.0,26542.0
-58128.0,26424.0
-57732.0,26384.0
-57936.0,26466.0
-58360.0,26658.0
-58304.0,26530.0
-58084.0,26688.0
-58136.0,26548.0
-57780.0,26718.0
-58296.0,27194.0
-58068.0,27080.0
-58744.0,27118.0
-58572.0,27412.0
-58640.0,27666.0
-58876.0,27750.0
-58856.0,27658.0
-58528.0,27402.0
-58560.0,27298.0
-58452.0,27092.0
-58348.0,27310.0
-58216.0,27312.0
-57828.0,27048.0
-58040.0,27102.0
-58496.0,27428.0
-58624.0,27306.0
-58408.0,27346.0
-57968.0,27210.0
-57592.0,27120.0
-57500.0,26876.0
-57600.0,26956.0
-57644.0,26746.0
-57520.0,26758.0
-57776.0,26818.0
-58632.0,27228.0
-58288.0,27296.0
-58456.0,27336.0
-58588.0,27268.0
-58220.0,27034.0
-58632.0,27300.0
-58408.0,27076.0
-58320.0,27112.0
-58388.0,27094.0
-58160.0,26918.0
-58452.0,26928.0
-58396.0,26846.0
-58692.0,26954.0
-58516.0,27158.0
-58588.0,27152.0
-57924.0,27008.0
-57408.0,26870.0
-57836.0,27198.0
-57936.0,27130.0
-58136.0,27204.0
-57972.0,27112.0
-57920.0,26936.0
-57768.0,26894.0
-57744.0,26930.0
-57200.0,26670.0
-57728.0,26742.0
-57572.0,26640.0
-57704.0,26602.0
-58128.0,26954.0
-57744.0,26828.0
-57696.0,26980.0
-57948.0,26974.0
-58036.0,26930.0
-57932.0,27170.0
-57840.0,27322.0
-57916.0,27080.0
-58476.0,27240.0
-57884.0,26798.0
-57968.0,27022.0
-58184.0,27128.0
-58100.0,27066.0
-57932.0,26964.0
-57536.0,26792.0
-58080.0,26916.0
-57732.0,26804.0
-57768.0,26742.0
-57716.0,26848.0
-57932.0,27036.0
-57540.0,26862.0
-57180.0,26546.0
-57408.0,26508.0
-57772.0,26786.0
-57848.0,27016.0
-57944.0,26928.0
-58080.0,26958.0
-58036.0,27006.0
-57800.0,26882.0
-58044.0,26942.0
-57556.0,26750.0
-57508.0,26522.0
-58256.0,26924.0
-58368.0,27258.0
-58236.0,27286.0
-58676.0,27512.0
-58672.0,27278.0
-58772.0,27274.0
-59120.0,27302.0
-58744.0,27096.0
-58496.0,27040.0
-58272.0,27142.0
-57908.0,27078.0
-57700.0,27096.0
-58120.0,27172.0
-58188.0,27286.0
-58196.0,27416.0
-58356.0,27624.0
-57872.0,27250.0
-57616.0,27132.0
-57684.0,27198.0
-57656.0,27078.0
-57764.0,27104.0
-57288.0,26832.0
-57884.0,26902.0
-57324.0,26810.0
-57904.0,26804.0
-58304.0,26822.0
-58056.0,26552.0
-57780.0,26560.0
-57952.0,26826.0
-57836.0,26666.0
-58004.0,26750.0
-57336.0,26434.0
-57460.0,26500.0
-57468.0,26306.0
-58124.0,26642.0
-57788.0,26638.0
-58192.0,26598.0
-57844.0,26482.0
-57076.0,26088.0
-57108.0,25872.0
-56544.0,25532.0
-56632.0,25636.0
-56440.0,25196.0
-56164.0,25146.0
-56736.0,25366.0
-56704.0,25610.0
-56792.0,25486.0
-56988.0,25578.0
-56876.0,25760.0
-57076.0,25578.0
-56928.0,25514.0
-57308.0,25942.0
-57716.0,25974.0
-57744.0,26094.0
-57880.0,26186.0
-57828.0,26132.0
-57904.0,26094.0
-58032.0,25968.0
-57924.0,25966.0
-57952.0,25826.0
-57948.0,26104.0
-57656.0,25978.0
-57288.0,25662.0
-57192.0,25624.0
-57156.0,25478.0
-57336.0,25362.0
-56924.0,25500.0
-57780.0,25732.0
-57552.0,25520.0
-57696.0,25558.0
-57564.0,25278.0
-57704.0,25522.0
-57212.0,25382.0
-57472.0,25460.0
-56872.0,25164.0
-57236.0,25404.0
-57960.0,25632.0
-58012.0,25562.0
-57960.0,25542.0
-57584.0,25334.0
-57332.0,25172.0
-57064.0,25054.0
-57616.0,25136.0
-57404.0,25098.0
-57620.0,25054.0
-57712.0,25106.0
-57528.0,25014.0
-57340.0,25074.0
-57256.0,25198.0
-57532.0,25068.0
-57564.0,24876.0
-57360.0,24894.0
-57720.0,25074.0
-58136.0,25492.0
-58060.0,25318.0
-57736.0,25366.0
-57884.0,25282.0
-57632.0,25090.0
-57832.0,24942.0
-57712.0,24894.0
-57260.0,24858.0
-57636.0,25266.0
-57656.0,25380.0
-57956.0,25286.0
-57612.0,25108.0
-57616.0,25018.0
-57476.0,25218.0
-57924.0,25380.0
-57992.0,25266.0
-57884.0,25148.0
-57540.0,25100.0
-57556.0,24898.0
-57332.0,25118.0
-57964.0,25232.0
-57972.0,25302.0
-58080.0,25408.0
-57932.0,25262.0
-57908.0,25384.0
-58304.0,25496.0
-58528.0,25530.0
-58164.0,25472.0
-58280.0,25578.0
-58120.0,25640.0
-57092.0,25410.0
-57760.0,25298.0
-57428.0,25192.0
-57660.0,25172.0
-57996.0,25428.0
-58076.0,25460.0
-57960.0,25576.0
-58376.0,25614.0
-58500.0,25810.0
-58408.0,25682.0
-58340.0,25584.0
-58080.0,25548.0
-58200.0,25616.0
-57688.0,25488.0
-57532.0,25188.0
-57772.0,25314.0
-57232.0,25346.0
-57276.0,24968.0
-57432.0,24936.0
-57564.0,24858.0
-57344.0,24628.0
-57232.0,24512.0
-56956.0,24392.0
-56544.0,24458.0
-56968.0,24646.0
-57512.0,24428.0
-57328.0,24488.0
-57352.0,24730.0
-57476.0,24664.0
-57336.0,24846.0
-57668.0,24888.0
-57332.0,24976.0
-57396.0,24860.0
-57800.0,24840.0
-57804.0,24862.0
-57584.0,24958.0
-57692.0,25100.0
-57724.0,25068.0
-57872.0,24932.0
-57804.0,24852.0
-57820.0,25180.0
-57336.0,25064.0
-57440.0,24860.0
-57352.0,24708.0
-56852.0,24644.0
-56672.0,24392.0
-56496.0,24222.0
-56588.0,24266.0
-57364.0,24322.0
-56940.0,24076.0
-56636.0,23686.0
-56980.0,23916.0
-57104.0,23844.0
-57160.0,23972.0
-57036.0,23940.0
-56704.0,23974.0
-56900.0,24234.0
-57612.0,24398.0
-57152.0,24326.0
-56884.0,24284.0
-57420.0,24358.0
-57288.0,24304.0
-57688.0,24452.0
-57752.0,24328.0
-57272.0,24216.0
-57172.0,24354.0
-57196.0,24572.0
-57456.0,24730.0
-57272.0,24868.0
-57916.0,25108.0
-57616.0,25114.0
-58096.0,24930.0
-58324.0,24948.0
-58188.0,24886.0
-58588.0,25128.0
-58136.0,25360.0
-57652.0,24938.0
-57572.0,24840.0
-57916.0,25014.0
-57120.0,24580.0
-56656.0,24570.0
-57476.0,24740.0
-57360.0,24500.0
-57292.0,24554.0
-57528.0,24292.0
-57112.0,23880.0
-57604.0,23898.0
-57712.0,23768.0
-57608.0,23718.0
-57696.0,23568.0
-57424.0,23636.0
-57084.0,23542.0
-57144.0,23290.0
-57476.0,23142.0
-57324.0,23330.0
-57272.0,23090.0
-57056.0,22962.0
-56852.0,23026.0
-57272.0,23248.0
-56988.0,23174.0
-56580.0,22932.0
-56288.0,23132.0
-56860.0,23302.0
-57388.0,23382.0
-57028.0,23000.0
-57128.0,23144.0
-57096.0,23082.0
-57128.0,22830.0
-57052.0,22830.0
-56984.0,22986.0
-57824.0,23110.0
-57496.0,23124.0
-56916.0,22878.0
-56884.0,22832.0
-56764.0,22754.0
-56592.0,22768.0
-56592.0,22682.0
-56544.0,22694.0
-56840.0,22796.0
-56864.0,23016.0
-56768.0,22932.0
-56388.0,22708.0
-56364.0,22418.0
-57144.0,22636.0
-57388.0,22876.0
-56744.0,23054.0
-57228.0,22946.0
-57316.0,22926.0
-57288.0,22818.0
-56544.0,22516.0
-56128.0,22282.0
-56392.0,22586.0
-56124.0,22538.0
-56344.0,22442.0
-56968.0,22720.0
-56824.0,22764.0
-57396.0,23018.0
-57036.0,22886.0
-57204.0,22882.0
-57124.0,22836.0
-56968.0,22772.0
-56780.0,22852.0
-57252.0,23084.0
-57388.0,23284.0
-57604.0,23390.0
-57388.0,23292.0
-57208.0,23570.0
-56884.0,23552.0
-57276.0,23812.0
-57560.0,23836.0
-57228.0,23526.0
-57064.0,23604.0
-57372.0,23564.0
-57312.0,23562.0
-57744.0,23642.0
-57592.0,23822.0
-57600.0,23814.0
-57116.0,23406.0
-57424.0,23738.0
-57280.0,23508.0
-57076.0,23714.0
-58016.0,23878.0
-57768.0,23994.0
-58004.0,24114.0
-58272.0,24024.0
-58172.0,23974.0
-58256.0,24060.0
-58140.0,24146.0
-58492.0,24148.0
-58320.0,24130.0
-57992.0,24164.0
-57852.0,24312.0
-58032.0,24278.0
-58256.0,24186.0
-57588.0,23968.0
-57872.0,23844.0
-57788.0,23844.0
-57984.0,23688.0
-57580.0,23532.0
-57908.0,23590.0
-57336.0,23492.0
-56880.0,23360.0
-56232.0,23244.0
-56484.0,23374.0
-57480.0,23596.0
-57736.0,23674.0
-57132.0,23510.0
-57480.0,23844.0
-57080.0,23766.0
-57664.0,23898.0
-57672.0,23894.0
-57980.0,23944.0
-57500.0,23690.0
-57632.0,23458.0
-57040.0,23372.0
-57632.0,23674.0
-57464.0,23828.0
-57784.0,23800.0
-57720.0,24024.0
-58200.0,24178.0
-57508.0,23772.0
-57472.0,23792.0
-57620.0,24190.0
-58080.0,24458.0
-58224.0,24416.0
-58316.0,24728.0
-57708.0,24502.0
-57660.0,24552.0
-57644.0,24402.0
-57716.0,24388.0
-57536.0,24412.0
-57408.0,24250.0
-57860.0,24398.0
-57816.0,24408.0
-57448.0,24410.0
-57288.0,24278.0
-56760.0,24302.0
-56748.0,23928.0
-57064.0,24110.0
-56948.0,24038.0
-57088.0,24094.0
-57440.0,23960.0
-57456.0,23822.0
-57804.0,24170.0
-57124.0,23866.0
-56980.0,23696.0
-57296.0,23890.0
-57488.0,23970.0
-57228.0,23744.0
-57292.0,23844.0
-57492.0,23912.0
-57436.0,23932.0
-56952.0,23602.0
-56804.0,23624.0
-57252.0,23626.0
-57732.0,23698.0
-57644.0,23558.0
-57756.0,23760.0
-57268.0,23778.0
-57360.0,23864.0
-57172.0,23852.0
-57680.0,23920.0
-57348.0,23502.0
-57620.0,23638.0
-58124.0,23632.0
-57668.0,23668.0
-57464.0,23544.0
-57736.0,23588.0
-57624.0,23588.0
-57584.0,23774.0
-56976.0,23618.0
-57972.0,24004.0
-57512.0,23988.0
-57392.0,23878.0
-57388.0,23984.0
-57488.0,23952.0
-57000.0,23986.0
-56792.0,23844.0
-56624.0,23886.0
-57612.0,24184.0
-57392.0,24260.0
-57548.0,24368.0
-57308.0,24224.0
-56656.0,23912.0
-57000.0,23862.0
-57168.0,23930.0
-57000.0,23688.0
-57176.0,23774.0
-56748.0,23450.0
-56764.0,23470.0
-57156.0,23682.0
-57420.0,23862.0
-57264.0,24006.0
-57516.0,24080.0
-57824.0,24232.0
-57676.0,24238.0
-57568.0,24106.0
-57700.0,24132.0
-57524.0,24294.0
-57648.0,24664.0
-57680.0,24700.0
-57812.0,24788.0
-57932.0,24864.0
-57284.0,24752.0
-57212.0,24578.0
-56836.0,24314.0
-57016.0,24346.0
-57016.0,24408.0
-57264.0,24458.0
-57100.0,24412.0
-56920.0,24314.0
-57196.0,24436.0
-56988.0,24298.0
-57604.0,24304.0
-57192.0,24258.0
-57504.0,24210.0
-57444.0,24150.0
-57408.0,24034.0
-57772.0,24214.0
-57580.0,24018.0
-57360.0,23942.0
-57792.0,24108.0
-57396.0,24006.0
-57496.0,24054.0
-57140.0,24080.0
-57396.0,24138.0
-57536.0,24164.0
-58036.0,24330.0
-57876.0,24304.0
-57916.0,24392.0
-57432.0,24042.0
-57028.0,23944.0
-57124.0,23702.0
-57376.0,23786.0
-57520.0,23934.0
-57092.0,23694.0
-57084.0,23602.0
-56956.0,23686.0
-56724.0,23622.0
-57232.0,23806.0
-56356.0,23392.0
-56528.0,23522.0
-56696.0,23440.0
-56556.0,23236.0
-55892.0,23310.0
-56988.0,23604.0
-57072.0,23474.0
-56360.0,23232.0
-56604.0,23402.0
-56332.0,23280.0
-57012.0,23664.0
-57300.0,23896.0
-56792.0,23488.0
-57324.0,23764.0
-57636.0,23908.0
-57228.0,23806.0
-57120.0,23662.0
-57272.0,23896.0
-56964.0,23644.0
-57612.0,23876.0
-57252.0,23612.0
-57276.0,23498.0
-57832.0,23522.0
-57344.0,23288.0
-56944.0,23020.0
-57136.0,23082.0
-56812.0,22916.0
-56424.0,22830.0
-56676.0,22958.0
-56548.0,23110.0
-56712.0,23172.0
-56828.0,23188.0
-57328.0,23352.0
-57084.0,23216.0
-57068.0,23258.0
-56816.0,23232.0
-56756.0,23098.0
-56768.0,22946.0
-56444.0,22888.0
-56688.0,23142.0
-56188.0,22860.0
-56336.0,22812.0
-55992.0,22400.0
-55948.0,22596.0
-56328.0,22634.0
-56196.0,22314.0
-56596.0,22682.0
-56284.0,22700.0
-56060.0,22810.0
-56476.0,22876.0
-56296.0,22776.0
-55940.0,22754.0
-55772.0,22626.0
-55672.0,22672.0
-56300.0,22914.0
-55924.0,22718.0
-56200.0,22600.0
-56336.0,22612.0
-56348.0,22640.0
-56444.0,22834.0
-56504.0,22798.0
-56632.0,22634.0
-56484.0,22694.0
-56420.0,23024.0
-56500.0,23036.0
-56396.0,23076.0
-56220.0,22796.0
-56112.0,22668.0
-56268.0,22748.0
-56136.0,22562.0
-56344.0,22816.0
-56456.0,22838.0
-56856.0,23222.0
-57060.0,23300.0
-56812.0,23312.0
-57144.0,23648.0
-57548.0,23684.0
-56852.0,23322.0
-56160.0,23148.0
-56784.0,23386.0
-56264.0,23162.0
-56988.0,23440.0
-56928.0,23470.0
-56800.0,23464.0
-56696.0,23556.0
-57344.0,23904.0
-57468.0,23886.0
-57520.0,23826.0
-57852.0,24016.0
-57396.0,24038.0
-57852.0,24118.0
-57412.0,24098.0
-57420.0,24076.0
-57048.0,23912.0
-57292.0,23824.0
-57344.0,23668.0
-57456.0,23756.0
-57432.0,23702.0
-57204.0,23400.0
-56964.0,23480.0
-57096.0,23874.0
-56932.0,23812.0
-57112.0,23880.0
-57584.0,23908.0
-57172.0,24054.0
-57108.0,24188.0
-57332.0,24242.0
-57396.0,24228.0
-56884.0,23938.0
-56716.0,24018.0
-56972.0,23776.0
-57028.0,23886.0
-57316.0,24066.0
-56636.0,24016.0
-56664.0,23726.0
-57168.0,24088.0
-57384.0,24308.0
-57020.0,24308.0
-56980.0,24192.0
-56968.0,24238.0
-56360.0,24060.0
-55912.0,24024.0
-56496.0,24322.0
-56412.0,24260.0
-56496.0,24434.0
-56776.0,24522.0
-56944.0,24460.0
-56940.0,24446.0
-57184.0,24774.0
-57500.0,24796.0
-57560.0,24716.0
-57568.0,24794.0
-57412.0,24650.0
-57548.0,24550.0
-57624.0,24636.0
-58032.0,24726.0
-57604.0,24840.0
-57384.0,24800.0
-58144.0,25054.0
-57940.0,24844.0
-57728.0,24938.0
-57652.0,25088.0
-57344.0,25058.0
-57316.0,24924.0
-56972.0,24798.0
-57792.0,25152.0
-57896.0,25186.0
-57384.0,25002.0
-57504.0,25098.0
-57652.0,25138.0
-57348.0,25084.0
-57036.0,25054.0
-57408.0,25044.0
-57352.0,25230.0
-57840.0,25342.0
-57960.0,25524.0
-58304.0,25676.0
-58316.0,25952.0
-58152.0,25936.0
-58024.0,25804.0
-57500.0,25584.0
-57588.0,25604.0
-57608.0,25600.0
-57896.0,25754.0
-58544.0,25936.0
-58216.0,25884.0
-58220.0,25990.0
-58352.0,26034.0
-58064.0,26104.0
-58248.0,26228.0
-58080.0,26450.0
-58360.0,26702.0
-58428.0,26524.0
-58368.0,26468.0
-57748.0,26002.0
-58080.0,26024.0
-58200.0,26104.0
-57856.0,26086.0
-58012.0,26216.0
-58060.0,26214.0
-57680.0,25794.0
-58260.0,25808.0
-57760.0,25680.0
-57812.0,25708.0
-57732.0,25912.0
-57848.0,26022.0
-58536.0,26242.0
-57944.0,26192.0
-58004.0,26304.0
-57808.0,26044.0
-57840.0,26018.0
-57844.0,25906.0
-57888.0,25812.0
-57620.0,25854.0
-57448.0,25986.0
-57028.0,25816.0
-57128.0,25742.0
-56448.0,25460.0
-57224.0,25660.0
-57024.0,25654.0
-57408.0,25792.0
-57580.0,25798.0
-57436.0,25832.0
-57568.0,25700.0
-57728.0,25678.0
-57740.0,25600.0
-58236.0,25658.0
-57988.0,25674.0
-57712.0,25564.0
-57836.0,25524.0
-57348.0,25248.0
-57188.0,25180.0
-57488.0,25106.0
-57464.0,25512.0
-57080.0,25344.0
-57056.0,25420.0
-57148.0,25308.0
-57304.0,25500.0
-57596.0,25426.0
-57424.0,25352.0
-57420.0,25512.0
-57120.0,25206.0
-56976.0,25186.0
-56892.0,25034.0
-56796.0,25088.0
-57392.0,25356.0
-57824.0,25630.0
-57648.0,25430.0
-57768.0,25528.0
-57852.0,25720.0
-57660.0,25510.0
-57908.0,25420.0
-57736.0,25424.0
-57712.0,25254.0
-57852.0,25280.0
-57616.0,25374.0
-57936.0,25496.0
-57696.0,25620.0
-58048.0,25704.0
-57580.0,25522.0
-57860.0,25478.0
-57352.0,25256.0
-57324.0,25216.0
-57524.0,25404.0
-57240.0,24998.0
-57216.0,25174.0
-57380.0,25306.0
-57620.0,25458.0
-57752.0,25412.0
-57424.0,25234.0
-57064.0,25028.0
-57360.0,24964.0
-57624.0,25166.0
-57232.0,24986.0
-57636.0,25178.0
-57752.0,25306.0
-57692.0,25212.0
-57240.0,24958.0
-57064.0,24818.0
-57156.0,24808.0
-57104.0,24872.0
-56592.0,24676.0
-56704.0,24534.0
-56728.0,24576.0
-56540.0,24476.0
-56732.0,24248.0
-56600.0,24020.0
-57032.0,24086.0
-57268.0,24270.0
-57416.0,24482.0
-57060.0,24294.0
-57424.0,24116.0
-57088.0,24352.0
-56884.0,24366.0
-56920.0,24352.0
-57360.0,24602.0
-57324.0,24578.0
-57352.0,24680.0
-57308.0,24742.0
-57656.0,25106.0
-57760.0,24938.0
-57512.0,24902.0
-57860.0,24950.0
-57936.0,25168.0
-58664.0,25476.0
-57292.0,25038.0
-56872.0,24876.0
-56976.0,24776.0
-57396.0,25308.0
-57408.0,25200.0
-57660.0,25260.0
-57384.0,24908.0
-57572.0,25126.0
-57600.0,25092.0
-57912.0,25172.0
-57424.0,24866.0
-57328.0,24886.0
-56952.0,24718.0
-57076.0,24970.0
-57436.0,24960.0
-57332.0,24952.0
-57068.0,24988.0
-57268.0,25422.0
-57328.0,25536.0
-57340.0,25518.0
-57840.0,25662.0
-57880.0,25608.0
-58104.0,26064.0
-58236.0,25936.0
-58268.0,25994.0
-58560.0,26188.0
-58104.0,25876.0
-58160.0,25826.0
-58288.0,26016.0
-58280.0,25826.0
-58048.0,25688.0
-58208.0,25746.0
-57820.0,25682.0
-58268.0,25758.0
-57292.0,25700.0
-57492.0,25794.0
-57788.0,26042.0
-58048.0,25970.0
-58228.0,26122.0
-57848.0,25800.0
-57688.0,25788.0
-57608.0,25752.0
-57408.0,25838.0
-57712.0,25742.0
-57700.0,25776.0
-57952.0,25780.0
-57520.0,25844.0
-57988.0,25990.0
-57592.0,25720.0
-57616.0,25794.0
-57592.0,25742.0
-57848.0,25772.0
-57612.0,25648.0
-57476.0,25660.0
-57636.0,25502.0
-57904.0,25572.0
-57732.0,25524.0
-57796.0,25574.0
-57540.0,25452.0
-57592.0,25400.0
-57604.0,25548.0
-57288.0,25382.0
-57128.0,25174.0
-56924.0,25010.0
-56772.0,24900.0
-57116.0,24892.0
-56676.0,24468.0
-56868.0,24492.0
-56856.0,24538.0
-56900.0,24528.0
-58164.0,25048.0
-57808.0,25262.0
-57924.0,25374.0
-58016.0,25296.0
-57628.0,25266.0
-58288.0,25654.0
-57844.0,25626.0
-58460.0,25676.0
-57936.0,25502.0
-57652.0,25384.0
-58120.0,25562.0
-57916.0,25656.0
-57972.0,25644.0
-58296.0,25590.0
-58216.0,25346.0
-57712.0,25080.0
-56848.0,24808.0
-57100.0,24786.0
-57464.0,25024.0
-57312.0,25112.0
-57080.0,25048.0
-57372.0,25022.0
-57688.0,25352.0
-57568.0,25264.0
-57660.0,25462.0
-57956.0,25408.0
-57672.0,25578.0
-58068.0,25618.0
-58000.0,25666.0
-57316.0,25424.0
-57608.0,25492.0
-57440.0,25450.0
-57284.0,25408.0
-57300.0,25400.0
-57704.0,25552.0
-58264.0,25708.0
-58548.0,25844.0
-58372.0,26006.0
-57680.0,25714.0
-57252.0,25226.0
-57672.0,25426.0
-57564.0,25780.0
-57652.0,25950.0
-57992.0,26014.0
-57820.0,25860.0
-57592.0,25666.0
-57564.0,25682.0
-56808.0,25436.0
-56536.0,25554.0
-57404.0,25762.0
-57060.0,25772.0
-57180.0,25776.0
-57600.0,25696.0
-57976.0,25836.0
-57756.0,25894.0
-57772.0,25910.0
-57576.0,25992.0
-58144.0,26022.0
-57648.0,25888.0
-57128.0,25568.0
-56964.0,25320.0
-56900.0,25310.0
-57220.0,25498.0
-57352.0,25788.0
-57628.0,25810.0
-57184.0,25604.0
-57316.0,25866.0
-57420.0,25914.0
-57672.0,26364.0
