Energy,Magnetization
-24852.0,260.0
-33252.0,670.0
-37420.0,80.0
-40208.0,64.0
-42456.0,276.0
-43760.0,192.0
-44408.0,-56.0
-44912.0,-156.0
-45976.0,-178.0
-46280.0,-324.0
-47192.0,-158.0
-47568.0,48.0
-47468.0,380.0
-48328.0,156.0
-49040.0,388.0
-49000.0,460.0
-48588.0,72.0
-48832.0,514.0
-48980.0,526.0
-49028.0,516.0
-49424.0,274.0
-49000.0,294.0
-49116.0,320.0
-49484.0,134.0
-49676.0,-96.0
-49916.0,166.0
-49592.0,568.0
-49916.0,744.0
-49840.0,838.0
-50424.0,644.0
-49916.0,794.0
-50184.0,776.0
-50068.0,1016.0
-50412.0,1408.0
-50120.0,1080.0
-50704.0,952.0
-50900.0,922.0
-51176.0,714.0
-51408.0,882.0
-52012.0,984.0
-51376.0,908.0
-51180.0,1444.0
-51472.0,1544.0
-51816.0,1372.0
-52260.0,1444.0
-51932.0,1464.0
-51980.0,1500.0
-51800.0,1070.0
-52164.0,1188.0
-52064.0,1004.0
-52060.0,728.0
-52348.0,702.0
-52304.0,660.0
-52284.0,658.0
-52104.0,582.0
-52304.0,318.0
-52344.0,578.0
-52500.0,894.0
-52340.0,896.0
-52176.0,1034.0
-51892.0,1160.0
-51836.0,1026.0
-52092.0,980.0
-52812.0,956.0
-52788.0,1140.0
-52560.0,1280.0
-52628.0,994.0
-51832.0,950.0
-52008.0,960.0
-52016.0,1172.0
-52248.0,1040.0
-51864.0,1034.0
-51980.0,1174.0
-52340.0,1346.0
-52536.0,868.0
-52800.0,642.0
-52664.0,988.0
-52560.0,1206.0
-52540.0,1216.0
-52468.0,1210.0
-52612.0,1432.0
-52068.0,1602.0
-52096.0,1706.0
-51996.0,1666.0
-51932.0,1806.0
-52320.0,2156.0
-52488.0,2528.0
-52376.0,2754.0
-52016.0,2952.0
-52148.0,3410.0
-52656.0,3470.0
-52256.0,3424.0
-52276.0,3190.0
-52296.0,3318.0
-52864.0,2996.0
-52592.0,3122.0
-53160.0,3570.0
-53224.0,3736.0
-53616.0,3770.0
-53524.0,3948.0
-53480.0,3848.0
-53980.0,4058.0
-53520.0,3848.0
-53096.0,4178.0
-53060.0,4450.0
-53456.0,4392.0
-52864.0,4254.0
-53088.0,4080.0
-52960.0,4344.0
-53052.0,4420.0
-53352.0,4522.0
-53488.0,4588.0
-53040.0,4594.0
-52732.0,4998.0
-52920.0,4972.0
-52960.0,4848.0
-52980.0,4562.0
-53376.0,4492.0
-53376.0,4450.0
-53232.0,4418.0
-53256.0,4640.0
-53420.0,5040.0
-53672.0,4908.0
-53104.0,4820.0
-53708.0,4724.0
-53604.0,4782.0
-53292.0,4882.0
-53260.0,4666.0
-53256.0,4592.0
-53128.0,4442.0
-53396.0,4294.0
-53136.0,4206.0
-52808.0,4070.0
-53380.0,3934.0
-53084.0,3758.0
-53552.0,3788.0
-53480.0,3710.0
-53592.0,4070.0
-53356.0,4008.0
-53508.0,4042.0
-53268.0,3808.0
-52948.0,3906.0
-53060.0,4090.0
-53576.0,3902.0
-53548.0,3970.0
-53488.0,4080.0
-53980.0,3880.0
-53984.0,3932.0
-53784.0,3700.0
-54036.0,3448.0
-53816.0,3180.0
-53944.0,3168.0
-54476.0,3336.0
-54192.0,3156.0
-54140.0,3098.0
-54248.0,3152.0
-53524.0,3190.0
-53608.0,3092.0
-53552.0,3018.0
-53608.0,3198.0
-54324.0,3050.0
-54100.0,3134.0
-54472.0,3290.0
-54096.0,3154.0
-54176.0,3140.0
-54256.0,3158.0
-54052.0,2948.0
-54168.0,3210.0
-54088.0,2940.0
-53792.0,3338.0
-53536.0,3450.0
-53100.0,3366.0
-52552.0,3166.0
-52620.0,3214.0
-53460.0,3328.0
-53400.0,3274.0
-53528.0,3388.0
-53276.0,3338.0
-53456.0,3506.0
-53004.0,3588.0
-53444.0,3498.0
-53880.0,3270.0
-53820.0,3448.0
-53628.0,3394.0
-53300.0,3426.0
-53784.0,3356.0
-54016.0,3494.0
-53532.0,3564.0
-54132.0,3572.0
-54512.0,3800.0
-54472.0,4244.0
-53860.0,4112.0
-54128.0,4042.0
-54000.0,3788.0
-54300.0,3968.0
-54780.0,4090.0
-54908.0,4030.0
-54672.0,4016.0
-54460.0,3992.0
-54236.0,3938.0
-53840.0,3794.0
-54176.0,3884.0
-54336.0,4036.0
-54548.0,4312.0
-54672.0,4306.0
-54212.0,4326.0
-54716.0,3982.0
-54672.0,3838.0
-54684.0,3788.0
-54952.0,4144.0
-54736.0,3806.0
-54484.0,3956.0
-54648.0,3684.0
-55280.0,3784.0
-54624.0,3762.0
-54472.0,3740.0
-54404.0,3550.0
-53976.0,3464.0
-54172.0,3264.0
-54016.0,3298.0
-54728.0,2976.0
-54332.0,2848.0
-54188.0,3094.0
-53704.0,2842.0
-53748.0,2844.0
-53788.0,3062.0
-54076.0,2842.0
-54416.0,3028.0
-54120.0,2806.0
-54152.0,2828.0
-54516.0,3108.0
-54792.0,3292.0
-54900.0,3208.0
-54480.0,2878.0
-54600.0,2868.0
-54852.0,2908.0
-54704.0,3066.0
-54812.0,2928.0
-55024.0,3030.0
-55188.0,2850.0
-54740.0,2946.0
-54768.0,2690.0
-54196.0,2412.0
-54556.0,2354.0
-54524.0,2492.0
-54308.0,2532.0
-54192.0,2644.0
-54176.0,2588.0
-54372.0,2456.0
-54640.0,2538.0
-54192.0,2504.0
-54208.0,2596.0
-54796.0,2642.0
-54620.0,2650.0
-54620.0,2476.0
-54948.0,2492.0
-54856.0,2156.0
-54748.0,2210.0
-54340.0,2102.0
-54468.0,2172.0
-54940.0,2260.0
-54716.0,2002.0
-54588.0,2222.0
-54804.0,2294.0
-54360.0,2368.0
-54668.0,2498.0
-54664.0,1938.0
-54756.0,2010.0
-54516.0,2164.0
-54596.0,1944.0
-54832.0,1920.0
-54472.0,1720.0
-54660.0,1316.0
-54608.0,1438.0
-54456.0,1486.0
-54676.0,1582.0
-54388.0,1578.0
-54464.0,1806.0
-54924.0,1920.0
-54748.0,2246.0
-54748.0,2410.0
-55016.0,2178.0
-55056.0,2188.0
-54876.0,1952.0
-55256.0,2074.0
-54828.0,2166.0
-54908.0,2022.0
-55064.0,2234.0
-54916.0,2120.0
-55228.0,2098.0
-55100.0,2040.0
-55108.0,1686.0
-55032.0,1472.0
-55264.0,1416.0
-55196.0,1504.0
-54944.0,1494.0
-55184.0,1280.0
-54940.0,1292.0
-55064.0,1216.0
-54976.0,1086.0
-54988.0,1048.0
-54392.0,1148.0
-54736.0,1254.0
-54676.0,1418.0
-54456.0,1354.0
-54724.0,1464.0
-54272.0,1112.0
-54264.0,996.0
-54472.0,932.0
-54780.0,1104.0
-54672.0,1238.0
-54932.0,1342.0
-54532.0,1142.0
-54864.0,1004.0
-54908.0,1032.0
-54884.0,772.0
-54700.0,968.0
-54744.0,1026.0
-54692.0,1114.0
-54976.0,1024.0
-54468.0,1478.0
-54736.0,1542.0
-54868.0,1362.0
-54764.0,1666.0
-54976.0,1584.0
-54860.0,1526.0
-54780.0,1340.0
-54864.0,930.0
-54700.0,1010.0
-54336.0,878.0
-54676.0,950.0
-54208.0,1076.0
-54352.0,1056.0
-54272.0,692.0
-54732.0,880.0
-55240.0,838.0
-54748.0,822.0
-55120.0,626.0
-54708.0,736.0
-55276.0,706.0
-55164.0,534.0
-54820.0,720.0
-54944.0,854.0
-55156.0,890.0
-54988.0,1088.0
-55260.0,1316.0
-54844.0,1146.0
-55532.0,1228.0
-55992.0,902.0
-55800.0,1246.0
-56432.0,1366.0
-56088.0,1452.0
-55508.0,1154.0
-55396.0,930.0
-55420.0,976.0
-55108.0,1060.0
-55280.0,988.0
-55540.0,950.0
-55480.0,1076.0
-55372.0,1204.0
-55252.0,1168.0
-54876.0,1270.0
-55036.0,1038.0
-55348.0,1112.0
-55012.0,986.0
-54728.0,1016.0
-54544.0,772.0
-54408.0,764.0
-54420.0,786.0
-54700.0,778.0
-54816.0,680.0
-54440.0,772.0
-54684.0,646.0
-54476.0,942.0
-54512.0,1058.0
-54712.0,682.0
-54700.0,622.0
-55020.0,668.0
-55012.0,570.0
-54592.0,576.0
-54520.0,384.0
-54716.0,50.0
-54836.0,-10.0
-55060.0,94.0
-55200.0,-122.0
-54852.0,198.0
-54496.0,48.0
-55108.0,-194.0
-55244.0,98.0
-55336.0,198.0
-55296.0,156.0
-55236.0,298.0
-55572.0,136.0
-55432.0,108.0
-54756.0,266.0
-54208.0,340.0
-54360.0,-176.0
-54568.0,-66.0
-54684.0,-116.0
-54476.0,-100.0
-54552.0,-182.0
-55236.0,-180.0
-55144.0,-152.0
-54568.0,-326.0
-54048.0,-290.0
-54724.0,274.0
-54708.0,146.0
-54072.0,92.0
-54300.0,70.0
-54288.0,476.0
-54732.0,506.0
-54288.0,552.0
-54340.0,550.0
-54096.0,586.0
-54400.0,244.0
-54160.0,90.0
-54144.0,-260.0
-54056.0,44.0
-54428.0,210.0
-55184.0,170.0
-54716.0,-50.0
-55044.0,106.0
-55160.0,106.0
-54920.0,304.0
-55276.0,268.0
-54712.0,422.0
-54672.0,542.0
-54504.0,788.0
-54740.0,796.0
-54556.0,1258.0
-55172.0,1266.0
-55532.0,1408.0
-55372.0,1346.0
-55192.0,1536.0
-54384.0,1550.0
-54276.0,1552.0
-54584.0,1638.0
-54552.0,1928.0
-54732.0,1848.0
-55024.0,1920.0
-54916.0,1946.0
-55216.0,2184.0
-55272.0,2254.0
-55592.0,2344.0
-55072.0,2496.0
-55116.0,2340.0
-54492.0,2480.0
-54940.0,2380.0
-54520.0,2088.0
-54892.0,2310.0
-54820.0,2450.0
-54672.0,2418.0
-55024.0,2480.0
-54740.0,2324.0
-54436.0,2426.0
-54812.0,2388.0
-54932.0,2458.0
-55372.0,2782.0
-54796.0,3016.0
-55112.0,3088.0
-54772.0,3172.0
-55408.0,3194.0
-55372.0,3112.0
-55540.0,3148.0
-54840.0,3128.0
-55272.0,2936.0
-55108.0,3058.0
-55104.0,2746.0
-54972.0,2530.0
-55256.0,2768.0
-54816.0,2916.0
-54964.0,2882.0
-55184.0,3100.0
-55396.0,3238.0
-54848.0,3248.0
-55244.0,3062.0
-55052.0,3108.0
-55652.0,3262.0
-55768.0,3042.0
-54828.0,3048.0
-54820.0,3046.0
-55056.0,2936.0
-54532.0,2974.0
-54684.0,2968.0
-54632.0,2974.0
-54872.0,2938.0
-54844.0,2644.0
-54200.0,2600.0
-54368.0,2438.0
-54316.0,2406.0
-54400.0,2250.0
-54968.0,2108.0
-55472.0,2530.0
-55084.0,2396.0
-54952.0,2238.0
-55484.0,2184.0
-54920.0,2140.0
-54876.0,1966.0
-54744.0,1940.0
-55096.0,2118.0
-54520.0,2054.0
-54352.0,2130.0
-54080.0,1806.0
-54008.0,1484.0
-54164.0,1354.0
-54276.0,1180.0
-54496.0,1258.0
-54960.0,1296.0
-54924.0,1446.0
-54956.0,1564.0
-55304.0,1960.0
-55292.0,2200.0
-54808.0,2380.0
-54880.0,2364.0
-55540.0,2186.0
-55536.0,2050.0
-55316.0,1790.0
-55300.0,1856.0
-55136.0,1524.0
-55236.0,1746.0
-55168.0,1674.0
-55068.0,1508.0
-55200.0,1812.0
-54868.0,1674.0
-55236.0,1764.0
-54944.0,1886.0
-55512.0,1678.0
-55072.0,1586.0
-55236.0,1648.0
-55308.0,1908.0
-55112.0,1600.0
-55280.0,1808.0
-55440.0,1606.0
-55116.0,1570.0
-55172.0,1748.0
-55216.0,1964.0
-55348.0,1904.0
-55368.0,1762.0
-55800.0,2102.0
-55796.0,2038.0
-55500.0,2178.0
-55520.0,2218.0
-55372.0,2060.0
-55308.0,2156.0
-54936.0,2434.0
-54876.0,2556.0
-55272.0,2460.0
-55644.0,2366.0
-55364.0,2704.0
-55272.0,2696.0
-55196.0,2628.0
-55188.0,2680.0
-55928.0,2658.0
-56016.0,2850.0
-56000.0,2950.0
-56152.0,3232.0
-55636.0,3206.0
-55792.0,3434.0
-55624.0,3208.0
-54980.0,3254.0
-55220.0,3334.0
-55448.0,3654.0
-55612.0,3750.0
-55336.0,3726.0
-55152.0,3404.0
-54636.0,3266.0
-55240.0,3458.0
-54932.0,3212.0
-54452.0,3098.0
-55364.0,3042.0
-55176.0,3196.0
-55416.0,3454.0
-54768.0,3512.0
-54700.0,3622.0
-54420.0,3268.0
-54480.0,3394.0
-54332.0,3766.0
-54396.0,3806.0
-54236.0,3868.0
-54264.0,3606.0
-54336.0,3562.0
-54420.0,3736.0
-54612.0,3788.0
-54124.0,3866.0
-54388.0,3948.0
-54708.0,4138.0
-54312.0,4372.0
-54108.0,4226.0
-54244.0,4114.0
-54704.0,4232.0
-54568.0,4420.0
-54456.0,4396.0
-54648.0,4518.0
-54060.0,4378.0
-54044.0,4304.0
-54388.0,4148.0
-54404.0,4388.0
-54628.0,4412.0
-54192.0,3940.0
-54340.0,3992.0
-54636.0,4120.0
-54376.0,4106.0
-54016.0,4302.0
-54520.0,4594.0
-54456.0,4810.0
-54580.0,4710.0
-54540.0,4526.0
-54508.0,4422.0
-54396.0,4040.0
-54368.0,4090.0
-54164.0,4294.0
-53944.0,4218.0
-53952.0,4224.0
-53848.0,4012.0
-54564.0,4110.0
-54204.0,4212.0
-54680.0,4346.0
-54596.0,4536.0
-54592.0,4512.0
-54020.0,4092.0
-54008.0,4282.0
-54476.0,4250.0
-54920.0,4326.0
-54608.0,4266.0
-54568.0,4452.0
-54800.0,4348.0
-54796.0,4066.0
-55136.0,4402.0
-54776.0,4074.0
-54936.0,4008.0
-54924.0,3894.0
-54928.0,4030.0
-54544.0,3934.0
-54200.0,3750.0
-54732.0,3550.0
-54748.0,3710.0
-54952.0,3508.0
-55004.0,3486.0
-54444.0,3170.0
-55060.0,2662.0
-55240.0,2390.0
-54712.0,2194.0
-54868.0,2156.0
-54560.0,2248.0
-54556.0,2090.0
-54328.0,1880.0
-54564.0,2276.0
-54564.0,2060.0
-54556.0,1862.0
-54840.0,1886.0
-54740.0,2056.0
-55028.0,1598.0
-54620.0,1868.0
-54308.0,2026.0
-54304.0,2008.0
-54548.0,1822.0
-54416.0,1774.0
-54084.0,1836.0
-54104.0,2048.0
-54256.0,2004.0
-54328.0,1974.0
-54864.0,1774.0
-54528.0,1412.0
-54084.0,1372.0
-53792.0,1642.0
-54244.0,1512.0
-54380.0,1696.0
-53964.0,1868.0
-54108.0,1928.0
-53912.0,2030.0
-53788.0,2068.0
-53752.0,2120.0
-54308.0,1930.0
-54184.0,2326.0
-54932.0,2296.0
-54508.0,2290.0
-54704.0,2598.0
-54520.0,2402.0
-53908.0,2294.0
-54200.0,2590.0
-54088.0,2418.0
-54156.0,2314.0
-54096.0,2268.0
-54184.0,2612.0
-54152.0,2740.0
-54020.0,2650.0
-54476.0,3006.0
-54544.0,3034.0
-54860.0,3310.0
-54592.0,3134.0
-54688.0,3348.0
-55044.0,2872.0
-54888.0,2872.0
-54724.0,2838.0
-54772.0,2610.0
-54724.0,2728.0
-54436.0,3080.0
-54324.0,3256.0
-54428.0,3358.0
-54540.0,3472.0
-54424.0,3222.0
-54232.0,3002.0
-53764.0,2844.0
-53680.0,2942.0
-54040.0,3002.0
-54428.0,2862.0
-54404.0,2706.0
-54092.0,2666.0
-54008.0,2794.0
-53780.0,2688.0
-53836.0,2748.0
-53612.0,2888.0
-53692.0,2800.0
-53920.0,2560.0
-54156.0,2738.0
-54432.0,2602.0
-54136.0,2210.0
-53948.0,2084.0
-54480.0,2368.0
-54356.0,2454.0
-54860.0,2442.0
-55000.0,2212.0
-55144.0,2304.0
-54840.0,2350.0
-54464.0,2484.0
-53764.0,2532.0
-53668.0,2428.0
-53932.0,2562.0
-54672.0,2758.0
-54576.0,3186.0
-54984.0,3534.0
-55040.0,3744.0
-54928.0,3946.0
-54856.0,3804.0
-54536.0,3812.0
-54032.0,3858.0
-54256.0,4116.0
-54152.0,4176.0
-54280.0,4108.0
-54276.0,4088.0
-54684.0,4466.0
-54940.0,4404.0
-54944.0,4224.0
-55384.0,4306.0
-54916.0,4014.0
-54724.0,4038.0
-54756.0,4084.0
-54332.0,3902.0
-54744.0,4072.0
-54452.0,4156.0
-54912.0,3942.0
-54304.0,3874.0
-54180.0,3742.0
-53952.0,3692.0
-53996.0,3724.0
-54496.0,3868.0
-54196.0,3902.0
-54668.0,3960.0
-54220.0,3972.0
-54256.0,4280.0
-54612.0,4484.0
-54784.0,4598.0
-54708.0,4394.0
-54712.0,4546.0
-54316.0,4318.0
-54536.0,4236.0
-54456.0,4252.0
-54604.0,4392.0
-54608.0,4572.0
-54260.0,4722.0
-54412.0,4534.0
-54428.0,4584.0
-54420.0,4740.0
-55116.0,4708.0
-55044.0,4598.0
-55192.0,4842.0
-54328.0,4928.0
-55128.0,5410.0
-55388.0,5244.0
-55784.0,5070.0
-54820.0,4992.0
-54784.0,4846.0
-55172.0,4952.0
-54812.0,4880.0
-55240.0,4858.0
-55464.0,4586.0
-55724.0,4102.0
-55272.0,4052.0
-54900.0,4128.0
-55132.0,4088.0
-55436.0,4078.0
-55404.0,3822.0
-55524.0,3784.0
-55324.0,3734.0
-54984.0,3994.0
-55420.0,3954.0
-54668.0,3906.0
-54844.0,4236.0
-54524.0,4424.0
-54452.0,3978.0
-54800.0,3980.0
-54800.0,4114.0
-54940.0,4332.0
-54700.0,4746.0
-54788.0,4458.0
-54420.0,4318.0
-54356.0,4574.0
-54304.0,4816.0
-54404.0,4882.0
-54072.0,5054.0
-53924.0,4808.0
-53796.0,4612.0
-54388.0,4702.0
-54552.0,4912.0
-54880.0,4822.0
-55212.0,4960.0
-55420.0,5048.0
-54756.0,4772.0
-55352.0,4628.0
-55044.0,4812.0
-54900.0,4750.0
-54936.0,4520.0
-55356.0,4410.0
-55036.0,4386.0
-54440.0,4278.0
-54500.0,4180.0
-54712.0,4286.0
-55016.0,4172.0
-55244.0,4180.0
-54940.0,3938.0
-54668.0,3984.0
-54116.0,4114.0
-54552.0,3778.0
-54568.0,3804.0
-54932.0,3354.0
-54664.0,3422.0
-54720.0,3634.0
-54368.0,3498.0
-54268.0,3340.0
-54476.0,3448.0
-54232.0,3438.0
-54684.0,3308.0
-54500.0,3636.0
-54576.0,3500.0
-54760.0,3652.0
-55516.0,3654.0
-55176.0,3622.0
-54788.0,3986.0
-54468.0,3936.0
-54768.0,3970.0
-54420.0,3942.0
-54412.0,4558.0
-54632.0,4622.0
-54216.0,4498.0
-54124.0,4612.0
-54568.0,4550.0
-55052.0,4762.0
-54892.0,4880.0
-54996.0,4790.0
-55260.0,4782.0
-54596.0,4818.0
-55568.0,4846.0
-55716.0,4402.0
-55464.0,4662.0
-55124.0,4378.0
-55692.0,4432.0
-55380.0,4462.0
-55532.0,4186.0
-55872.0,4176.0
-55576.0,4272.0
-55980.0,4142.0
-55844.0,4386.0
-55644.0,4252.0
-56020.0,4384.0
-56032.0,4470.0
-56292.0,4510.0
-56048.0,4712.0
-55860.0,4832.0
-55896.0,4800.0
-55776.0,5212.0
-55704.0,4832.0
-55460.0,4758.0
-54788.0,4722.0
-54676.0,4386.0
-54592.0,4672.0
-54380.0,4928.0
-54588.0,4856.0
-54992.0,5164.0
-55100.0,5360.0
-55372.0,5156.0
-55036.0,5344.0
-55124.0,5066.0
-54796.0,5380.0
-55172.0,5352.0
-55500.0,5490.0
-55308.0,5570.0
-55064.0,5034.0
-54808.0,4836.0
-55140.0,5274.0
-55084.0,5198.0
-54796.0,5064.0
-54992.0,4772.0
-55084.0,4794.0
-54848.0,4836.0
-54652.0,4960.0
-55124.0,5222.0
-55232.0,5310.0
-55288.0,5248.0
-55180.0,5160.0
-55016.0,4978.0
-55172.0,5230.0
-55072.0,5298.0
-55196.0,5280.0
-55164.0,5322.0
-55272.0,5158.0
-54996.0,4736.0
-55408.0,4632.0
-54412.0,4586.0
-54664.0,4454.0
-54552.0,4732.0
-55060.0,4608.0
-54964.0,4590.0
-54796.0,4218.0
-54972.0,4238.0
-54984.0,4128.0
-55208.0,4142.0
-54972.0,4124.0
-55088.0,3986.0
-55284.0,3858.0
-55004.0,3690.0
-55180.0,3384.0
-55384.0,3480.0
-55288.0,3252.0
-55160.0,3492.0
-55376.0,3554.0
-55500.0,3440.0
-55280.0,3770.0
-55324.0,3848.0
-55124.0,4060.0
-55444.0,3930.0
-55584.0,3904.0
-55000.0,4068.0
-55116.0,3816.0
-55348.0,3820.0
-55568.0,3950.0
-55204.0,3828.0
-54932.0,3910.0
-54804.0,3764.0
-55352.0,3806.0
-55288.0,4212.0
-54984.0,4200.0
-54468.0,4272.0
-54688.0,4026.0
-55152.0,3954.0
-55304.0,4030.0
-54336.0,4144.0
-54584.0,4340.0
-54724.0,4542.0
-54876.0,4320.0
-54640.0,4126.0
-54504.0,4350.0
-54672.0,4336.0
-54624.0,4228.0
-55136.0,4270.0
-54976.0,4154.0
-54956.0,3874.0
-54708.0,3838.0
-55096.0,4014.0
-55512.0,3994.0
-55676.0,4006.0
-55840.0,4124.0
-55664.0,4032.0
-55560.0,3918.0
-55384.0,4044.0
-55420.0,4108.0
-55404.0,4144.0
-55740.0,4308.0
-55576.0,4336.0
-55864.0,4356.0
-55784.0,4498.0
-55108.0,4244.0
-55092.0,4482.0
-55020.0,4592.0
-54940.0,4418.0
-55008.0,4338.0
-54916.0,4296.0
-55000.0,4282.0
-55376.0,4436.0
-55852.0,4598.0
-55956.0,4566.0
-55936.0,4596.0
-55588.0,4386.0
-55708.0,4176.0
-55648.0,4344.0
-55276.0,4034.0
-55408.0,3868.0
-55028.0,3800.0
-54864.0,3940.0
-55360.0,3952.0
-55448.0,3572.0
-55560.0,3584.0
-55160.0,3548.0
-55136.0,3560.0
-55520.0,4102.0
-55644.0,4168.0
-55848.0,3946.0
-56148.0,3892.0
-55960.0,4058.0
-56024.0,3732.0
-55852.0,4010.0
-55816.0,4194.0
-56072.0,4106.0
-55656.0,4140.0
-55632.0,4220.0
-55496.0,4386.0
-55864.0,4694.0
-55464.0,4864.0
-55724.0,5094.0
-55136.0,4964.0
-55208.0,5092.0
-55444.0,4884.0
-55196.0,4798.0
-54924.0,4700.0
-55300.0,4782.0
-55720.0,5086.0
-55424.0,5032.0
-55360.0,5180.0
-55356.0,5094.0
-55228.0,5192.0
-55060.0,5326.0
-55272.0,5378.0
-55356.0,5540.0
-55088.0,5834.0
-54736.0,5876.0
-54508.0,5854.0
-54180.0,5878.0
-54420.0,5962.0
-54684.0,5694.0
-55272.0,5788.0
-55316.0,5488.0
-55060.0,5756.0
-55388.0,5742.0
-55204.0,5562.0
-55212.0,5506.0
-55048.0,5354.0
-54788.0,5126.0
-54300.0,5250.0
-54952.0,5004.0
-55248.0,4804.0
-54620.0,5062.0
-54556.0,5252.0
-55212.0,5464.0
-54976.0,5498.0
-55072.0,5742.0
-54880.0,5586.0
-55164.0,5752.0
-55276.0,5992.0
-55052.0,6078.0
-54988.0,6006.0
-54476.0,6014.0
-54324.0,6208.0
-54640.0,6338.0
-54432.0,6536.0
-54644.0,6490.0
-54840.0,6452.0
-54964.0,6094.0
-54620.0,5678.0
-55144.0,5752.0
-55016.0,5580.0
-54688.0,5766.0
-54828.0,5706.0
-54868.0,5606.0
-55052.0,5722.0
-55132.0,5606.0
-55376.0,5608.0
-55460.0,5808.0
-54904.0,5544.0
-55744.0,5588.0
-55476.0,5482.0
-55248.0,5540.0
-54592.0,5476.0
-54020.0,5630.0
-54420.0,5504.0
-55160.0,5678.0
-54696.0,5982.0
-54780.0,5584.0
-54444.0,5318.0
-54572.0,5390.0
-54032.0,5550.0
-54280.0,5528.0
-54140.0,5838.0
-54420.0,6024.0
-54376.0,5950.0
-54304.0,6168.0
-53664.0,6078.0
-54292.0,5908.0
-54072.0,5882.0
-54408.0,5660.0
-54800.0,5600.0
-54800.0,5560.0
-54496.0,5488.0
-55116.0,5526.0
-55004.0,5638.0
-55020.0,5388.0
-55448.0,5386.0
-55200.0,5540.0
-54408.0,5550.0
-54388.0,5300.0
-54048.0,5358.0
-54396.0,5658.0
-54560.0,5776.0
-54728.0,5412.0
-54292.0,5104.0
-54392.0,5236.0
-54268.0,5316.0
-54540.0,5222.0
-54124.0,5190.0
-54148.0,5160.0
-54372.0,5502.0
-53932.0,5610.0
-54012.0,5516.0
-54260.0,5566.0
-54508.0,5668.0
-53768.0,5486.0
-54184.0,5460.0
-54608.0,5398.0
-54544.0,5396.0
-54352.0,5422.0
-54188.0,5532.0
-54836.0,5398.0
-54084.0,5214.0
-54336.0,5132.0
-54440.0,4930.0
-53908.0,4990.0
-54128.0,4904.0
-54244.0,4944.0
-54396.0,4568.0
-54612.0,4564.0
-54316.0,4512.0
-54224.0,4358.0
-54204.0,4468.0
-54392.0,4476.0
-54316.0,4360.0
-54192.0,4270.0
-54344.0,4486.0
-54116.0,4964.0
-54048.0,5232.0
-54620.0,5304.0
-54900.0,5250.0
-54652.0,4878.0
-54272.0,4702.0
-54544.0,4788.0
-54504.0,4712.0
-54384.0,4646.0
-54952.0,4446.0
-54988.0,4598.0
-54828.0,4220.0
-54640.0,4338.0
-54912.0,4582.0
-55056.0,4598.0
-55084.0,4518.0
-55512.0,4542.0
-55196.0,4392.0
-55020.0,4550.0
-54820.0,4470.0
-54744.0,4176.0
-55068.0,4224.0
-54600.0,4416.0
-54952.0,4548.0
-54824.0,4708.0
-54908.0,4814.0
-54820.0,4738.0
-54900.0,4642.0
-55256.0,4396.0
-55016.0,4372.0
-55240.0,4412.0
-55260.0,4546.0
-54812.0,4568.0
-55088.0,4718.0
-55236.0,4820.0
-54756.0,4782.0
-54488.0,4848.0
-54732.0,4928.0
-54640.0,4994.0
-54344.0,4788.0
-53884.0,4744.0
-53712.0,4942.0
-53312.0,4946.0
-53776.0,5090.0
-53672.0,5480.0
-54072.0,5738.0
-54628.0,6092.0
-54356.0,6192.0
-54444.0,6140.0
-54576.0,5956.0
-54824.0,5680.0
-54692.0,5784.0
-54700.0,5544.0
-54500.0,5424.0
-54748.0,5216.0
-54812.0,5244.0
-55604.0,5158.0
-55332.0,5384.0
-55860.0,5558.0
-56008.0,5796.0
-56276.0,5900.0
-55532.0,5880.0
-55136.0,5676.0
-55216.0,5814.0
-55132.0,5818.0
-54848.0,5716.0
-54900.0,5768.0
-54532.0,5790.0
-54520.0,5838.0
-54424.0,5952.0
-54304.0,6068.0
-54512.0,5970.0
-55028.0,5618.0
-55008.0,5724.0
-54788.0,5664.0
-54880.0,5546.0
-54748.0,5336.0
-55060.0,5102.0
-54372.0,4978.0
-54460.0,5040.0
-54524.0,5084.0
-54352.0,5036.0
-54332.0,5070.0
-54480.0,5406.0
-53860.0,5196.0
-54052.0,5176.0
-54448.0,5180.0
-54508.0,5352.0
-54428.0,5382.0
-54740.0,5480.0
-54152.0,5238.0
-54156.0,5176.0
-53972.0,5136.0
-54552.0,5560.0
-54636.0,5378.0
-53884.0,5208.0
-53448.0,5460.0
-53520.0,5452.0
-54196.0,5636.0
-54636.0,5696.0
-54220.0,5832.0
-54164.0,5922.0
-54560.0,6146.0
-53932.0,6344.0
-54124.0,6374.0
-53940.0,6304.0
-54044.0,6552.0
-54024.0,6200.0
-54008.0,6378.0
-53816.0,6386.0
-54192.0,6644.0
-54036.0,6480.0
-53616.0,6470.0
-54152.0,6738.0
-54244.0,6646.0
-54244.0,6420.0
-54476.0,6452.0
-54888.0,6792.0
-54876.0,6706.0
-55096.0,6908.0
-54476.0,7014.0
-54552.0,7010.0
-54536.0,6932.0
-54568.0,6904.0
-54924.0,7088.0
-54728.0,7194.0
-55192.0,7376.0
-55320.0,7398.0
-54952.0,7514.0
-55240.0,7646.0
-54972.0,7740.0
-55096.0,7922.0
-54760.0,7956.0
-54868.0,7788.0
-54696.0,7962.0
-55084.0,7804.0
-54800.0,7924.0
-55164.0,8200.0
-54656.0,7660.0
-54336.0,7728.0
-54208.0,7846.0
-54168.0,7986.0
-54688.0,8222.0
-54560.0,8390.0
-54456.0,8382.0
-54896.0,8432.0
-54620.0,8422.0
-54544.0,8348.0
-54864.0,8366.0
-54756.0,8416.0
-54468.0,8574.0
-54748.0,8770.0
-54568.0,8702.0
-54692.0,8632.0
-54240.0,8666.0
-54840.0,8996.0
-55108.0,8754.0
-55180.0,8650.0
-54604.0,8472.0
-54660.0,8416.0
-54236.0,8014.0
-54124.0,8182.0
-54496.0,7956.0
-54788.0,7786.0
-54492.0,7944.0
-54656.0,7834.0
-54368.0,7900.0
-54732.0,7946.0
-54844.0,7964.0
-55104.0,8072.0
-55124.0,8110.0
-54960.0,8082.0
-54728.0,8254.0
-54600.0,8526.0
-54912.0,8538.0
-55004.0,8672.0
-54780.0,8500.0
-55304.0,8696.0
-54820.0,8964.0
-55440.0,9084.0
-55112.0,9398.0
-55172.0,9268.0
-55792.0,9252.0
-56132.0,9248.0
-56408.0,9670.0
-56952.0,9916.0
-56556.0,9928.0
-56032.0,9836.0
-55792.0,9564.0
-55664.0,9352.0
-55700.0,9268.0
-55240.0,9254.0
-55420.0,9172.0
-55164.0,9062.0
-55136.0,9330.0
-55304.0,9332.0
-54872.0,9000.0
-55292.0,9220.0
-54908.0,9014.0
-54664.0,8938.0
-54648.0,8994.0
-54500.0,9280.0
-54640.0,9342.0
-54804.0,9478.0
-54716.0,9458.0
-54464.0,9278.0
-54144.0,9036.0
-54140.0,9390.0
-54144.0,9036.0
-54180.0,9044.0
-54460.0,9272.0
-53884.0,9418.0
-54148.0,9298.0
-53920.0,9506.0
-53924.0,9344.0
-54368.0,9706.0
-54012.0,9824.0
-54468.0,9824.0
-54484.0,10032.0
-54696.0,10008.0
-54788.0,10030.0
-55084.0,10224.0
-54756.0,10156.0
-54520.0,10298.0
-54904.0,10240.0
-54680.0,10358.0
-54604.0,10512.0
-55036.0,10736.0
-55076.0,10754.0
-54672.0,10762.0
-54596.0,10886.0
-54528.0,11258.0
-55308.0,11338.0
-55160.0,11444.0
-54608.0,11568.0
-54828.0,11604.0
-55044.0,11674.0
-54680.0,11570.0
-55008.0,11704.0
-55220.0,11736.0
-55112.0,11728.0
-55076.0,11352.0
-55336.0,11420.0
-55004.0,11248.0
-54660.0,11202.0
-55088.0,11326.0
-55036.0,11106.0
-54820.0,11186.0
-54652.0,11318.0
-54840.0,11386.0
-55456.0,11672.0
-54904.0,11514.0
-54876.0,11218.0
-55056.0,11038.0
-55280.0,10990.0
-54828.0,10970.0
-54720.0,10764.0
-54312.0,10558.0
-54512.0,10522.0
-54648.0,10706.0
-54712.0,10654.0
-54700.0,10610.0
-54472.0,10630.0
-54600.0,10708.0
-54808.0,10962.0
-55032.0,10994.0
-54964.0,11144.0
-54928.0,11204.0
-54660.0,10638.0
-54856.0,11004.0
-54736.0,10870.0
-54952.0,11096.0
-55040.0,10960.0
-55180.0,10838.0
-55296.0,10614.0
-55304.0,10594.0
-55372.0,10702.0
-55300.0,10628.0
-55280.0,10816.0
-55344.0,10630.0
-55700.0,10860.0
-55292.0,10620.0
-54928.0,10488.0
-54964.0,10384.0
-55212.0,10294.0
-55344.0,10210.0
-55172.0,10418.0
-55740.0,10568.0
-55292.0,10486.0
-55212.0,10196.0
-55660.0,9846.0
-55104.0,9830.0
-54360.0,9852.0
-54252.0,10018.0
-53624.0,10018.0
-54144.0,10352.0
-54200.0,10208.0
-54272.0,10724.0
-55028.0,10610.0
-54512.0,10498.0
-54192.0,10244.0
-54392.0,10022.0
-54840.0,9900.0
-54820.0,10150.0
-54244.0,10298.0
-54032.0,10278.0
-54240.0,10380.0
-54376.0,10264.0
-54500.0,10130.0
-54620.0,10210.0
-54132.0,10244.0
-54576.0,10172.0
-53820.0,10104.0
-54512.0,10252.0
-54260.0,10448.0
-54028.0,10248.0
-54080.0,10214.0
-54464.0,10030.0
-54232.0,9986.0
-54600.0,10138.0
-54156.0,10226.0
-54444.0,10306.0
-54592.0,10218.0
-54504.0,10296.0
-54304.0,10214.0
-53936.0,10194.0
-54348.0,10262.0
-54904.0,10234.0
-55068.0,10508.0
-55356.0,10536.0
-55308.0,10378.0
-55492.0,10510.0
-55304.0,10578.0
-55624.0,10188.0
-55000.0,9900.0
-55620.0,10300.0
-55396.0,10358.0
-55704.0,10542.0
-55272.0,10468.0
-55448.0,10614.0
-54732.0,10622.0
-54940.0,10598.0
-55392.0,10858.0
-55412.0,10916.0
-55316.0,11120.0
-55348.0,11156.0
-55212.0,10952.0
-55244.0,11196.0
-55296.0,11396.0
-55168.0,11372.0
-55316.0,11330.0
-55740.0,11438.0
-55368.0,11746.0
-55784.0,11704.0
-55372.0,11848.0
-54748.0,11668.0
-55084.0,11662.0
-54836.0,11426.0
-54820.0,11214.0
-54812.0,11114.0
-55164.0,11362.0
-55176.0,11418.0
-54908.0,11210.0
-55688.0,11200.0
-55912.0,11416.0
-55656.0,11310.0
-55556.0,11382.0
-55240.0,11518.0
-54952.0,11422.0
-54368.0,11202.0
-54240.0,11130.0
-54408.0,11092.0
-54360.0,11056.0
-54804.0,11018.0
-54752.0,11060.0
-54764.0,10990.0
-54624.0,11116.0
-54476.0,10932.0
-54760.0,11274.0
-54724.0,11164.0
-54812.0,11128.0
-55328.0,11386.0
-55296.0,11364.0
-55368.0,11600.0
-55088.0,11760.0
-55124.0,11834.0
-55232.0,12130.0
-54716.0,12038.0
-54648.0,11870.0
-54832.0,11696.0
-54744.0,11456.0
-54876.0,11648.0
-54688.0,11580.0
-55000.0,11562.0
-55064.0,11286.0
-54948.0,11318.0
-54984.0,11298.0
-54876.0,11128.0
-55548.0,11296.0
-55556.0,11180.0
-55432.0,11316.0
-55272.0,11426.0
-55064.0,11198.0
-55156.0,11094.0
-55188.0,10988.0
-55272.0,11100.0
-54904.0,11316.0
-54872.0,11102.0
-55100.0,11256.0
-54640.0,11174.0
-54872.0,10904.0
-55116.0,10654.0
-54312.0,10702.0
-54528.0,10892.0
-55112.0,11088.0
-54956.0,10924.0
-54900.0,11002.0
-54908.0,10870.0
-54880.0,11056.0
-54860.0,10794.0
-54988.0,10744.0
-54628.0,10664.0
-54596.0,10766.0
-54516.0,10920.0
-54732.0,10960.0
-55204.0,11068.0
-54812.0,11038.0
-55024.0,11170.0
-55080.0,11232.0
-54924.0,11192.0
-54732.0,11156.0
-54860.0,11128.0
-54984.0,11358.0
-54828.0,11414.0
-55116.0,11540.0
-54688.0,11336.0
-54700.0,11468.0
-55112.0,11422.0
-55084.0,11636.0
-54928.0,11684.0
-55312.0,11982.0
-55236.0,11918.0
-55268.0,11938.0
-55196.0,11524.0
-55344.0,11548.0
-55424.0,11472.0
-55480.0,11294.0
-55296.0,11606.0
-55420.0,11598.0
-55480.0,11622.0
-55180.0,11240.0
-55464.0,10988.0
-55044.0,10900.0
-55176.0,11074.0
-54948.0,10824.0
-55324.0,10896.0
-55080.0,10946.0
-55160.0,11052.0
-54984.0,10946.0
-55080.0,10836.0
-54796.0,10418.0
-54952.0,10714.0
-54852.0,10892.0
-55164.0,10814.0
-55104.0,10580.0
-55308.0,10848.0
-55040.0,10764.0
-55196.0,10610.0
-55188.0,10596.0
-55044.0,10626.0
-55260.0,10618.0
-55376.0,10542.0
-54776.0,10220.0
-55228.0,10228.0
-54844.0,10242.0
-55276.0,10178.0
-55340.0,9982.0
-55496.0,9790.0
-55320.0,9690.0
-55256.0,9532.0
-55412.0,9146.0
-55588.0,9322.0
-55528.0,9316.0
-55604.0,9384.0
-55700.0,9402.0
-55592.0,9406.0
-55264.0,9416.0
-55396.0,9416.0
-55212.0,8960.0
-55144.0,8940.0
-55400.0,9000.0
-55420.0,9184.0
-55628.0,9024.0
-55512.0,8710.0
-55472.0,8802.0
-55824.0,8898.0
-55092.0,8978.0
-55980.0,9278.0
-56108.0,9258.0
-56056.0,9388.0
-55784.0,9398.0
-55312.0,9414.0
-55096.0,9602.0
-55508.0,9542.0
-54604.0,9632.0
-55512.0,9516.0
-55268.0,9428.0
-55560.0,9198.0
-55720.0,9224.0
-56208.0,9306.0
-56216.0,9292.0
-55772.0,9186.0
-55772.0,9026.0
-55484.0,9286.0
-55656.0,9364.0
-55556.0,9550.0
-55276.0,9350.0
-55084.0,9226.0
-55628.0,9370.0
-55320.0,9470.0
-55064.0,9580.0
-55372.0,9880.0
-55368.0,9572.0
-54756.0,9486.0
-54672.0,9608.0
-54876.0,9436.0
-55088.0,9448.0
-55528.0,9598.0
-55400.0,9642.0
-55532.0,9782.0
-55720.0,9904.0
-55516.0,10122.0
-55096.0,10178.0
-55104.0,10150.0
-54920.0,10064.0
-54872.0,10608.0
-54852.0,10474.0
-54548.0,10310.0
-54828.0,10480.0
-54648.0,10622.0
-55064.0,10392.0
-55060.0,10288.0
-55300.0,10224.0
-55456.0,9758.0
-55020.0,9774.0
-55496.0,9966.0
-55640.0,9916.0
-55140.0,9836.0
-54864.0,9806.0
-55052.0,9472.0
-55172.0,9522.0
-55368.0,9780.0
-54972.0,9742.0
-54644.0,9522.0
-55268.0,9770.0
-54980.0,9928.0
-54988.0,9990.0
-54984.0,9744.0
-54768.0,9692.0
-55356.0,9922.0
-55340.0,10008.0
-55088.0,10106.0
-55044.0,10576.0
-54892.0,10560.0
-54784.0,10452.0
-55100.0,10264.0
-54536.0,10250.0
-54448.0,10576.0
-54684.0,10384.0
-54732.0,10124.0
-55180.0,10294.0
-55032.0,10272.0
-54884.0,10418.0
-54788.0,10516.0
-55108.0,10314.0
-55380.0,10242.0
-55384.0,10324.0
-54344.0,10346.0
-54492.0,9982.0
-54880.0,10072.0
-54564.0,10252.0
-54128.0,10056.0
-54236.0,9892.0
-54152.0,9958.0
-54444.0,9980.0
-54452.0,10102.0
-53968.0,10050.0
-54256.0,9910.0
-53808.0,9862.0
-54024.0,10132.0
-53916.0,10494.0
-54420.0,10686.0
-54672.0,10546.0
-54516.0,10628.0
-54412.0,10774.0
-54660.0,10752.0
-54768.0,10584.0
-54800.0,10510.0
-54176.0,10414.0
-54496.0,10160.0
-54884.0,10190.0
-54932.0,10518.0
-55016.0,10388.0
-55072.0,10566.0
-55264.0,10520.0
-55448.0,10452.0
-55200.0,10404.0
-55024.0,10450.0
-54392.0,10702.0
-54180.0,10728.0
-54248.0,10986.0
-54644.0,11054.0
-54612.0,11114.0
-54268.0,11030.0
-55112.0,11344.0
-54572.0,11236.0
-54744.0,11436.0
-54840.0,11402.0
-54420.0,11220.0
-54464.0,11234.0
-54552.0,11252.0
-54700.0,11310.0
-54700.0,11476.0
-54952.0,11244.0
-55044.0,11034.0
-55352.0,11466.0
-55552.0,11446.0
-55196.0,11256.0
-55076.0,11230.0
-55224.0,11262.0
-55156.0,11414.0
-54864.0,11082.0
-55428.0,11244.0
-55848.0,10940.0
-55520.0,10870.0
-55084.0,10758.0
-55084.0,10784.0
-54876.0,10560.0
-54784.0,10706.0
-54820.0,10632.0
-55136.0,10530.0
-54908.0,10710.0
-54540.0,10598.0
-54900.0,10584.0
-54976.0,10746.0
-54500.0,10494.0
-54712.0,10324.0
-54968.0,10712.0
-54948.0,11032.0
-55000.0,11006.0
-54812.0,10924.0
-55232.0,11154.0
-55244.0,11088.0
-55392.0,11044.0
-55256.0,11356.0
-54980.0,11448.0
-55128.0,11180.0
-55068.0,10938.0
-55664.0,10584.0
-55620.0,10990.0
-55836.0,11068.0
-55964.0,11448.0
-56144.0,11274.0
-55448.0,11216.0
-55252.0,11332.0
-55856.0,11834.0
-55984.0,11622.0
-55676.0,11172.0
-56028.0,11218.0
-56164.0,11284.0
-56052.0,11422.0
-55568.0,11282.0
-55732.0,11300.0
-55388.0,11222.0
-55492.0,11042.0
-55340.0,10922.0
-54776.0,10798.0
-55140.0,10716.0
-55192.0,10544.0
-55152.0,10610.0
-55368.0,10622.0
-54752.0,10384.0
-54484.0,10536.0
-54520.0,10966.0
-54940.0,10602.0
-55420.0,10552.0
-55624.0,10850.0
-55544.0,10340.0
-55612.0,10310.0
-55436.0,10452.0
-55424.0,10504.0
-55532.0,10600.0
-55552.0,10486.0
-55668.0,10862.0
-55352.0,10846.0
-55324.0,10996.0
-54708.0,11140.0
-54580.0,11250.0
-54460.0,11372.0
-54556.0,11362.0
-55152.0,11498.0
-55468.0,11846.0
-55932.0,11860.0
-55740.0,12028.0
-55536.0,11858.0
-55428.0,11678.0
-55340.0,11996.0
-55816.0,12046.0
-55320.0,12000.0
-55232.0,11728.0
-55096.0,11694.0
-55084.0,11532.0
-54736.0,11460.0
-54580.0,11670.0
-54804.0,11478.0
-55296.0,11746.0
-55272.0,11762.0
-55160.0,11750.0
-55176.0,11702.0
-55360.0,11662.0
-55600.0,11722.0
-55508.0,11574.0
-55504.0,11558.0
-55716.0,11520.0
-55784.0,11902.0
-55956.0,11948.0
-55936.0,12218.0
-55940.0,12264.0
-55792.0,12002.0
-55976.0,12020.0
-55900.0,11914.0
-55836.0,11830.0
-56336.0,12140.0
-56328.0,12228.0
-55608.0,12022.0
-56012.0,11836.0
-56148.0,12172.0
-55872.0,12112.0
-55372.0,12220.0
-56100.0,12236.0
-55740.0,12292.0
-56304.0,12194.0
-56796.0,12324.0
-56228.0,12020.0
-56232.0,11988.0
-56480.0,12000.0
-56356.0,12068.0
-56552.0,12216.0
-56220.0,12108.0
-56212.0,11930.0
-55476.0,11860.0
-55780.0,11990.0
-55892.0,11920.0
-55964.0,11810.0
-56336.0,12212.0
-56064.0,12012.0
-56240.0,12146.0
-56312.0,11906.0
-55988.0,11634.0
-55800.0,11678.0
-56052.0,11624.0
-56608.0,12026.0
-56000.0,11988.0
-55872.0,11542.0
-56272.0,11354.0
-55912.0,11358.0
-56020.0,11684.0
-56352.0,11552.0
-55888.0,11256.0
-56228.0,11274.0
-55896.0,11572.0
-56256.0,11680.0
-56172.0,11776.0
-55808.0,11334.0
-55140.0,11744.0
-56236.0,12266.0
-55684.0,12372.0
-55280.0,12248.0
-55208.0,11954.0
-55268.0,11972.0
-55824.0,12274.0
-55764.0,12198.0
-56088.0,12250.0
-55856.0,12248.0
-55416.0,12114.0
-55696.0,12400.0
-55524.0,12766.0
-55496.0,12492.0
-55344.0,12408.0
-55084.0,12442.0
-55096.0,12548.0
-55168.0,12782.0
-55936.0,13154.0
-55804.0,13416.0
-55764.0,13252.0
-56172.0,13134.0
-56004.0,13110.0
-55752.0,13092.0
-55700.0,13148.0
-55776.0,13402.0
-55536.0,13200.0
-55716.0,13300.0
-56132.0,13280.0
-56044.0,13120.0
-56252.0,12964.0
-56140.0,12794.0
-55720.0,13004.0
-55460.0,12780.0
-55288.0,12856.0
-55612.0,12968.0
-55644.0,13058.0
-56028.0,13062.0
-55856.0,13010.0
-55568.0,13038.0
-55820.0,12702.0
-55240.0,12650.0
-55132.0,12728.0
-54944.0,12708.0
-55012.0,12882.0
-54748.0,12878.0
-54896.0,12608.0
-54744.0,12372.0
-54768.0,12282.0
-54516.0,12104.0
-54848.0,12288.0
-54600.0,12142.0
-55520.0,12608.0
-55004.0,12648.0
-55656.0,12870.0
-55808.0,12954.0
-55576.0,13074.0
-55556.0,13030.0
-55312.0,12732.0
-55312.0,12944.0
-55048.0,12630.0
-55556.0,12572.0
-55724.0,12642.0
-56040.0,12406.0
-55988.0,12258.0
-56052.0,12426.0
-55908.0,12576.0
-55568.0,12878.0
-55732.0,13240.0
-55516.0,13216.0
-56132.0,13426.0
-56252.0,13536.0
-56132.0,13294.0
-55892.0,13156.0
-55936.0,13136.0
-56152.0,13192.0
-55796.0,13212.0
-55740.0,12980.0
-55456.0,12548.0
-55532.0,12776.0
-55452.0,12718.0
-56032.0,12754.0
-54972.0,12668.0
-55188.0,12844.0
-54912.0,12596.0
-55320.0,12830.0
-55520.0,13072.0
-55976.0,13106.0
-55188.0,12864.0
-54712.0,12988.0
-54848.0,12642.0
-54688.0,12240.0
-54920.0,12050.0
-54652.0,12066.0
-54548.0,12058.0
-55088.0,12444.0
-55304.0,12488.0
-54748.0,12398.0
-55068.0,12488.0
-55004.0,12326.0
-54980.0,12354.0
-54964.0,12618.0
-54900.0,12448.0
-55072.0,12434.0
-54904.0,12538.0
-55084.0,12586.0
-54912.0,12282.0
-55092.0,12444.0
-55192.0,12516.0
-55104.0,12988.0
-55500.0,12792.0
-55944.0,13000.0
-55688.0,13214.0
-55888.0,13302.0
-55776.0,13460.0
-55472.0,13308.0
-55160.0,13430.0
-55088.0,13502.0
-55384.0,13360.0
-55828.0,13300.0
-56216.0,13446.0
-56072.0,13538.0
-56192.0,13428.0
-56116.0,13710.0
-56024.0,13608.0
-56104.0,13642.0
-56644.0,13556.0
-56268.0,13594.0
-56132.0,13542.0
-56272.0,13498.0
-56516.0,13720.0
-56576.0,13866.0
-56232.0,13800.0
-56844.0,13752.0
-56396.0,13706.0
-56488.0,13798.0
-56804.0,13752.0
-56548.0,13860.0
-55908.0,13622.0
-56004.0,13584.0
-55760.0,13396.0
-55860.0,13432.0
-55676.0,13434.0
-55640.0,13306.0
-55896.0,13474.0
-56412.0,13570.0
-55784.0,13544.0
-56376.0,13452.0
-55304.0,13378.0
-55988.0,13518.0
-55732.0,13672.0
-55876.0,13766.0
-56008.0,13834.0
-55640.0,13864.0
-55652.0,14048.0
-55260.0,14290.0
-55456.0,14360.0
-55684.0,14672.0
-56160.0,14726.0
-55824.0,14578.0
-55952.0,14696.0
-56012.0,14788.0
-55792.0,14976.0
-55656.0,14730.0
-56084.0,14786.0
-55320.0,14628.0
-55992.0,14606.0
-55872.0,14506.0
-56080.0,14506.0
-56620.0,14864.0
-56296.0,14994.0
-56452.0,14958.0
-56076.0,15000.0
-56292.0,14722.0
-55500.0,14488.0
-54976.0,14402.0
-55868.0,14586.0
-55956.0,14544.0
-55712.0,14490.0
-55896.0,14352.0
-55668.0,14100.0
-56112.0,14428.0
-55796.0,14302.0
-55736.0,14296.0
-55616.0,14170.0
-55348.0,14208.0
-55168.0,14592.0
-55300.0,14264.0
-55760.0,14346.0
-55628.0,14386.0
-55144.0,14552.0
-55652.0,14660.0
-55380.0,14630.0
-55192.0,14588.0
-55120.0,14488.0
-55552.0,14262.0
-55080.0,14078.0
-54544.0,14198.0
-54976.0,14486.0
-54972.0,14550.0
-55384.0,14628.0
-55920.0,14418.0
-55236.0,14148.0
-55616.0,14252.0
-55372.0,14324.0
-55420.0,14516.0
-55480.0,14454.0
-55480.0,14516.0
-55132.0,14256.0
-55492.0,14438.0
-55644.0,14480.0
-55484.0,14346.0
-55160.0,14270.0
-55612.0,14264.0
-55160.0,14236.0
-55044.0,13874.0
-55168.0,14080.0
-54912.0,13868.0
-55060.0,14278.0
-54868.0,14280.0
-54860.0,14214.0
-55412.0,14094.0
-55240.0,13864.0
-55152.0,13774.0
-54824.0,13928.0
-54760.0,13532.0
-55604.0,13562.0
-55084.0,13674.0
-55464.0,13846.0
-55808.0,13910.0
-56220.0,13770.0
-55624.0,13812.0
-55908.0,13836.0
-55776.0,13582.0
-55744.0,13526.0
-55584.0,13372.0
-55516.0,13254.0
-56060.0,13182.0
-56088.0,13440.0
-56172.0,13332.0
-56448.0,13304.0
-56244.0,13180.0
-56020.0,13090.0
-55936.0,13112.0
-55540.0,13046.0
-55980.0,13096.0
-55716.0,12936.0
-55964.0,13142.0
-55676.0,13288.0
-55472.0,13258.0
-55376.0,13232.0
-55408.0,13166.0
-55516.0,13270.0
-55312.0,12960.0
-55440.0,12882.0
-55452.0,12920.0
-55372.0,13448.0
-55456.0,13376.0
-55284.0,13050.0
-54948.0,13048.0
-54428.0,12648.0
-54944.0,12820.0
-55360.0,13068.0
-54824.0,13078.0
-54836.0,12814.0
-54856.0,12820.0
-55372.0,12800.0
-55124.0,13114.0
-55056.0,13046.0
-55032.0,12962.0
-55568.0,12788.0
-55920.0,12772.0
-56424.0,13020.0
-55872.0,12698.0
-55900.0,12902.0
-56036.0,13052.0
-55952.0,13070.0
-55880.0,12880.0
-55932.0,12828.0
-55676.0,13084.0
-55760.0,13086.0
-55604.0,13004.0
-55696.0,12756.0
-55592.0,12684.0
-55624.0,12798.0
-55540.0,12888.0
-56240.0,12770.0
-56056.0,12660.0
-56000.0,12626.0
-55556.0,12444.0
-55720.0,12620.0
-56260.0,12628.0
-55904.0,12666.0
-56004.0,12598.0
-56076.0,12522.0
-55792.0,12660.0
-56136.0,12616.0
-56552.0,12794.0
-55704.0,12676.0
-55900.0,12514.0
-56008.0,12656.0
-56076.0,12864.0
-55920.0,12702.0
-56160.0,12618.0
-55860.0,12566.0
-56076.0,12882.0
-55768.0,12746.0
-55892.0,12730.0
-55760.0,12808.0
-55176.0,12742.0
-55188.0,12714.0
-55316.0,12650.0
-55380.0,12632.0
-55096.0,12694.0
-55280.0,12726.0
-55992.0,12794.0
-55904.0,13018.0
-56460.0,13190.0
-56416.0,13326.0
-56332.0,13366.0
-56000.0,13206.0
-56692.0,13364.0
-56160.0,13206.0
-56112.0,13038.0
-55704.0,12792.0
-55772.0,12882.0
-55652.0,12768.0
-55332.0,13094.0
-56044.0,13322.0
-55864.0,13032.0
-55744.0,13002.0
-55624.0,12834.0
-56064.0,12820.0
-56516.0,12706.0
-56660.0,12644.0
-56952.0,12640.0
-56624.0,12724.0
-55976.0,12246.0
-55864.0,12160.0
-55840.0,12090.0
-55956.0,12048.0
-55496.0,11898.0
-55344.0,11908.0
-55396.0,11910.0
-55600.0,12016.0
-55616.0,12074.0
-55896.0,12046.0
-55900.0,11822.0
-55200.0,11556.0
-55164.0,11448.0
-55044.0,11182.0
-54884.0,11416.0
-55176.0,11386.0
-55268.0,11280.0
-55464.0,11024.0
-55228.0,11336.0
-54992.0,11426.0
-55120.0,11680.0
-55212.0,11778.0
-55256.0,11958.0
-55352.0,11794.0
-55684.0,11670.0
-55416.0,11670.0
-55568.0,11592.0
-55028.0,11666.0
-54684.0,11690.0
-54744.0,11498.0
-54236.0,11378.0
-54540.0,11284.0
-54380.0,11440.0
-55004.0,11534.0
-55068.0,11918.0
-55520.0,11992.0
-55764.0,12072.0
-55924.0,12550.0
-55544.0,12456.0
-55492.0,12442.0
-55484.0,12200.0
-55548.0,12442.0
-55296.0,12248.0
-54660.0,12004.0
-54808.0,12000.0
-54688.0,11978.0
-55260.0,12120.0
-55704.0,11976.0
-55284.0,12262.0
-55600.0,12412.0
-55460.0,12564.0
-55200.0,12732.0
-55304.0,12832.0
-55280.0,12886.0
-55536.0,13024.0
-55448.0,12720.0
-55648.0,12720.0
-55440.0,12676.0
-55532.0,12778.0
-55448.0,12820.0
-54884.0,12970.0
-55100.0,13162.0
-55100.0,12900.0
-55596.0,13152.0
-55792.0,13400.0
-55552.0,13134.0
-55392.0,12902.0
-55516.0,12944.0
-55608.0,12824.0
-55384.0,12624.0
-55636.0,12824.0
-55912.0,12914.0
-55892.0,12938.0
-55948.0,12654.0
-55564.0,12512.0
-55684.0,12274.0
-55252.0,12302.0
-54820.0,12474.0
-54952.0,12436.0
-54940.0,12566.0
-54764.0,12402.0
-55228.0,12170.0
-55484.0,12058.0
-55144.0,12240.0
-55120.0,11934.0
-55100.0,11962.0
-55460.0,12008.0
-55604.0,11756.0
-55228.0,11520.0
-55744.0,11470.0
-55700.0,11470.0
-55768.0,11528.0
-55332.0,11538.0
-54940.0,11304.0
-54940.0,11378.0
-55056.0,11422.0
-54676.0,11492.0
-54792.0,11532.0
-55280.0,11344.0
-55816.0,11258.0
-55464.0,11214.0
-54720.0,11240.0
-55308.0,11448.0
-55988.0,11790.0
-55984.0,11846.0
-55480.0,11954.0
-55360.0,11864.0
-55016.0,11912.0
-55184.0,11940.0
-55072.0,12200.0
-54936.0,12252.0
-55176.0,12206.0
-55092.0,12346.0
-55344.0,12362.0
-55844.0,12182.0
-55264.0,12242.0
-55100.0,12414.0
-55500.0,11980.0
-55856.0,11742.0
-55872.0,11760.0
-55384.0,11714.0
-55080.0,11566.0
-55160.0,11526.0
-55860.0,11618.0
-55316.0,11666.0
-55156.0,11672.0
-55972.0,11892.0
-56056.0,11704.0
-56128.0,11576.0
-56036.0,11750.0
-55960.0,11902.0
-55636.0,11800.0
-54976.0,11594.0
-54648.0,11650.0
-54972.0,11900.0
-55248.0,11942.0
-55460.0,12018.0
-55616.0,11790.0
-56052.0,12154.0
-56356.0,12406.0
-56452.0,12552.0
-55888.0,12400.0
-56124.0,12336.0
-55956.0,12314.0
-56344.0,12488.0
-55964.0,12162.0
-56208.0,12230.0
-56288.0,12060.0
-56016.0,11874.0
-56044.0,11918.0
-55964.0,11828.0
-55632.0,11878.0
-55892.0,11658.0
-55896.0,11940.0
-55744.0,11796.0
-56160.0,11742.0
-55896.0,11680.0
-55676.0,11708.0
-55600.0,11518.0
-55504.0,11504.0
-55532.0,11200.0
-55260.0,11124.0
-55588.0,11228.0
-55852.0,11362.0
-55536.0,11584.0
-55804.0,11876.0
-55500.0,11798.0
-55328.0,11592.0
-55628.0,11918.0
-55320.0,11558.0
-55036.0,11658.0
-55360.0,11538.0
-55428.0,11404.0
-55496.0,11704.0
-55720.0,11934.0
-55828.0,12042.0
-55788.0,12294.0
-55680.0,12348.0
-55704.0,12490.0
-55516.0,12570.0
-55480.0,12516.0
-55624.0,12282.0
-55524.0,12200.0
-55704.0,12396.0
-55532.0,12472.0
-55524.0,12504.0
-55732.0,12554.0
-55760.0,12456.0
-55188.0,12332.0
-55204.0,12200.0
-55496.0,12002.0
-55308.0,12162.0
-54948.0,12182.0
-54944.0,12484.0
-55208.0,12584.0
-55492.0,12672.0
-55496.0,12390.0
-55672.0,12562.0
-55260.0,12624.0
-55636.0,12764.0
-55168.0,13130.0
-55044.0,13100.0
-55292.0,13088.0
-55004.0,12944.0
-55008.0,12882.0
-55112.0,13284.0
-55156.0,13504.0
-54660.0,13542.0
-54804.0,13454.0
-55268.0,13516.0
-55592.0,13280.0
-55832.0,13114.0
-56108.0,13162.0
-56260.0,13102.0
-55784.0,12800.0
-56112.0,12752.0
-55672.0,12828.0
-55680.0,12894.0
-55568.0,13062.0
-55368.0,12994.0
-55304.0,12810.0
-55564.0,12714.0
-55032.0,12546.0
-55256.0,12154.0
-55348.0,12308.0
-54744.0,12008.0
-54948.0,12098.0
-55192.0,12160.0
-54900.0,12158.0
-54768.0,12082.0
-55160.0,12300.0
-54812.0,12388.0
-54952.0,12250.0
-55108.0,12020.0
-54956.0,12196.0
-55440.0,12430.0
-55032.0,12518.0
-55044.0,12402.0
-55120.0,12488.0
-55096.0,12674.0
-55044.0,12806.0
-55096.0,12968.0
-55328.0,12756.0
-55080.0,12856.0
-54912.0,12696.0
-55344.0,12780.0
-55120.0,12860.0
-55424.0,12988.0
-55560.0,13018.0
-55460.0,13028.0
-55336.0,12910.0
-55332.0,13050.0
-55200.0,13078.0
-55572.0,13178.0
-56100.0,13398.0
-55844.0,13200.0
-56044.0,13228.0
-55944.0,13512.0
-55304.0,13444.0
-55424.0,13628.0
-56056.0,13964.0
-55464.0,13838.0
-55688.0,13754.0
-55692.0,14036.0
-55100.0,14054.0
-54752.0,13876.0
-55172.0,13964.0
-55036.0,13738.0
-55132.0,13602.0
-55244.0,13370.0
-55204.0,13148.0
-55304.0,13174.0
-55184.0,12994.0
-55148.0,12892.0
-54812.0,12786.0
-54600.0,12670.0
-54412.0,12454.0
-55044.0,12452.0
-54920.0,12272.0
-54964.0,12500.0
-55536.0,12758.0
-55332.0,12820.0
-55604.0,12992.0
-54980.0,13024.0
-55136.0,13352.0
-55616.0,13642.0
-55248.0,13608.0
-55324.0,13684.0
-55360.0,13884.0
-55668.0,14050.0
-55496.0,14030.0
-55596.0,14072.0
-55536.0,14124.0
-55680.0,14316.0
-55004.0,14134.0
-55416.0,14214.0
-55608.0,14438.0
-55512.0,14210.0
-55500.0,13994.0
-55344.0,13712.0
-54976.0,13746.0
-55484.0,14044.0
-55328.0,14104.0
-55972.0,14206.0
-55704.0,13990.0
-55468.0,13508.0
-55064.0,13496.0
-55296.0,13602.0
-55348.0,13328.0
-55364.0,13292.0
-55320.0,13108.0
-55404.0,13384.0
-55888.0,13898.0
-55384.0,13464.0
-54880.0,13376.0
-55240.0,13406.0
-55420.0,13796.0
-55348.0,14002.0
-55448.0,13826.0
-55360.0,13660.0
-55384.0,13914.0
-55172.0,13878.0
-55220.0,13880.0
-55300.0,13992.0
-55212.0,14072.0
-55468.0,14256.0
-55248.0,14392.0
-54928.0,14260.0
-55100.0,14430.0
-55244.0,14306.0
-55664.0,13966.0
-55632.0,14004.0
-55908.0,14094.0
-55800.0,14264.0
-55736.0,14328.0
-55128.0,14036.0
-55556.0,13972.0
-55268.0,14046.0
-55396.0,14056.0
-55032.0,14036.0
-55496.0,13990.0
-55636.0,14076.0
-55708.0,14038.0
-55708.0,14016.0
-55508.0,14054.0
-55444.0,14108.0
-55064.0,13916.0
-55040.0,13908.0
-55368.0,14052.0
-54936.0,14280.0
-55480.0,14586.0
-55424.0,14386.0
-55172.0,14518.0
-55216.0,14678.0
-55528.0,14694.0
-55508.0,14620.0
-55308.0,14602.0
-55232.0,15144.0
-55328.0,15132.0
-55316.0,14806.0
-54944.0,14530.0
-55160.0,14860.0
-55044.0,15080.0
-54996.0,14934.0
-55224.0,15168.0
-55072.0,14872.0
-54940.0,14696.0
-55236.0,14952.0
-55440.0,14802.0
-55280.0,14510.0
-55256.0,14738.0
-55076.0,14722.0
-55212.0,14796.0
-55048.0,14916.0
-55236.0,14764.0
-54816.0,14912.0
-54912.0,15058.0
-55804.0,15048.0
-55720.0,14744.0
-55944.0,14732.0
-56200.0,14684.0
-55704.0,14754.0
-56024.0,15050.0
-55572.0,14782.0
-56088.0,14874.0
-56316.0,15058.0
-56196.0,15134.0
-55612.0,15196.0
-55620.0,15256.0
-55400.0,15288.0
-55980.0,15608.0
-55704.0,15388.0
-55124.0,15374.0
-55376.0,15214.0
-55028.0,15180.0
-55092.0,15172.0
-55068.0,15154.0
-55400.0,15236.0
-55716.0,15408.0
-55592.0,15470.0
-55476.0,15362.0
-54968.0,15236.0
-54636.0,15136.0
-54928.0,15074.0
-55172.0,15270.0
-55176.0,15292.0
-55012.0,15362.0
-54648.0,15248.0
-54936.0,15454.0
-54968.0,15460.0
-55196.0,15768.0
-55364.0,15690.0
-55108.0,15996.0
-55256.0,15754.0
-55504.0,15874.0
-54912.0,15604.0
-54540.0,15232.0
-54920.0,15258.0
-55472.0,15418.0
-55796.0,15526.0
-56000.0,15640.0
-56112.0,15582.0
-55852.0,15672.0
-55440.0,15458.0
-55892.0,15526.0
-55684.0,15408.0
-55536.0,15572.0
-55396.0,15688.0
-55588.0,15632.0
-56008.0,15840.0
-55828.0,15768.0
-55944.0,15838.0
-55776.0,15742.0
-55676.0,15518.0
-54980.0,15566.0
-55820.0,15728.0
-56048.0,15884.0
-56256.0,15830.0
-56108.0,15780.0
-55624.0,15604.0
-55016.0,15572.0
-55452.0,15882.0
-55776.0,15748.0
-55528.0,15634.0
-55464.0,15812.0
-55648.0,15586.0
-55828.0,15616.0
-56384.0,15708.0
-56204.0,15742.0
-56080.0,16148.0
-55648.0,16020.0
-55964.0,16056.0
-55720.0,15974.0
-56068.0,16300.0
-55932.0,16374.0
-55608.0,16524.0
-55464.0,16128.0
-55884.0,15788.0
-55168.0,15756.0
-55156.0,15752.0
-55140.0,15836.0
-55580.0,15702.0
-55716.0,15534.0
-55332.0,15514.0
-55316.0,15418.0
-55220.0,15486.0
-55152.0,15174.0
-55160.0,15032.0
-55564.0,15130.0
-55832.0,15226.0
-55776.0,15436.0
-55312.0,15334.0
-55696.0,15602.0
-55412.0,15492.0
-55724.0,15408.0
-55548.0,15492.0
-55980.0,15650.0
-55812.0,15448.0
-55488.0,15600.0
-55260.0,15720.0
-55392.0,16184.0
-55484.0,16384.0
-55304.0,16156.0
-55564.0,16280.0
-55764.0,16424.0
-55544.0,16254.0
-54968.0,16162.0
-55208.0,16398.0
-55588.0,16518.0
-55596.0,16562.0
-55704.0,16742.0
-55372.0,16450.0
-55324.0,16530.0
-55352.0,16672.0
-55112.0,16676.0
-55144.0,16620.0
-54824.0,16642.0
-55332.0,16438.0
-54924.0,16714.0
-55592.0,16954.0
-55952.0,16754.0
-55884.0,16940.0
-56396.0,17116.0
-56228.0,17142.0
-56424.0,16872.0
-56172.0,16582.0
-55572.0,16644.0
-55416.0,16614.0
-55648.0,16860.0
-55156.0,16408.0
-55572.0,16594.0
-55068.0,16916.0
-54756.0,16862.0
-54456.0,16668.0
-54608.0,16672.0
-54740.0,16632.0
-55104.0,16572.0
-54532.0,16358.0
-54572.0,16482.0
-55000.0,16542.0
-55008.0,16660.0
-54996.0,16552.0
-55444.0,16782.0
-55812.0,17038.0
-55512.0,17088.0
-55664.0,17198.0
-55600.0,17314.0
-55504.0,17400.0
-55388.0,17354.0
-55668.0,17210.0
-55816.0,17244.0
-55804.0,17362.0
-55440.0,17382.0
-55240.0,17374.0
-54480.0,17326.0
-55272.0,17526.0
-54848.0,17396.0
-54932.0,17844.0
-55340.0,18028.0
-55660.0,18212.0
-55576.0,18204.0
-55420.0,18266.0
-55328.0,18218.0
-55256.0,18026.0
-55368.0,17950.0
-55316.0,17952.0
-55044.0,17952.0
-55288.0,18126.0
-55016.0,18080.0
-55492.0,18334.0
-55576.0,18292.0
-55580.0,18248.0
-55648.0,18100.0
-54756.0,17928.0
-54872.0,17506.0
-54868.0,17560.0
-54772.0,17686.0
-55456.0,17760.0
-55536.0,17928.0
-55396.0,17674.0
-55344.0,17466.0
-54812.0,17456.0
-55016.0,17404.0
-55128.0,17594.0
-55464.0,17740.0
-55176.0,17880.0
-55008.0,18028.0
-55208.0,17862.0
-54820.0,17808.0
-55444.0,18108.0
-55640.0,17948.0
-55488.0,17986.0
-55744.0,17916.0
-55868.0,18410.0
-56376.0,18390.0
-56108.0,18518.0
-55856.0,18332.0
-55892.0,18516.0
-55912.0,18680.0
-56100.0,18684.0
-55984.0,18878.0
-56192.0,18876.0
-56724.0,19266.0
-56956.0,19246.0
-56456.0,19136.0
-55932.0,18982.0
-55884.0,19022.0
-55640.0,19164.0
-55600.0,19168.0
-55552.0,19008.0
-55536.0,19070.0
-55276.0,19126.0
-55236.0,19224.0
-55264.0,19086.0
-55488.0,19178.0
-55548.0,19308.0
-55516.0,19504.0
-55776.0,19482.0
-55696.0,19332.0
-55456.0,19092.0
-55160.0,19196.0
-55516.0,19356.0
-55412.0,19488.0
-56024.0,19858.0
-56180.0,19950.0
-56180.0,19860.0
-55872.0,19932.0
-55764.0,19888.0
-56148.0,20116.0
-55772.0,20170.0
-55284.0,19912.0
-55740.0,19982.0
-56380.0,20086.0
-56040.0,19988.0
-55984.0,20160.0
-56412.0,20354.0
-56404.0,20272.0
-56296.0,20208.0
-55988.0,19952.0
-55472.0,19504.0
-55188.0,19592.0
-55200.0,19736.0
-55296.0,19358.0
-55684.0,19426.0
-56152.0,19638.0
-55924.0,19652.0
-55612.0,19748.0
-55852.0,19776.0
-55284.0,19798.0
-55764.0,19990.0
-56496.0,20366.0
-55820.0,20082.0
-55864.0,20068.0
-56220.0,20098.0
-56432.0,20452.0
-56724.0,20562.0
-56216.0,20564.0
-56328.0,20682.0
-56104.0,20668.0
-56220.0,20900.0
-56024.0,20990.0
-56452.0,21104.0
-55952.0,20986.0
-55164.0,20736.0
-55328.0,20502.0
-55384.0,20698.0
-55932.0,20966.0
-56188.0,20844.0
-56416.0,20966.0
-55984.0,20630.0
-55828.0,20984.0
-56508.0,21370.0
-56372.0,21398.0
-56316.0,21370.0
-56104.0,21160.0
-55824.0,21064.0
-56068.0,21188.0
-55512.0,21176.0
-55784.0,21112.0
-55284.0,21066.0
-54936.0,20858.0
-55276.0,20860.0
-55328.0,20710.0
-55800.0,21048.0
-55936.0,20718.0
-55608.0,20386.0
-55604.0,20496.0
-55084.0,20402.0
-55744.0,20536.0
-56104.0,20624.0
-56068.0,20588.0
-55748.0,20716.0
-56476.0,21218.0
-56648.0,21058.0
-57004.0,21032.0
-56616.0,21046.0
-56936.0,21238.0
-57072.0,21422.0
-57436.0,21466.0
-56904.0,21402.0
-57012.0,21210.0
-56728.0,21202.0
-56628.0,20700.0
-56992.0,20754.0
-56608.0,20732.0
-56444.0,20542.0
-56012.0,20106.0
-56336.0,20308.0
-56524.0,20158.0
-56324.0,20246.0
-56164.0,20174.0
-55916.0,20090.0
-55988.0,19966.0
-56124.0,20210.0
-56012.0,19876.0
-56112.0,19700.0
-56264.0,19986.0
-56064.0,20074.0
-56336.0,20166.0
-56356.0,20044.0
-56052.0,19828.0
-56452.0,19654.0
-56164.0,19756.0
-55868.0,19744.0
-55836.0,19748.0
-55740.0,19592.0
-56332.0,19628.0
-55944.0,19448.0
-56384.0,19462.0
-56260.0,19444.0
-56320.0,19520.0
-56428.0,19716.0
-56268.0,19508.0
-56048.0,19428.0
-56692.0,19744.0
-56900.0,19614.0
-56920.0,19566.0
-56292.0,19720.0
-56100.0,19594.0
-56276.0,19686.0
-56044.0,19752.0
-56236.0,19796.0
-55748.0,19458.0
-56112.0,19636.0
-56264.0,19708.0
-56720.0,19944.0
-56632.0,19820.0
-57092.0,19750.0
-56352.0,19302.0
-56480.0,19168.0
-56724.0,19260.0
-56564.0,19214.0
-56244.0,19194.0
-55924.0,19340.0
-56640.0,19658.0
-56592.0,19870.0
-56480.0,19514.0
-56560.0,19648.0
-56316.0,19366.0
-56652.0,19322.0
-56084.0,19088.0
-55712.0,19148.0
-56316.0,19108.0
-56512.0,19306.0
-55992.0,19130.0
-55816.0,19226.0
-56280.0,19152.0
-56092.0,19136.0
-56328.0,19122.0
-56076.0,18892.0
-56984.0,19464.0
-56480.0,19638.0
-56880.0,19946.0
-56996.0,19892.0
-56516.0,19872.0
-56404.0,19922.0
-56420.0,20026.0
-56696.0,20084.0
-56496.0,20170.0
-56516.0,20438.0
-56344.0,20236.0
-56232.0,19866.0
-55988.0,19640.0
-56272.0,19634.0
-56476.0,19480.0
-56540.0,19362.0
-56724.0,19572.0
-56216.0,19582.0
-55816.0,19498.0
-55988.0,19460.0
-55760.0,19566.0
-55676.0,19424.0
-55700.0,19394.0
-55476.0,19218.0
-54328.0,18950.0
-54840.0,18946.0
-55368.0,19074.0
-55588.0,19124.0
-55144.0,19014.0
-54556.0,18702.0
-55096.0,18406.0
-54832.0,18418.0
-54820.0,18410.0
-55008.0,18706.0
-55316.0,18724.0
-55508.0,18928.0
-55412.0,18756.0
-55200.0,18674.0
-55456.0,19150.0
-55648.0,19060.0
-55664.0,19188.0
-56520.0,19302.0
-56448.0,19554.0
-56468.0,19556.0
-56256.0,19600.0
-56668.0,19486.0
-55988.0,19404.0
-55308.0,19302.0
-55800.0,19342.0
-56344.0,19662.0
-56320.0,19604.0
-56208.0,19590.0
-55964.0,19712.0
-55496.0,19376.0
-56060.0,19414.0
-56272.0,19560.0
-56376.0,19710.0
-56048.0,19492.0
-56388.0,19698.0
-56372.0,19530.0
-56052.0,19416.0
-55648.0,19012.0
-55736.0,18850.0
-55900.0,18728.0
-55180.0,18604.0
-55724.0,18650.0
-55720.0,18600.0
-55396.0,18724.0
-55540.0,18820.0
-54964.0,18458.0
-55272.0,18656.0
-55740.0,18700.0
-55884.0,18718.0
-55688.0,18654.0
-55388.0,18656.0
-55484.0,18852.0
-55784.0,18854.0
-55160.0,18500.0
-55056.0,18642.0
-54988.0,18640.0
-55180.0,18688.0
-55444.0,18786.0
-55536.0,18780.0
-55972.0,18826.0
-55716.0,18798.0
-56056.0,19144.0
-55848.0,19192.0
-55836.0,19154.0
-55636.0,19144.0
-55704.0,19266.0
-55840.0,19270.0
-55740.0,19344.0
-55864.0,19582.0
-56204.0,19710.0
-56208.0,19742.0
-56124.0,19544.0
-55960.0,19592.0
-55756.0,19312.0
-55692.0,19592.0
-55836.0,19578.0
-55884.0,19510.0
-55972.0,19468.0
-55496.0,19516.0
-55768.0,19506.0
-55844.0,19160.0
-55644.0,19068.0
-55712.0,19428.0
-55100.0,19050.0
-55664.0,19220.0
-55324.0,19234.0
-55880.0,19296.0
-56368.0,19278.0
-56032.0,19564.0
-55616.0,19368.0
-55908.0,19286.0
-55956.0,19282.0
-55836.0,19438.0
-56044.0,19026.0
-55612.0,19090.0
-55340.0,18932.0
-54920.0,18738.0
-55120.0,18720.0
-55316.0,18940.0
-55568.0,19060.0
-55788.0,19296.0
-55292.0,19204.0
-55932.0,19310.0
-55680.0,19512.0
-56048.0,19726.0
-55580.0,19588.0
-55464.0,19548.0
-55924.0,19710.0
-55956.0,19860.0
-55968.0,19754.0
-56228.0,20136.0
-56536.0,20334.0
-56440.0,20362.0
-56604.0,20504.0
-56816.0,20606.0
-56628.0,20448.0
-56680.0,20660.0
-56828.0,20824.0
-56736.0,20812.0
-57192.0,20892.0
-56988.0,20860.0
-56604.0,20860.0
-56444.0,20658.0
-56372.0,20752.0
-56324.0,20802.0
-56512.0,21190.0
-56644.0,21208.0
-56652.0,21074.0
-56424.0,20942.0
-56340.0,20782.0
-56576.0,21080.0
-56300.0,20944.0
-56352.0,20776.0
-56224.0,20710.0
-55940.0,20752.0
-55584.0,20778.0
-55676.0,20980.0
-56112.0,21166.0
-56224.0,21224.0
-56024.0,21224.0
-55612.0,21318.0
-55352.0,21118.0
-55232.0,20948.0
-55600.0,21056.0
-55968.0,21440.0
-56160.0,21436.0
-56428.0,21462.0
-56208.0,21386.0
-55752.0,21386.0
-55636.0,21238.0
-55456.0,21282.0
-55704.0,21386.0
-55496.0,21522.0
-55528.0,21452.0
-55728.0,21454.0
-55804.0,21554.0
-55584.0,21620.0
-56224.0,21708.0
-56356.0,21668.0
-56468.0,21554.0
-56432.0,21300.0
-56340.0,21304.0
-56152.0,21036.0
-55528.0,21214.0
-55176.0,20892.0
-55336.0,21000.0
-55672.0,21328.0
-55756.0,21560.0
-56124.0,21638.0
-56272.0,21552.0
-56348.0,21650.0
-56280.0,21274.0
-56060.0,21002.0
-55976.0,21004.0
-56440.0,20998.0
-56252.0,21000.0
-56160.0,21176.0
-56624.0,21392.0
-56880.0,21414.0
-56996.0,21316.0
-56536.0,21460.0
-56452.0,21480.0
-56220.0,21548.0
-56336.0,21678.0
-56124.0,21532.0
-56188.0,21404.0
-56848.0,21804.0
-57096.0,21956.0
-56756.0,21930.0
-56700.0,22148.0
-56784.0,22372.0
-56716.0,22694.0
-56828.0,22798.0
-56412.0,22776.0
-55952.0,22696.0
-55552.0,22368.0
-55548.0,22428.0
-55668.0,22146.0
-55492.0,22070.0
-56028.0,22304.0
-55588.0,22192.0
-55592.0,22320.0
-55716.0,22278.0
-55712.0,22318.0
-56052.0,22516.0
-55936.0,22664.0
-56100.0,22866.0
-55980.0,22638.0
-56104.0,22798.0
-56496.0,22968.0
-56272.0,22838.0
-56832.0,23074.0
-56624.0,22728.0
-56680.0,22984.0
-56996.0,22754.0
-56612.0,22844.0
-56796.0,22676.0
-56192.0,22614.0
-56124.0,22526.0
-56000.0,22480.0
-56228.0,22364.0
-56512.0,22630.0
-56784.0,22614.0
-56812.0,22748.0
-57048.0,22742.0
-56780.0,22714.0
-56168.0,22472.0
-56560.0,22732.0
-56400.0,22670.0
-56860.0,22814.0
-56708.0,22608.0
-56964.0,22622.0
-56836.0,22780.0
-56756.0,22616.0
-56660.0,22422.0
-56684.0,22476.0
-57004.0,22690.0
-57500.0,22726.0
-57312.0,22790.0
-57032.0,22772.0
-57400.0,23026.0
-57320.0,23098.0
-57244.0,22872.0
-56668.0,22678.0
-57152.0,22758.0
-57184.0,22852.0
-56628.0,22656.0
-56616.0,22418.0
-56632.0,22354.0
-56356.0,22282.0
-56764.0,22360.0
-56676.0,22114.0
-56500.0,22232.0
-56380.0,22396.0
-56736.0,22382.0
-56968.0,22644.0
-57068.0,22626.0
-56604.0,22234.0
-56424.0,22200.0
-56548.0,22308.0
-56532.0,22272.0
-56224.0,22284.0
-56824.0,22470.0
-57044.0,22626.0
-57072.0,22948.0
-56728.0,22820.0
-56820.0,23064.0
-57528.0,23146.0
-57100.0,23148.0
-56696.0,22990.0
-55988.0,22888.0
-56624.0,23180.0
-56084.0,22842.0
-56332.0,22878.0
-56856.0,23320.0
-57232.0,23510.0
-57528.0,23822.0
-56976.0,24076.0
-58160.0,24362.0
-57872.0,24072.0
-57648.0,24062.0
-57736.0,24196.0
-57580.0,24216.0
-57392.0,24038.0
-57528.0,24170.0
-57664.0,24040.0
-57108.0,23862.0
-56896.0,23750.0
-56972.0,23596.0
-57368.0,23740.0
-57680.0,23752.0
-57320.0,23544.0
-57388.0,23454.0
-57016.0,23196.0
-56920.0,23074.0
-57500.0,23266.0
-57340.0,23222.0
-57684.0,23610.0
-57024.0,23338.0
-57316.0,23224.0
-56880.0,23070.0
-57360.0,22934.0
-57148.0,22714.0
-56788.0,22610.0
-57176.0,22744.0
-57196.0,22850.0
-57148.0,23048.0
-56984.0,23012.0
-57136.0,23094.0
-56928.0,22990.0
-56040.0,22694.0
-56244.0,22700.0
-56744.0,22778.0
-56916.0,22842.0
-56720.0,22860.0
-56828.0,22696.0
-56504.0,22290.0
-56700.0,22270.0
-57192.0,22352.0
-56904.0,22326.0
-56756.0,22186.0
-56344.0,22234.0
-56416.0,22242.0
-56368.0,21948.0
-56412.0,21928.0
-56248.0,21936.0
-56796.0,22020.0
-56544.0,21648.0
-56396.0,21666.0
-56244.0,21826.0
-56640.0,21670.0
-56784.0,21722.0
-56624.0,21850.0
-56880.0,21876.0
-56932.0,21742.0
-56908.0,21748.0
-56624.0,21912.0
-56952.0,21532.0
-56564.0,21672.0
-56432.0,21520.0
-56204.0,21678.0
-55836.0,21360.0
-55984.0,21634.0
-56268.0,21678.0
-56328.0,21800.0
-56540.0,21694.0
-56792.0,21872.0
-56844.0,21798.0
-56632.0,21618.0
-56836.0,21842.0
-57400.0,21922.0
-57288.0,21888.0
-56772.0,21646.0
-56888.0,21766.0
-56724.0,21592.0
-56752.0,21580.0
-56572.0,21660.0
-56268.0,21626.0
-56492.0,21720.0
-56640.0,21772.0
-56468.0,21776.0
-56336.0,21818.0
-56076.0,21780.0
-56108.0,21834.0
-55684.0,21682.0
-56500.0,21808.0
-56484.0,21876.0
-56028.0,21826.0
-55900.0,22044.0
-56344.0,22226.0
-56340.0,22060.0
-56468.0,22340.0
-56748.0,22472.0
-57044.0,22684.0
-57080.0,22378.0
-56696.0,22182.0
-56356.0,21838.0
-56108.0,21726.0
-55692.0,21648.0
-55896.0,21676.0
-55360.0,21806.0
-55140.0,21710.0
-55072.0,21654.0
-55712.0,22060.0
-55548.0,22142.0
-55572.0,22002.0
-55140.0,21602.0
-55272.0,21834.0
-55476.0,21758.0
-55584.0,21542.0
-55828.0,21400.0
-55572.0,21482.0
-55848.0,21292.0
-56416.0,21494.0
-55896.0,21418.0
-56028.0,21416.0
-56128.0,21490.0
-56096.0,21628.0
-55700.0,21616.0
-55916.0,21656.0
-55880.0,22066.0
-55848.0,21880.0
-55588.0,21730.0
-55624.0,21838.0
-55584.0,21668.0
-55752.0,21622.0
-55868.0,21626.0
-55856.0,21336.0
-56320.0,21600.0
-56364.0,21850.0
-56360.0,21704.0
-55992.0,21420.0
-56540.0,21544.0
-56376.0,21204.0
-56156.0,21294.0
-56416.0,21092.0
-56152.0,20876.0
-56324.0,20724.0
-56872.0,20880.0
-55908.0,20540.0
-55968.0,20450.0
-56076.0,20546.0
-55904.0,20548.0
-55612.0,20410.0
-55464.0,20112.0
-55468.0,20272.0
-55288.0,20000.0
-55308.0,19728.0
-55468.0,19858.0
-55736.0,19820.0
-56080.0,19906.0
-55396.0,19568.0
-55828.0,19662.0
-55604.0,19572.0
-56096.0,19654.0
-55968.0,19816.0
-55816.0,19542.0
-55432.0,19626.0
-55180.0,19438.0
-55620.0,19478.0
-55304.0,19270.0
-55860.0,19446.0
-55880.0,19342.0
-55452.0,19236.0
-55664.0,19496.0
-55820.0,19270.0
-55936.0,19110.0
-56156.0,19250.0
-55848.0,19346.0
-55380.0,19290.0
-55280.0,19162.0
-55400.0,19312.0
-55188.0,19134.0
-55472.0,19068.0
-55192.0,19114.0
-55240.0,19102.0
-55268.0,18792.0
-54916.0,18436.0
-54776.0,18516.0
-55248.0,18426.0
-55208.0,18540.0
-55700.0,18368.0
-55972.0,18544.0
-55832.0,18754.0
-55708.0,18952.0
-55612.0,18792.0
-55380.0,18464.0
-55336.0,18432.0
-55348.0,18514.0
-55336.0,18590.0
-55936.0,18744.0
-55460.0,18758.0
-55348.0,18648.0
-55520.0,18690.0
-55848.0,18660.0
-56092.0,18936.0
-55784.0,19020.0
-55976.0,18934.0
-56464.0,18986.0
-56372.0,18966.0
-56356.0,18940.0
-56120.0,18890.0
-56108.0,19040.0
-56044.0,19096.0
-55996.0,19222.0
-55632.0,18954.0
-56076.0,19060.0
-56068.0,19162.0
-56032.0,19204.0
-56068.0,18980.0
-56080.0,18966.0
-56448.0,19472.0
-56420.0,19686.0
-56412.0,19726.0
-56172.0,19514.0
-56600.0,19786.0
-56244.0,19928.0
-56388.0,20100.0
-56824.0,20164.0
-56564.0,20108.0
-56292.0,20228.0
-56412.0,20236.0
-56636.0,20564.0
-56464.0,20322.0
-56372.0,20268.0
-56568.0,20420.0
-56548.0,20554.0
-56632.0,20526.0
-56280.0,20614.0
-56144.0,20560.0
-56572.0,20754.0
-56744.0,20620.0
-56180.0,20542.0
-56740.0,20868.0
-56976.0,20952.0
-56708.0,20746.0
-56940.0,20844.0
-56264.0,20656.0
-56132.0,20508.0
-56164.0,20456.0
-55796.0,20190.0
-55644.0,20104.0
-56016.0,20160.0
-56092.0,20216.0
-55736.0,20260.0
-55748.0,20300.0
-55788.0,20382.0
-56608.0,20518.0
-56076.0,20620.0
-56212.0,20430.0
-55832.0,20376.0
-55660.0,20236.0
-55544.0,20234.0
-55316.0,20248.0
-55580.0,20554.0
-56184.0,20482.0
-56488.0,20608.0
-56352.0,20570.0
-56076.0,20656.0
-56024.0,20432.0
-55832.0,20410.0
-55808.0,20610.0
-55924.0,20918.0
-56116.0,20970.0
-56304.0,20840.0
-56328.0,20780.0
-56028.0,20778.0
-56428.0,20826.0
-56288.0,20990.0
-56560.0,21172.0
-56876.0,21014.0
-56764.0,21052.0
-55984.0,20722.0
-55888.0,20746.0
-56292.0,20962.0
-56200.0,20826.0
-56080.0,20950.0
-56328.0,20982.0
-56144.0,20988.0
-56000.0,20840.0
-56128.0,20942.0
-55864.0,21042.0
-55748.0,20796.0
-55868.0,20970.0
-55868.0,21358.0
-56044.0,21378.0
-56564.0,21804.0
-56080.0,21698.0
-56104.0,21568.0
-56372.0,21466.0
-56436.0,21362.0
-56468.0,21298.0
-56412.0,21396.0
-55860.0,21382.0
-55852.0,21572.0
-55908.0,21612.0
-55924.0,21618.0
-56288.0,21746.0
-55564.0,21686.0
-55752.0,21680.0
-55556.0,21564.0
-55676.0,21486.0
-55752.0,21714.0
-56624.0,21824.0
-56692.0,21936.0
-56636.0,22004.0
-56716.0,22104.0
-56200.0,21968.0
-56392.0,22010.0
-56232.0,22070.0
-56292.0,22252.0
-56004.0,22176.0
-56316.0,22256.0
-56384.0,22066.0
-56396.0,22214.0
-56692.0,22116.0
-56692.0,22058.0
-56556.0,22212.0
-56456.0,22016.0
-56244.0,22106.0
-56388.0,22212.0
-56516.0,22130.0
-56688.0,21904.0
-55976.0,21714.0
-55600.0,21526.0
-56116.0,21382.0
-56260.0,21310.0
-56284.0,21218.0
-56192.0,21148.0
-55956.0,21336.0
-56096.0,21570.0
-56596.0,21600.0
-56980.0,21960.0
-56540.0,21896.0
-56816.0,21980.0
-56900.0,21852.0
-56364.0,21882.0
-56676.0,22082.0
-56712.0,22036.0
-56864.0,22132.0
-57060.0,22238.0
-57028.0,22106.0
-56528.0,21684.0
-56496.0,21766.0
-56320.0,21894.0
-56376.0,21916.0
-56356.0,21952.0
-56096.0,22058.0
-56812.0,22124.0
-56964.0,22490.0
-57092.0,22494.0
-57060.0,22832.0
-56748.0,22750.0
-56784.0,22702.0
-56900.0,22622.0
-56908.0,22580.0
-57164.0,22472.0
-56980.0,22494.0
-56844.0,22444.0
-56712.0,22458.0
-56936.0,22564.0
-56772.0,22640.0
-56624.0,22460.0
-56664.0,22366.0
-56560.0,22406.0
-56904.0,22550.0
-56832.0,22476.0
-56656.0,22630.0
-56584.0,22386.0
-56688.0,22370.0
-56096.0,22252.0
-56416.0,22336.0
-57020.0,22432.0
-56804.0,22710.0
-56928.0,22738.0
-56840.0,22520.0
-56420.0,22224.0
-56896.0,22160.0
-56696.0,22038.0
-56060.0,21418.0
-56480.0,21458.0
-56720.0,21432.0
-55956.0,21126.0
-55776.0,21202.0
-55812.0,21064.0
-55532.0,20852.0
-55260.0,20726.0
-55720.0,20728.0
-55776.0,20896.0
-55540.0,20946.0
-55616.0,21198.0
-55840.0,21382.0
-55628.0,21356.0
-55900.0,21540.0
-55808.0,21770.0
-56148.0,21728.0
-56732.0,21862.0
-56740.0,21718.0
-56568.0,21658.0
-56200.0,21752.0
-56356.0,21708.0
-55824.0,21402.0
-56396.0,21668.0
-56196.0,21862.0
-56328.0,22036.0
-56260.0,22180.0
-56196.0,22224.0
-55628.0,22114.0
-55876.0,22056.0
-56212.0,22072.0
-55620.0,21894.0
-55716.0,21720.0
-55728.0,22006.0
-55568.0,21910.0
-55488.0,21892.0
-55676.0,21934.0
-55684.0,21870.0
-56068.0,21966.0
-56112.0,22022.0
-56476.0,22056.0
-56552.0,21998.0
-56248.0,21876.0
-56464.0,21944.0
-56308.0,21864.0
-56376.0,22054.0
-56516.0,22138.0
-56616.0,22120.0
-56616.0,22138.0
-55976.0,22032.0
-55564.0,21772.0
-55796.0,21764.0
-56464.0,22102.0
-56352.0,21704.0
-56120.0,21400.0
-56340.0,21262.0
-56132.0,21384.0
-55908.0,21588.0
-55772.0,21616.0
-55508.0,21380.0
-55504.0,21432.0
-55704.0,21532.0
-55092.0,21516.0
-55516.0,21490.0
-55648.0,21616.0
-55572.0,21624.0
-55964.0,21800.0
-56200.0,21872.0
-55896.0,21888.0
-55920.0,21908.0
-55540.0,21898.0
-55992.0,21892.0
-56164.0,22010.0
-55688.0,21874.0
-56056.0,22124.0
-56128.0,22190.0
-55928.0,22138.0
-56164.0,22374.0
-55740.0,22264.0
-55420.0,22362.0
-55512.0,22466.0
-56344.0,22738.0
-56456.0,23154.0
-56912.0,23518.0
-56464.0,23414.0
-56652.0,23436.0
-56816.0,23450.0
-56428.0,23418.0
-56288.0,23180.0
-56388.0,23238.0
-56140.0,23234.0
-56468.0,23212.0
-56184.0,22754.0
-56084.0,22718.0
-55864.0,22700.0
-55888.0,22856.0
-56092.0,22780.0
-55988.0,22980.0
-56436.0,23046.0
-56364.0,22894.0
-56100.0,22938.0
-56140.0,22936.0
-56696.0,22960.0
-56828.0,23134.0
-56768.0,23228.0
-57072.0,23294.0
-57124.0,23084.0
-57100.0,23330.0
-56964.0,23404.0
-57600.0,23562.0
-57440.0,23274.0
-56952.0,23026.0
-57092.0,23254.0
-56176.0,23022.0
-56352.0,23050.0
-56268.0,23048.0
-56792.0,23184.0
-56452.0,22896.0
-56644.0,23302.0
-56416.0,23362.0
-56928.0,23606.0
-57280.0,23738.0
-56740.0,23866.0
-56732.0,23838.0
-56760.0,23670.0
-56876.0,23718.0
-56660.0,23784.0
-57220.0,24038.0
-57308.0,24098.0
-56852.0,24178.0
-57152.0,24188.0
-57880.0,24422.0
-58436.0,24568.0
-57868.0,24594.0
-57572.0,24494.0
-57356.0,24366.0
-57256.0,24250.0
-56828.0,24024.0
-56764.0,23978.0
-56332.0,23678.0
-56276.0,23672.0
-56520.0,23708.0
-56616.0,23902.0
-56332.0,23712.0
-56340.0,23744.0
-56188.0,23590.0
-56140.0,23418.0
-56256.0,23282.0
-56424.0,23104.0
-56160.0,23116.0
-56020.0,23148.0
-56248.0,23176.0
-56536.0,23464.0
-56244.0,23516.0
-56192.0,23328.0
-56672.0,23448.0
-56684.0,23504.0
-56884.0,23612.0
-57540.0,23860.0
-57364.0,23886.0
-56712.0,23960.0
-57372.0,24178.0
-56532.0,23922.0
-56976.0,24308.0
-57148.0,24100.0
-57116.0,24222.0
-57352.0,24390.0
-57660.0,24532.0
-57320.0,24610.0
-57104.0,24392.0
-57056.0,24604.0
-56708.0,24508.0
-56924.0,24430.0
-57188.0,24268.0
-57372.0,24368.0
-57256.0,24086.0
-57364.0,24146.0
-57272.0,24262.0
-57440.0,24030.0
-57104.0,23982.0
-57216.0,24012.0
-57128.0,24044.0
-57204.0,23996.0
-57456.0,24136.0
-56992.0,23898.0
-56836.0,24188.0
-56264.0,24016.0
-56508.0,24084.0
-56980.0,24052.0
-56468.0,23764.0
-56000.0,23718.0
-56336.0,23624.0
-56800.0,23914.0
-56620.0,23700.0
-56076.0,23488.0
-56108.0,23698.0
-56780.0,24122.0
-56644.0,23812.0
-56540.0,24110.0
-57068.0,23970.0
-56472.0,23926.0
-56708.0,23992.0
-56728.0,24090.0
-56724.0,23902.0
-56216.0,23944.0
-55896.0,24064.0
-55812.0,24006.0
-56020.0,24076.0
-56680.0,24178.0
-56528.0,24268.0
-56448.0,23984.0
-56816.0,23976.0
-57020.0,23830.0
-56528.0,23780.0
-56592.0,23866.0
-56432.0,23602.0
-55892.0,23428.0
-55644.0,23174.0
-55888.0,23230.0
-55660.0,23410.0
-56260.0,23610.0
-56524.0,23838.0
-56652.0,24008.0
-56472.0,23818.0
-56792.0,23848.0
-57144.0,24062.0
-57260.0,24090.0
-56944.0,24026.0
-56736.0,23772.0
-56408.0,23738.0
-56348.0,23704.0
-56596.0,23508.0
-56608.0,23572.0
-57204.0,23792.0
-57460.0,23908.0
-57544.0,24100.0
-57020.0,24078.0
-57264.0,24186.0
-56788.0,23900.0
-56432.0,23824.0
-56516.0,23828.0
-56132.0,23580.0
-56724.0,23918.0
-56640.0,23876.0
-56464.0,23762.0
-57160.0,24064.0
-57132.0,23970.0
-56728.0,23848.0
-56636.0,23714.0
-56596.0,23566.0
-56720.0,23850.0
-57012.0,23674.0
-56992.0,23726.0
-57196.0,24016.0
-56700.0,23738.0
-57332.0,23600.0
-57016.0,23470.0
-56796.0,23496.0
-56696.0,23524.0
-56228.0,23370.0
-56652.0,23658.0
-56652.0,23568.0
-56392.0,23526.0
-56048.0,23380.0
-56292.0,23508.0
-55776.0,23206.0
-56268.0,23198.0
-56640.0,23312.0
-55884.0,23086.0
-55856.0,23126.0
-55852.0,23166.0
-56644.0,23330.0
-56724.0,23536.0
-56912.0,23378.0
-56724.0,23246.0
-56584.0,23354.0
-56368.0,23336.0
-56500.0,23356.0
-56712.0,23360.0
-56460.0,23160.0
-56560.0,23030.0
-57396.0,23070.0
-57120.0,22760.0
-57244.0,22866.0
-56968.0,22836.0
-57092.0,22936.0
-56872.0,22862.0
-56780.0,22900.0
-56556.0,22604.0
-55940.0,22544.0
-56064.0,22640.0
-56400.0,22600.0
-56736.0,22834.0
-56504.0,22954.0
-57056.0,23192.0
-57044.0,22866.0
-56708.0,22732.0
-56828.0,22686.0
-57188.0,22784.0
-56244.0,22296.0
-56324.0,22466.0
-56632.0,22552.0
-56444.0,22488.0
-56112.0,22634.0
-55824.0,22568.0
-55712.0,22492.0
-55384.0,22306.0
-55552.0,22366.0
-55540.0,22274.0
-55664.0,22002.0
-55528.0,22030.0
-56712.0,22626.0
-56280.0,22496.0
-56184.0,22646.0
-55952.0,22682.0
-56404.0,22852.0
-57308.0,22916.0
-57024.0,22872.0
-57308.0,23026.0
-57432.0,23070.0
-57224.0,22898.0
-56536.0,22630.0
-56636.0,22572.0
-56620.0,22440.0
-56716.0,22538.0
-56580.0,22416.0
-56372.0,22234.0
-56480.0,22196.0
-56540.0,22216.0
-56472.0,22034.0
-56476.0,22242.0
-56664.0,22190.0
-56508.0,22056.0
-56712.0,22382.0
-56420.0,22262.0
-56272.0,22244.0
-56388.0,22614.0
-56488.0,22708.0
-56212.0,22568.0
-56220.0,22496.0
-55860.0,22590.0
-55764.0,22630.0
-55880.0,22598.0
-56072.0,22790.0
-56124.0,22532.0
-55856.0,22084.0
-55888.0,22194.0
-56052.0,22090.0
-55904.0,22150.0
-56428.0,22080.0
-56164.0,22160.0
-55824.0,22026.0
-55944.0,22066.0
-56400.0,22364.0
-56056.0,22416.0
-56728.0,22458.0
-56624.0,22688.0
-56700.0,22692.0
-56852.0,22788.0
-56248.0,22712.0
-56616.0,22682.0
-56968.0,22992.0
-56384.0,22762.0
-56784.0,22842.0
-56964.0,22730.0
-57060.0,22742.0
-56992.0,22700.0
-57008.0,22874.0
-56856.0,22756.0
-56224.0,22482.0
-56392.0,22382.0
-56544.0,22174.0
-56128.0,22092.0
-55964.0,22002.0
-56084.0,22078.0
-56004.0,22190.0
-56136.0,22250.0
-55996.0,22264.0
-56492.0,22348.0
-55952.0,22256.0
-56032.0,22486.0
-56448.0,22634.0
-56656.0,22710.0
-56960.0,22720.0
-57004.0,22684.0
-56500.0,22416.0
-56692.0,22602.0
-56872.0,22614.0
-56620.0,22590.0
-56400.0,22464.0
-56232.0,22404.0
-56036.0,22308.0
-56136.0,22530.0
-56516.0,22514.0
-57096.0,22776.0
-57540.0,22812.0
-57580.0,22996.0
-57104.0,22922.0
-57920.0,23204.0
-57560.0,23066.0
-57468.0,22918.0
-57508.0,23018.0
-57728.0,22928.0
-57784.0,23092.0
-57508.0,22956.0
-57368.0,23092.0
-57372.0,22878.0
-56988.0,22756.0
-56956.0,22606.0
-56580.0,22664.0
-56868.0,22474.0
-56920.0,22312.0
-56444.0,22174.0
-56392.0,21984.0
-56308.0,21816.0
-55964.0,21912.0
-55940.0,21882.0
-56492.0,22024.0
-55844.0,21832.0
-55864.0,21954.0
-56120.0,22042.0
-56380.0,21972.0
-55720.0,21756.0
-55752.0,21814.0
-55804.0,21758.0
-56172.0,22034.0
-56152.0,22238.0
-55644.0,22304.0
-55832.0,22526.0
-56136.0,22648.0
-55856.0,22590.0
-56308.0,22530.0
-56028.0,22442.0
-56324.0,22406.0
-56556.0,22552.0
-56456.0,22766.0
-56768.0,22892.0
-56920.0,22938.0
-57168.0,22778.0
-56788.0,22580.0
-57040.0,22714.0
-57344.0,22962.0
-57700.0,23066.0
-57012.0,23046.0
-56920.0,22966.0
-57176.0,23052.0
-57292.0,23222.0
-56612.0,22866.0
-56852.0,22868.0
-56500.0,22766.0
-56432.0,22766.0
-56544.0,22750.0
-56800.0,22966.0
-56172.0,22934.0
-56196.0,22616.0
-56500.0,22636.0
-56744.0,22762.0
-56844.0,23012.0
-56804.0,23018.0
-56916.0,23036.0
-56460.0,22850.0
-56936.0,22796.0
-56636.0,22530.0
-56880.0,22626.0
-56252.0,22222.0
-56332.0,22086.0
-56244.0,22226.0
-56996.0,22570.0
-56816.0,22764.0
-57088.0,22818.0
-56732.0,22672.0
-56528.0,22650.0
-57040.0,22818.0
-56508.0,22784.0
-56624.0,22900.0
-56720.0,23268.0
-57224.0,23282.0
-57552.0,23348.0
-57696.0,23460.0
-57716.0,23530.0
-57592.0,23626.0
-58108.0,23752.0
-57836.0,23734.0
-57908.0,23682.0
-58088.0,23764.0
-57272.0,23526.0
-57324.0,23624.0
-57428.0,23774.0
-57440.0,23762.0
-57148.0,23718.0
-57248.0,23488.0
-56752.0,23262.0
-57020.0,23132.0
-56400.0,22856.0
-57024.0,23088.0
-56656.0,22848.0
-56716.0,22714.0
-56800.0,22592.0
-56508.0,22310.0
-56468.0,22094.0
-56600.0,22232.0
-56340.0,21998.0
-56268.0,22080.0
-56308.0,21964.0
-56312.0,21896.0
-56708.0,22010.0
-56024.0,22028.0
-56316.0,22214.0
-56340.0,22210.0
-56904.0,22402.0
-56804.0,22340.0
-56464.0,22310.0
-56796.0,22230.0
-56756.0,22480.0
-56332.0,22374.0
-56516.0,22442.0
-56400.0,22426.0
-56876.0,22760.0
-57156.0,22274.0
-57292.0,22256.0
-56716.0,22204.0
-57324.0,22798.0
-57628.0,22944.0
-57496.0,22854.0
-57712.0,23102.0
-57992.0,23216.0
-57968.0,23050.0
-57184.0,22860.0
-56948.0,22750.0
-56980.0,22872.0
-56640.0,22684.0
-56140.0,22400.0
-56064.0,22440.0
-56168.0,22558.0
-56672.0,22420.0
-56944.0,22374.0
-56860.0,22148.0
-56132.0,22080.0
-56212.0,22074.0
-56460.0,22204.0
-56272.0,22024.0
-56044.0,21690.0
-56280.0,21666.0
-56316.0,21684.0
-56544.0,21640.0
-56500.0,21704.0
-56224.0,22058.0
-56380.0,21974.0
-56536.0,21944.0
-56492.0,21862.0
-56060.0,21630.0
-55564.0,21540.0
-55752.0,21294.0
-55544.0,21218.0
-55424.0,21508.0
-55860.0,21658.0
-56028.0,21782.0
-56524.0,21966.0
-56652.0,22136.0
-56628.0,22266.0
-56436.0,22230.0
-56544.0,22352.0
-56720.0,22568.0
-56352.0,22454.0
-56636.0,22442.0
-56464.0,22368.0
-57200.0,22502.0
-57304.0,22396.0
-56724.0,22124.0
-57172.0,22464.0
-57368.0,22666.0
-57796.0,22758.0
-57032.0,22734.0
-57464.0,22730.0
-57068.0,22436.0
-56800.0,22462.0
-57068.0,22628.0
-56736.0,22532.0
-56600.0,22516.0
-56748.0,22590.0
-56996.0,22808.0
-57052.0,22694.0
-57196.0,22568.0
-56832.0,22572.0
-57052.0,22614.0
-56984.0,22862.0
-56112.0,22510.0
-55976.0,22532.0
-56448.0,22426.0
-56432.0,22416.0
-56116.0,22284.0
-55948.0,22364.0
-55584.0,22020.0
-55756.0,22192.0
-56368.0,22650.0
-56780.0,22846.0
-56628.0,22774.0
-56352.0,22722.0
-56080.0,22558.0
-56688.0,22962.0
-57168.0,22854.0
-56976.0,22852.0
-57168.0,22968.0
-57384.0,23556.0
-57352.0,23568.0
-57396.0,23598.0
-57228.0,23576.0
-57244.0,23544.0
-56780.0,23444.0
-57176.0,23560.0
-57344.0,23580.0
-56896.0,23562.0
-56848.0,23564.0
-57160.0,23684.0
-57332.0,23760.0
-57168.0,23690.0
-57348.0,23876.0
-57344.0,23850.0
-57676.0,23976.0
-57292.0,23986.0
-56976.0,24016.0
-57516.0,24538.0
-56928.0,24300.0
-56956.0,24166.0
-56660.0,24386.0
-57124.0,24464.0
-56656.0,24394.0
-56592.0,24282.0
-57040.0,24210.0
-56916.0,24146.0
-56968.0,24016.0
-56872.0,23704.0
-56416.0,23610.0
-56680.0,23780.0
-56648.0,23754.0
-56712.0,23624.0
-57044.0,23746.0
-56660.0,23482.0
-57296.0,23820.0
-56580.0,23740.0
-56332.0,24032.0
-57012.0,24264.0
-57620.0,24504.0
-57752.0,24546.0
-57728.0,24588.0
-57732.0,24930.0
-57436.0,24834.0
-58104.0,25172.0
-58072.0,25198.0
-58184.0,25368.0
-58244.0,25372.0
-57944.0,25204.0
-57812.0,25264.0
-57472.0,25176.0
-57512.0,25110.0
-56912.0,24798.0
-56736.0,24770.0
-56732.0,24572.0
-56688.0,24672.0
-57252.0,24984.0
-56972.0,24840.0
-57196.0,24718.0
-56596.0,24632.0
-56732.0,24728.0
-57112.0,24982.0
-57032.0,24600.0
-56488.0,24346.0
-56920.0,24286.0
-56536.0,24052.0
-56648.0,24238.0
-56780.0,24426.0
-56756.0,24324.0
-57156.0,24624.0
-57056.0,24686.0
-57060.0,24642.0
-56788.0,24644.0
-56660.0,24628.0
-56852.0,24466.0
-56832.0,24388.0
-56920.0,24452.0
-56664.0,24196.0
-56440.0,24192.0
-56768.0,24332.0
-57016.0,24582.0
-57040.0,24560.0
-56992.0,24662.0
-57380.0,24844.0
-57556.0,25096.0
-57468.0,25054.0
-57340.0,25028.0
-57524.0,24986.0
-57652.0,24886.0
-58036.0,24782.0
-57664.0,24790.0
-57232.0,24840.0
-57244.0,24892.0
-57576.0,24856.0
-56968.0,24560.0
-56568.0,24108.0
-56284.0,24006.0
-56536.0,23984.0
-56372.0,23770.0
-56912.0,23672.0
-56584.0,23480.0
-56728.0,23512.0
-56896.0,23420.0
-56576.0,23566.0
-57080.0,23568.0
-56416.0,23290.0
-56772.0,23504.0
-56404.0,23468.0
-56280.0,23338.0
-56620.0,23730.0
-57004.0,23920.0
-56748.0,23920.0
-56468.0,23752.0
-56636.0,23826.0
-56552.0,23650.0
-56312.0,23596.0
-56520.0,23594.0
-56068.0,23538.0
-56636.0,23910.0
-56468.0,24016.0
-56488.0,24208.0
-56924.0,24216.0
-57020.0,24488.0
-57500.0,24670.0
-57012.0,24668.0
-57256.0,24718.0
-57492.0,24696.0
-57160.0,24388.0
-57808.0,24492.0
-57860.0,24568.0
-57884.0,24460.0
-57028.0,24142.0
-57040.0,24070.0
-57368.0,24138.0
-57384.0,24294.0
-57212.0,24486.0
-57468.0,24390.0
-57104.0,24016.0
-57164.0,23862.0
-57292.0,23832.0
-57048.0,23766.0
-56636.0,23710.0
-56320.0,23414.0
-56392.0,23708.0
-56328.0,23802.0
-56184.0,23698.0
-56516.0,23906.0
-56384.0,23652.0
-56864.0,23574.0
-57400.0,23712.0
-57328.0,23934.0
-57372.0,23886.0
-57484.0,23924.0
-57480.0,23634.0
-57316.0,23648.0
-57260.0,23714.0
-56860.0,23676.0
-56808.0,23618.0
-56756.0,23760.0
-57340.0,23910.0
-57204.0,23806.0
-56508.0,23856.0
-56608.0,23956.0
-56536.0,23848.0
-57152.0,24070.0
-56952.0,23950.0
-56732.0,23794.0
-56604.0,23712.0
-56980.0,23742.0
-56988.0,23628.0
-56660.0,23336.0
-56284.0,23452.0
-56364.0,23672.0
-56168.0,23630.0
-55984.0,23424.0
-56004.0,23410.0
-55908.0,23252.0
-55944.0,23040.0
-57008.0,23266.0
-56760.0,23394.0
-56260.0,23120.0
-56396.0,23252.0
-56484.0,23462.0
-56712.0,23516.0
-56844.0,23580.0
-56832.0,23696.0
-56476.0,23866.0
-56656.0,23788.0
-57268.0,23752.0
-57324.0,23706.0
-56856.0,23596.0
-56448.0,23332.0
-56144.0,23206.0
-56244.0,23112.0
-56448.0,23304.0
-56668.0,23538.0
-56824.0,23718.0
-56680.0,23748.0
-57008.0,23850.0
-57176.0,23962.0
-56948.0,23910.0
-57072.0,24114.0
-56932.0,24234.0
-57076.0,24490.0
-57656.0,24700.0
-56940.0,24404.0
-57112.0,24246.0
-56988.0,24196.0
-56948.0,24050.0
-56892.0,23996.0
-56880.0,24012.0
-57188.0,24168.0
-56832.0,24056.0
-57208.0,24204.0
-57068.0,24264.0
-56948.0,24108.0
-56888.0,24174.0
-56972.0,24112.0
-56756.0,23764.0
-56932.0,23702.0
-56608.0,23624.0
-56952.0,23628.0
-56932.0,23630.0
-57028.0,23874.0
-56872.0,23772.0
-57176.0,23916.0
-57032.0,23902.0
-56792.0,23834.0
-56696.0,23696.0
-56828.0,23634.0
-57212.0,23932.0
-56760.0,23692.0
-56752.0,23556.0
-56228.0,23274.0
-56656.0,23568.0
-56408.0,23656.0
-57028.0,23782.0
-57128.0,23936.0
-57232.0,23970.0
-57500.0,24222.0
-57640.0,24310.0
-57508.0,24254.0
-57312.0,24330.0
-57604.0,24260.0
-57284.0,24124.0
-57028.0,24112.0
-56708.0,24042.0
-57052.0,24162.0
-57348.0,24202.0
-57328.0,24120.0
-57024.0,23866.0
-57076.0,23930.0
-56948.0,23696.0
-56472.0,23538.0
-56832.0,23544.0
-56856.0,23474.0
-57004.0,23420.0
-57048.0,23588.0
-56920.0,23226.0
-56972.0,23476.0
-56828.0,23574.0
-57144.0,23760.0
-56588.0,23636.0
-56260.0,23730.0
-56748.0,23874.0
-56640.0,23768.0
-56412.0,23854.0
-56244.0,23870.0
-56372.0,23794.0
-56804.0,24084.0
-57036.0,24348.0
-57072.0,24328.0
-57760.0,24382.0
-57424.0,24226.0
-57208.0,24286.0
-56780.0,24094.0
-56948.0,23896.0
-57612.0,23980.0
-57608.0,24144.0
-56736.0,23824.0
-56548.0,23786.0
-56912.0,23872.0
-56160.0,23862.0
-56588.0,24078.0
-56752.0,24100.0
-57220.0,24194.0
-57088.0,23956.0
-56580.0,23982.0
-56992.0,24052.0
-56820.0,23802.0
-56912.0,24000.0
-56696.0,24108.0
-56328.0,23882.0
-57276.0,24184.0
-56820.0,24064.0
-56880.0,24126.0
-57036.0,23804.0
-56876.0,23746.0
-57144.0,23944.0
-56844.0,23862.0
-57088.0,24150.0
-57156.0,24068.0
-56912.0,23868.0
-56748.0,23768.0
-56860.0,23686.0
-57084.0,23498.0
-56436.0,23404.0
-57160.0,23560.0
-56956.0,23470.0
-56272.0,23176.0
-56868.0,23104.0
-56396.0,22730.0
-56368.0,22860.0
-56644.0,22664.0
-56916.0,22766.0
-56636.0,22728.0
-56284.0,22612.0
-56200.0,22682.0
-55924.0,22222.0
-56076.0,22106.0
-56056.0,22122.0
-56252.0,21978.0
-56292.0,21800.0
-56104.0,21862.0
-56168.0,21988.0
-56400.0,22068.0
-56896.0,22438.0
-56708.0,22508.0
-56896.0,22258.0
-57392.0,22474.0
-57248.0,22676.0
-57260.0,22566.0
-57404.0,22838.0
-57660.0,22944.0
-57900.0,22948.0
-57544.0,22618.0
-56860.0,22374.0
-56632.0,22410.0
-56744.0,22370.0
-57008.0,22452.0
-57196.0,22112.0
-56788.0,21994.0
-57144.0,21878.0
-57124.0,21908.0
-56952.0,21888.0
-56912.0,21952.0
-57044.0,21796.0
-56664.0,21714.0
-56536.0,21962.0
-56636.0,21872.0
-56604.0,21864.0
-56576.0,21854.0
-56500.0,21964.0
-56280.0,21890.0
-56236.0,21720.0
-56424.0,21838.0
-56360.0,21888.0
-56244.0,21916.0
-56740.0,21910.0
-56952.0,22070.0
-56472.0,21994.0
-56444.0,21704.0
-56336.0,21454.0
-56164.0,21178.0
-56124.0,21274.0
-55964.0,21114.0
-55948.0,21042.0
-55616.0,21074.0
-55812.0,21072.0
-55496.0,20766.0
-55672.0,20918.0
-55668.0,20892.0
-56076.0,21270.0
-56304.0,21654.0
-56532.0,21446.0
-56504.0,21818.0
-56248.0,21688.0
-56276.0,21600.0
-56448.0,21614.0
-56476.0,22010.0
-56552.0,22216.0
-55932.0,21896.0
-55924.0,22054.0
-56116.0,22170.0
-56424.0,22256.0
-56868.0,22478.0
-56668.0,22420.0
-56312.0,22352.0
-56484.0,22630.0
-55976.0,22420.0
-56348.0,22668.0
-56388.0,22516.0
-55900.0,22464.0
-55892.0,22404.0
-55856.0,22276.0
-56544.0,22532.0
-56280.0,22540.0
-56304.0,22636.0
-56292.0,22874.0
-56388.0,23068.0
-56412.0,23060.0
-56468.0,23066.0
-56660.0,22950.0
-56556.0,22934.0
-56852.0,23046.0
-56888.0,22970.0
-56680.0,23122.0
-56368.0,22884.0
-56360.0,22874.0
-56268.0,22904.0
-56316.0,22902.0
-56104.0,22862.0
-55844.0,22882.0
-56040.0,22914.0
-55860.0,22916.0
-56012.0,22936.0
-56192.0,23074.0
-56368.0,23068.0
-56452.0,23174.0
-56096.0,22940.0
-56068.0,22860.0
-55940.0,22880.0
-56228.0,22756.0
-56248.0,22698.0
-56232.0,22858.0
-56120.0,22742.0
-55936.0,22520.0
-55992.0,22444.0
-56592.0,22458.0
-57032.0,22544.0
-56532.0,22498.0
-56800.0,22776.0
-56524.0,22670.0
-56484.0,22744.0
-56308.0,22490.0
-56048.0,22524.0
-56756.0,22750.0
-57016.0,22950.0
-56808.0,22902.0
-56284.0,22726.0
-56628.0,22638.0
-56256.0,22700.0
-56140.0,22542.0
-56624.0,22260.0
-56336.0,22268.0
-56436.0,22466.0
-56840.0,22860.0
-56776.0,22732.0
-56748.0,22714.0
-56852.0,22760.0
-56672.0,22688.0
-56192.0,22456.0
-55808.0,22400.0
-56172.0,22516.0
-55772.0,22336.0
-56100.0,22342.0
-56492.0,22536.0
-56416.0,22314.0
-56560.0,22494.0
-56480.0,22560.0
-56300.0,22822.0
-56492.0,22856.0
-56572.0,22860.0
-56788.0,22784.0
-56728.0,22542.0
-56936.0,22626.0
-56940.0,22706.0
-56616.0,22862.0
-57052.0,22750.0
-56928.0,22940.0
-57236.0,22998.0
-57364.0,23018.0
-57080.0,22970.0
-56752.0,22898.0
-56264.0,22630.0
-56564.0,22544.0
-57180.0,22494.0
-57172.0,22660.0
-56396.0,22550.0
-56044.0,22142.0
-56188.0,21998.0
-56784.0,22064.0
-56980.0,22334.0
-56944.0,22464.0
-57396.0,22446.0
-57364.0,22464.0
-57664.0,22494.0
-57284.0,22322.0
-56952.0,22374.0
-56900.0,22444.0
-56684.0,22414.0
-57020.0,22432.0
-57196.0,22542.0
-56764.0,22698.0
-56416.0,22920.0
-56264.0,22870.0
-56292.0,22770.0
-56872.0,22894.0
-56760.0,22858.0
-55936.0,22380.0
-56308.0,22238.0
-55968.0,22338.0
-56444.0,22550.0
-56372.0,22592.0
-56168.0,22610.0
-56276.0,22262.0
-56448.0,22162.0
-56164.0,22076.0
-56152.0,21900.0
-56080.0,21706.0
-56228.0,22232.0
-55988.0,22016.0
-56272.0,22234.0
-56244.0,22288.0
-56680.0,22318.0
-56536.0,22208.0
-56804.0,22036.0
-56408.0,22146.0
-56608.0,22180.0
-56880.0,22216.0
-56784.0,22258.0
-56832.0,22206.0
-56512.0,22236.0
-56788.0,22220.0
-57076.0,22494.0
-56888.0,22638.0
-57120.0,22822.0
-57104.0,22526.0
-56856.0,22536.0
-56912.0,22676.0
-56352.0,22244.0
-56616.0,22480.0
-56548.0,22388.0
-56888.0,22270.0
-56344.0,22162.0
-56432.0,22222.0
-56772.0,22348.0
-56884.0,22560.0
-57124.0,22418.0
-56968.0,22362.0
-56968.0,22384.0
-57384.0,22550.0
-57224.0,22772.0
-57196.0,22676.0
-57396.0,22662.0
-56936.0,23072.0
-56848.0,22982.0
-57020.0,22968.0
-56780.0,22846.0
-56472.0,22662.0
-56420.0,22838.0
-56716.0,22824.0
-57052.0,23022.0
-56520.0,23078.0
-56580.0,22926.0
-56460.0,22796.0
-56796.0,22992.0
-57112.0,23214.0
-56980.0,23216.0
-57028.0,23240.0
-56944.0,23360.0
-56836.0,23470.0
-56788.0,23346.0
-56896.0,23362.0
-56824.0,23044.0
-57156.0,22948.0
-56672.0,22694.0
-56304.0,22598.0
-56308.0,22726.0
-56752.0,22814.0
-56516.0,22882.0
-56560.0,22894.0
-56800.0,22798.0
-56636.0,22672.0
-56616.0,22654.0
-56152.0,22708.0
-56524.0,23070.0
-56544.0,22904.0
-56180.0,22874.0
-56532.0,23044.0
-56896.0,23120.0
-56616.0,22850.0
-56360.0,22752.0
-56428.0,22708.0
-56600.0,22484.0
-56660.0,22580.0
-57040.0,22916.0
-56916.0,22712.0
-56724.0,22574.0
-56220.0,22380.0
-56292.0,22396.0
-56036.0,22212.0
-56548.0,22546.0
-56276.0,22516.0
-56308.0,22548.0
-56096.0,22590.0
-55952.0,22246.0
-55908.0,22154.0
-55848.0,22286.0
-56252.0,22412.0
-55892.0,22640.0
-56028.0,22958.0
-56512.0,23200.0
-57008.0,23420.0
-57020.0,23536.0
-56888.0,23548.0
-56740.0,23510.0
-57028.0,23632.0
-57188.0,23510.0
-57476.0,23816.0
-57280.0,23784.0
-57680.0,23754.0
-57536.0,23716.0
-57324.0,23724.0
-56972.0,23528.0
-57272.0,23764.0
-57728.0,24096.0
-58404.0,24330.0
-58168.0,24272.0
-58028.0,24140.0
-57380.0,23790.0
-57412.0,24010.0
-57560.0,24040.0
-57468.0,23814.0
-57472.0,23712.0
-57488.0,23866.0
-57900.0,23988.0
-57492.0,23758.0
-57420.0,23660.0
-56764.0,23450.0
-56668.0,23574.0
-57012.0,23726.0
-56516.0,23500.0
-57124.0,23678.0
-56864.0,23452.0
-56568.0,23464.0
-56892.0,23420.0
-56852.0,23290.0
-57012.0,23248.0
-56896.0,23274.0
-57012.0,23736.0
-56912.0,23702.0
-57008.0,23720.0
-57008.0,23608.0
-56716.0,23576.0
-56768.0,23740.0
-56340.0,23832.0
-55940.0,23972.0
-56184.0,24178.0
-56468.0,24464.0
-56716.0,24448.0
-56848.0,24746.0
-56700.0,24928.0
-56696.0,25054.0
-56840.0,25200.0
-56620.0,24970.0
-56632.0,24890.0
-56760.0,24796.0
-57000.0,24916.0
-56960.0,24964.0
-56984.0,25046.0
-56332.0,25090.0
-56856.0,25334.0
-56784.0,25198.0
-56676.0,25140.0
-56904.0,25168.0
-56632.0,25240.0
-57012.0,25380.0
-56668.0,25392.0
-56820.0,25296.0
-56712.0,25382.0
-57040.0,25482.0
-57668.0,25650.0
-57576.0,25332.0
-57680.0,25548.0
-57612.0,25446.0
-57488.0,25446.0
-57112.0,25454.0
-56936.0,25238.0
-56908.0,25232.0
-56976.0,25416.0
-56952.0,25530.0
-56684.0,25364.0
-56436.0,25150.0
-56300.0,25066.0
-55956.0,24772.0
-56396.0,24898.0
-56568.0,24990.0
-56580.0,25050.0
-56576.0,25006.0
-56968.0,25218.0
-57216.0,25242.0
-57120.0,25222.0
-57628.0,25614.0
-57140.0,25340.0
-57680.0,25562.0
-57376.0,25498.0
-57680.0,25702.0
-57472.0,25678.0
-57896.0,25854.0
-57620.0,25720.0
-57916.0,25800.0
-57736.0,25810.0
-57928.0,25732.0
-57092.0,25272.0
-57188.0,25308.0
-57280.0,25332.0
-56856.0,25154.0
-56992.0,25332.0
-57340.0,25488.0
-57276.0,25640.0
-57336.0,25618.0
-57464.0,25558.0
-57576.0,25686.0
-57100.0,25726.0
-57184.0,25626.0
-57560.0,25656.0
-57552.0,25452.0
-57892.0,25590.0
-58200.0,25766.0
-58456.0,26272.0
-58520.0,26492.0
-57900.0,26222.0
-57716.0,26178.0
-57788.0,26126.0
-57720.0,25880.0
-57932.0,25824.0
-57844.0,25730.0
-57692.0,25942.0
-57308.0,25798.0
-56956.0,25664.0
-56864.0,25358.0
-56676.0,25228.0
-56756.0,25474.0
-56564.0,25430.0
-56728.0,25418.0
-56668.0,25312.0
-56644.0,25362.0
-57168.0,25610.0
-57552.0,26022.0
-57656.0,26234.0
-58072.0,26222.0
-57968.0,26416.0
-57852.0,26302.0
-57972.0,26312.0
-58524.0,26396.0
-57872.0,26220.0
-57792.0,26070.0
-57932.0,26148.0
-57464.0,25994.0
-57680.0,26036.0
-57732.0,25968.0
-57580.0,25888.0
-57624.0,25710.0
-57692.0,25432.0
-58616.0,25952.0
-58172.0,25826.0
-57564.0,25772.0
-58080.0,25772.0
-57724.0,25846.0
-57824.0,25986.0
-57748.0,25646.0
-57616.0,25744.0
-57664.0,25898.0
-57616.0,25920.0
-57512.0,25660.0
-57264.0,25570.0
-57900.0,25706.0
-57724.0,25856.0
-57684.0,26042.0
-57764.0,25788.0
-57640.0,25866.0
-57432.0,25924.0
-57588.0,25948.0
-58316.0,26178.0
-58224.0,26174.0
-57856.0,26088.0
-57920.0,26190.0
-58108.0,26354.0
-58592.0,26386.0
-58296.0,26160.0
-58684.0,26256.0
-58196.0,26228.0
-57892.0,26054.0
-58232.0,26000.0
-58268.0,25892.0
-58084.0,25920.0
-57956.0,25926.0
-57816.0,25726.0
-58056.0,25606.0
-58084.0,25716.0
-57556.0,25476.0
-57092.0,25088.0
-56940.0,25036.0
-56752.0,24828.0
-56524.0,24846.0
-56204.0,24774.0
-56652.0,24602.0
-56980.0,24804.0
-57344.0,24894.0
-57052.0,24962.0
-56756.0,24886.0
-57156.0,25140.0
-57360.0,25366.0
-58040.0,25752.0
-57964.0,25900.0
-57556.0,25846.0
-57132.0,25770.0
-58164.0,26140.0
-58096.0,26234.0
-58188.0,26354.0
-58224.0,26334.0
-58240.0,26180.0
-57592.0,26018.0
-57296.0,25730.0
-57376.0,25596.0
-57276.0,25614.0
-57380.0,25680.0
-57220.0,25488.0
-57292.0,25556.0
-57100.0,25500.0
-57644.0,25670.0
-57728.0,25676.0
-57772.0,25778.0
-57044.0,25512.0
-57092.0,25338.0
-57496.0,25506.0
-57652.0,25618.0
-57608.0,25634.0
-57596.0,25596.0
-57156.0,25550.0
-57160.0,25576.0
-57176.0,25354.0
-57512.0,25396.0
-57972.0,25592.0
-57648.0,25588.0
-57868.0,25498.0
-57396.0,25362.0
-57124.0,25262.0
-56972.0,25120.0
-57176.0,25382.0
-57184.0,25414.0
-57488.0,25380.0
-57172.0,25408.0
-57336.0,25294.0
-57356.0,25042.0
-57372.0,24980.0
-57244.0,25054.0
-57092.0,25032.0
-57060.0,24976.0
-57752.0,24972.0
-57436.0,24664.0
-57672.0,24722.0
-57792.0,24542.0
-58032.0,24614.0
-57488.0,24606.0
-57248.0,24316.0
-57300.0,24234.0
-57556.0,24294.0
-57140.0,24108.0
-56880.0,23910.0
-56884.0,24076.0
-57152.0,24330.0
-57200.0,24252.0
-57884.0,24638.0
-57716.0,24450.0
-57520.0,24436.0
-57108.0,24566.0
-57324.0,24642.0
-57260.0,24798.0
-57604.0,24830.0
-57740.0,25156.0
-57280.0,25168.0
-57584.0,25422.0
-57372.0,25598.0
-58024.0,25862.0
-58152.0,25900.0
-58436.0,26070.0
-58188.0,25638.0
-58116.0,25596.0
-58044.0,25502.0
-57704.0,25232.0
-57932.0,25364.0
-57916.0,25152.0
-57948.0,25178.0
-57736.0,25146.0
-57496.0,25326.0
-57320.0,25010.0
-57248.0,24742.0
-57420.0,24690.0
-57428.0,24746.0
-57668.0,24864.0
-57228.0,24854.0
-56956.0,24832.0
-57268.0,24798.0
-57460.0,24772.0
-57436.0,24770.0
-57036.0,24742.0
-57348.0,24700.0
-57136.0,24822.0
-57396.0,24616.0
-57020.0,24516.0
-57008.0,24738.0
-57412.0,24868.0
-56684.0,24586.0
-56988.0,24640.0
-56864.0,24504.0
-56488.0,24344.0
-56916.0,24072.0
-57196.0,24484.0
-57132.0,24348.0
-56956.0,24376.0
-56848.0,24304.0
-56568.0,24454.0
-56756.0,24550.0
-57208.0,24540.0
-57292.0,24580.0
-58164.0,24874.0
-57600.0,24554.0
-57268.0,24658.0
-57000.0,24512.0
-56956.0,24566.0
-57632.0,24588.0
-57832.0,24908.0
-57656.0,25198.0
-57348.0,24738.0
-57316.0,24740.0
-57328.0,24558.0
-56752.0,24532.0
-56844.0,24418.0
-56708.0,24324.0
-56436.0,24132.0
-56360.0,23900.0
-57144.0,24194.0
-57272.0,24312.0
-56684.0,24150.0
-56864.0,24276.0
-56616.0,24050.0
-57040.0,24208.0
-56980.0,24378.0
-56928.0,24424.0
-57480.0,24296.0
-57376.0,24464.0
-56944.0,24220.0
-56624.0,24358.0
-57272.0,24764.0
-57016.0,24492.0
-57052.0,24730.0
-57292.0,24760.0
-56988.0,24816.0
-56772.0,24766.0
-57028.0,24856.0
-57500.0,25014.0
-57312.0,24890.0
-57492.0,24932.0
-57572.0,24668.0
-57180.0,24636.0
-57248.0,24642.0
-57228.0,24628.0
-57536.0,24794.0
-57376.0,24896.0
-57388.0,24944.0
-57524.0,24972.0
-57740.0,25058.0
-57692.0,25178.0
-57440.0,25286.0
-57104.0,25358.0
-57632.0,25420.0
-57400.0,25390.0
-57040.0,25120.0
-57800.0,25378.0
-57212.0,25270.0
-56692.0,25108.0
-56680.0,24952.0
-57148.0,25010.0
-57148.0,25204.0
-57020.0,25150.0
-56824.0,25224.0
-57168.0,25308.0
-57116.0,25342.0
-57400.0,25568.0
-57052.0,25624.0
-57340.0,25914.0
-57108.0,25864.0
-57280.0,25648.0
-57436.0,25530.0
-57592.0,25696.0
-56988.0,25374.0
-57280.0,25338.0
-56712.0,25196.0
-57456.0,25148.0
-57268.0,25146.0
-57156.0,25168.0
-57460.0,25224.0
-57336.0,25098.0
-57568.0,25318.0
-57384.0,25240.0
-57080.0,24988.0
-57112.0,25098.0
-57080.0,25078.0
-57204.0,24954.0
-56992.0,24754.0
-56696.0,24704.0
-56272.0,24764.0
-56732.0,24840.0
-56840.0,25154.0
-56996.0,25196.0
-57020.0,24918.0
-57240.0,25188.0
-57540.0,25296.0
-57208.0,25486.0
-57556.0,25678.0
-57644.0,25498.0
-57728.0,25676.0
-57348.0,25546.0
-56956.0,25252.0
-57316.0,25196.0
-57772.0,25482.0
-57616.0,25322.0
-57504.0,25364.0
-57100.0,25602.0
-57284.0,25734.0
-57472.0,25504.0
-57184.0,25298.0
-57216.0,25356.0
-56980.0,25418.0
-57128.0,25240.0
-57324.0,25280.0
-57616.0,25492.0
-57512.0,25380.0
-57652.0,25418.0
-57472.0,25138.0
-56736.0,24938.0
-56460.0,24964.0
-56692.0,24692.0
-56712.0,24970.0
-57100.0,25112.0
-57196.0,25306.0
-57728.0,25522.0
-57780.0,25898.0
-57764.0,25962.0
-57632.0,26200.0
-57684.0,26212.0
-57636.0,26252.0
-57888.0,26220.0
-57616.0,26096.0
-57504.0,26002.0
-57412.0,25858.0
-56868.0,25740.0
-57124.0,26046.0
-56976.0,25950.0
-57220.0,26050.0
-56920.0,25812.0
-57404.0,26038.0
-56864.0,25724.0
-57404.0,25870.0
-57036.0,25796.0
-57184.0,26068.0
-57352.0,26192.0
-57536.0,26418.0
-57580.0,26660.0
-57480.0,26738.0
-57444.0,26608.0
-57772.0,26776.0
-58056.0,26876.0
-57928.0,26966.0
-57992.0,27004.0
-58164.0,27012.0
-58180.0,27166.0
-58136.0,27302.0
-58352.0,27232.0
-57968.0,27138.0
-58084.0,27316.0
-58092.0,27178.0
-57944.0,27214.0
-58180.0,27104.0
-57700.0,27006.0
-57708.0,27124.0
-57792.0,27180.0
-56988.0,26810.0
-57232.0,26762.0
-57432.0,26916.0
-57864.0,26926.0
-57260.0,26628.0
-56756.0,26304.0
-57288.0,26436.0
-57108.0,26402.0
-57208.0,26704.0
-57260.0,26522.0
-57520.0,26762.0
-57540.0,26712.0
-57472.0,26800.0
-57448.0,26726.0
-57228.0,26694.0
-56980.0,26554.0
-56872.0,26520.0
-57040.0,26676.0
-57392.0,26738.0
-57088.0,26668.0
-56840.0,26340.0
-57112.0,26516.0
-56868.0,26342.0
-57592.0,26720.0
-57104.0,26644.0
-56652.0,26542.0
-56436.0,26468.0
-56340.0,26456.0
-57076.0,26956.0
-57476.0,26880.0
-57936.0,27234.0
-57116.0,26852.0
-57200.0,26920.0
-57640.0,27168.0
-57200.0,27042.0
-57432.0,27064.0
-57212.0,27100.0
-57692.0,26916.0
-57208.0,26968.0
-57196.0,27014.0
-57152.0,26794.0
-57468.0,26978.0
-57132.0,26722.0
-57208.0,26854.0
-57092.0,26770.0
-57164.0,27002.0
-57596.0,27224.0
-57652.0,27378.0
-57844.0,27470.0
-57804.0,27182.0
-57336.0,27202.0
-57824.0,27136.0
-57284.0,26874.0
-57316.0,26836.0
-57432.0,26964.0
-57524.0,27148.0
-57916.0,27344.0
-58028.0,27404.0
-58168.0,27606.0
-58108.0,27556.0
-57800.0,27388.0
-57792.0,27438.0
-57756.0,27484.0
-57772.0,27502.0
-57820.0,27448.0
-57924.0,27574.0
-57740.0,27322.0
-58100.0,27496.0
-58156.0,27704.0
-58364.0,27606.0
-58428.0,27512.0
-58224.0,27526.0
-58676.0,27858.0
-58072.0,27658.0
-57992.0,27678.0
-58352.0,27934.0
-58516.0,27966.0
-57900.0,27810.0
-58192.0,28016.0
-58116.0,27892.0
-57876.0,27964.0
-57872.0,28028.0
-58296.0,28144.0
-58244.0,28164.0
-58872.0,28302.0
-59300.0,28372.0
-59052.0,28296.0
-58716.0,28262.0
-58832.0,28508.0
-58876.0,28510.0
-58836.0,28392.0
-58768.0,28316.0
-58676.0,28174.0
-58436.0,28072.0
-58400.0,28060.0
-58092.0,27828.0
-58296.0,27796.0
-58144.0,27530.0
-57868.0,27420.0
-57488.0,27208.0
-57712.0,27142.0
-57392.0,26998.0
-57000.0,26712.0
-56824.0,26654.0
-57196.0,26620.0
-57388.0,26830.0
-57872.0,27138.0
-57608.0,27020.0
-57536.0,27118.0
-57028.0,26944.0
-57244.0,27038.0
-57544.0,27064.0
-57628.0,27104.0
-57288.0,27274.0
-57412.0,27550.0
-57776.0,27504.0
-58076.0,27718.0
-58160.0,27692.0
-57096.0,27270.0
-57596.0,27362.0
-57580.0,27462.0
-57704.0,27460.0
-57376.0,27386.0
-57196.0,27396.0
-57416.0,27316.0
-57332.0,27426.0
-57904.0,27696.0
-57840.0,27740.0
-58136.0,27748.0
-57328.0,27478.0
-57632.0,27586.0
-57720.0,27646.0
-57696.0,27516.0
-58176.0,27920.0
-58488.0,28010.0
-58604.0,27906.0
-58436.0,27902.0
-58476.0,28176.0
-58768.0,28210.0
-58220.0,28056.0
-58336.0,28144.0
-58156.0,28082.0
-57856.0,27776.0
-57544.0,27692.0
-57992.0,28088.0
-58120.0,27802.0
-58084.0,27898.0
-57972.0,27870.0
-58200.0,27706.0
-57824.0,27898.0
-57716.0,27732.0
-57728.0,27632.0
-58056.0,27514.0
-58296.0,27592.0
-58016.0,27752.0
-57544.0,27562.0
-57832.0,27744.0
-57704.0,27576.0
-57556.0,27394.0
-57936.0,27428.0
-58180.0,27374.0
-57656.0,27308.0
-57344.0,27160.0
-57324.0,26928.0
-57312.0,26886.0
-57292.0,26896.0
-57920.0,27440.0
-58060.0,27604.0
-58008.0,27524.0
-57512.0,27398.0
-57556.0,27406.0
-57532.0,27598.0
-58108.0,27848.0
-58068.0,27870.0
-57876.0,27856.0
-57744.0,27758.0
-57840.0,27946.0
-58096.0,28142.0
-57844.0,28128.0
-58700.0,28410.0
-58892.0,28438.0
-58552.0,28318.0
-58376.0,28304.0
-58360.0,28240.0
-58400.0,28350.0
-58300.0,28338.0
-58368.0,28428.0
-58948.0,28494.0
-58316.0,28282.0
-58468.0,28222.0
-58816.0,28362.0
-59180.0,28472.0
-58888.0,28372.0
-58184.0,28040.0
-57980.0,28074.0
-57628.0,28028.0
-57348.0,27842.0
-57568.0,27934.0
-57572.0,27896.0
-57396.0,27858.0
-57716.0,27976.0
-57752.0,27784.0
-57848.0,27622.0
-58136.0,27464.0
-57804.0,27368.0
-58176.0,27552.0
-58236.0,27756.0
-58296.0,27948.0
-58408.0,28126.0
-58040.0,27776.0
-57796.0,27332.0
-57536.0,27092.0
-57748.0,27030.0
-57128.0,26856.0
-56616.0,26808.0
-56828.0,26528.0
-57388.0,26622.0
-57052.0,26354.0
-56960.0,26266.0
-56868.0,26248.0
-56652.0,26250.0
-56264.0,26358.0
-56968.0,26634.0
-56864.0,26680.0
-56664.0,26762.0
-56756.0,26904.0
-56360.0,26542.0
-56812.0,26450.0
-56996.0,26494.0
-56708.0,26374.0
-56656.0,26576.0
-57520.0,27092.0
-57616.0,27134.0
-57680.0,27096.0
-58300.0,27272.0
-57748.0,27094.0
-57916.0,27398.0
-57904.0,27324.0
-58144.0,27570.0
-57968.0,27442.0
-57460.0,27388.0
-57316.0,27564.0
-57828.0,27754.0
-57692.0,27714.0
-57812.0,27842.0
-57796.0,28040.0
-57884.0,28198.0
-57792.0,28186.0
-57796.0,28208.0
-58096.0,28278.0
-58360.0,28302.0
-58124.0,28188.0
-58412.0,28342.0
-58016.0,28186.0
-58632.0,28556.0
-58652.0,28618.0
-58632.0,28498.0
-58644.0,28422.0
-58456.0,28428.0
-58424.0,28602.0
-58248.0,28430.0
-57828.0,28304.0
-57984.0,28224.0
-57700.0,28030.0
-57668.0,28028.0
-57716.0,28160.0
-58108.0,28064.0
-58420.0,28044.0
-57932.0,27772.0
-57824.0,27808.0
-58240.0,27866.0
-57880.0,27796.0
-58524.0,27840.0
-58084.0,27872.0
-57808.0,27808.0
-58028.0,28038.0
-57968.0,27968.0
-57588.0,27850.0
-57300.0,27652.0
-57116.0,27354.0
-57096.0,27156.0
-57944.0,27484.0
-57772.0,27532.0
-57936.0,27602.0
-57692.0,27428.0
-57708.0,27574.0
-57476.0,27622.0
-57672.0,27984.0
-57404.0,27782.0
-57312.0,27642.0
-57616.0,27776.0
-58040.0,27794.0
-57576.0,27706.0
-57496.0,27582.0
-57648.0,27556.0
-57296.0,27422.0
-56864.0,27210.0
-57176.0,27258.0
-57528.0,27460.0
-57288.0,27424.0
-57176.0,27366.0
-57548.0,27526.0
-58040.0,27508.0
-57996.0,27390.0
-57496.0,27240.0
-57264.0,27210.0
-57344.0,27238.0
-57964.0,27504.0
-57744.0,27332.0
-57852.0,27442.0
-58344.0,27516.0
-58072.0,27564.0
-57796.0,27388.0
-57656.0,27180.0
-57724.0,27262.0
-57548.0,27446.0
-57388.0,27232.0
-57444.0,27356.0
-57596.0,27162.0
-57272.0,27040.0
-57212.0,26924.0
-57128.0,26840.0
-57476.0,26940.0
-57248.0,26854.0
-57016.0,26744.0
-56768.0,26666.0
-57408.0,26842.0
-57464.0,26658.0
-57348.0,26418.0
-57632.0,26614.0
-58028.0,26902.0
-57772.0,26650.0
-57372.0,26826.0
-57584.0,26752.0
-57404.0,26690.0
-57196.0,26554.0
-56740.0,26252.0
-56796.0,26084.0
-56624.0,26088.0
-56380.0,25848.0
-56576.0,25968.0
-56840.0,26064.0
-56964.0,25984.0
-56816.0,26034.0
-56804.0,26312.0
-56844.0,26208.0
-57416.0,26204.0
-57200.0,26408.0
-57064.0,26166.0
-57136.0,26454.0
-57352.0,26792.0
-57648.0,26836.0
-57084.0,26666.0
-57124.0,26652.0
-57200.0,26358.0
-57560.0,26326.0
-57616.0,26230.0
-57904.0,26390.0
-58464.0,26372.0
-58600.0,26586.0
-57668.0,26282.0
-57248.0,25948.0
-57204.0,26024.0
-57192.0,26016.0
-56512.0,25680.0
-56864.0,25866.0
-56920.0,25902.0
-56764.0,26000.0
-56924.0,25940.0
-57196.0,26370.0
-57260.0,26264.0
-57576.0,26290.0
-57848.0,26392.0
-58112.0,26482.0
-57928.0,26500.0
-57512.0,26434.0
-57540.0,26572.0
-57420.0,26514.0
-57664.0,26584.0
-57784.0,26750.0
-58228.0,26752.0
-57832.0,26792.0
-57828.0,26876.0
-58324.0,26824.0
-57904.0,26934.0
-57516.0,26740.0
-56740.0,26388.0
-57100.0,26580.0
-57396.0,26596.0
-56912.0,26486.0
-56744.0,26416.0
-56872.0,26486.0
-57100.0,26392.0
-56792.0,26192.0
-57060.0,26000.0
-56724.0,25886.0
-56260.0,25514.0
-56460.0,25536.0
-56348.0,25582.0
-56692.0,25674.0
-57136.0,25778.0
-56656.0,25624.0
-56656.0,25476.0
-57136.0,25654.0
-57104.0,25510.0
-57336.0,25582.0
-57352.0,25704.0
-57048.0,25584.0
-56316.0,25128.0
-56856.0,25204.0
-56816.0,25314.0
-56932.0,25436.0
-56652.0,25260.0
-56736.0,25436.0
-57008.0,25532.0
-56484.0,25016.0
-56496.0,25080.0
-56556.0,25260.0
-56592.0,25198.0
-56200.0,24944.0
-56068.0,25038.0
-55900.0,24974.0
-55904.0,24808.0
-56188.0,24966.0
-55948.0,24912.0
-56024.0,24826.0
-56448.0,25126.0
-56460.0,25138.0
-56456.0,24924.0
-56576.0,25174.0
-56576.0,25016.0
-56860.0,24986.0
-57228.0,25050.0
-56776.0,25084.0
-56964.0,25170.0
-56468.0,24956.0
-56372.0,24944.0
-56048.0,24714.0
-56400.0,24620.0
-56176.0,24648.0
-56652.0,24922.0
-56548.0,24840.0
-56012.0,24892.0
-56700.0,25348.0
-56948.0,25520.0
-57028.0,25644.0
-57396.0,25602.0
-56356.0,25310.0
-56348.0,25258.0
-56656.0,25414.0
-56212.0,25612.0
-56824.0,25808.0
-57088.0,25996.0
-57284.0,25954.0
-57628.0,26224.0
-57368.0,26198.0
-57828.0,26406.0
-57572.0,26490.0
-57596.0,26814.0
-57540.0,26714.0
-57096.0,26678.0
-57404.0,26648.0
-57404.0,26578.0
-57660.0,26676.0
-57452.0,26760.0
-57400.0,26638.0
-57260.0,26528.0
-57192.0,26686.0
-57240.0,26724.0
-57364.0,26934.0
-57564.0,26832.0
-58224.0,27202.0
-57972.0,26862.0
-58224.0,26984.0
-58096.0,26840.0
-57820.0,26836.0
-57508.0,26620.0
-57304.0,26666.0
-57312.0,26488.0
-57312.0,26428.0
-57688.0,26560.0
-57908.0,26594.0
-57344.0,26520.0
-57364.0,26450.0
-58312.0,26620.0
-58060.0,26784.0
-57832.0,26756.0
-57488.0,26354.0
-57524.0,26336.0
-57028.0,26050.0
-56896.0,26174.0
-57080.0,26194.0
-56720.0,25816.0
-56444.0,26004.0
-56756.0,26150.0
-56796.0,26206.0
-57144.0,26054.0
-57416.0,26092.0
-57860.0,26118.0
-57360.0,26108.0
-57408.0,25946.0
-56992.0,25596.0
-57148.0,25396.0
-56740.0,25440.0
-56804.0,25566.0
-56908.0,25476.0
-56932.0,25548.0
-57032.0,25870.0
-56704.0,25692.0
-56564.0,25680.0
-56732.0,25882.0
-57268.0,26120.0
-57116.0,26090.0
-56840.0,25884.0
-56920.0,25836.0
-56752.0,25846.0
-56584.0,25862.0
-57088.0,25972.0
-57476.0,26214.0
-57280.0,26176.0
-57752.0,26362.0
-57904.0,26572.0
-58200.0,26618.0
-58192.0,26508.0
-58176.0,26426.0
-57836.0,26134.0
-57364.0,25942.0
-57216.0,25806.0
-57004.0,25726.0
-57516.0,25890.0
-57528.0,25842.0
-57196.0,25868.0
-57448.0,25980.0
-57452.0,25760.0
-57352.0,25712.0
-57148.0,25706.0
-57000.0,25414.0
-57256.0,25394.0
-57216.0,25502.0
-57316.0,25312.0
-57688.0,25422.0
-57460.0,25218.0
-57556.0,25328.0
-57440.0,25144.0
-57052.0,25320.0
-56848.0,25260.0
-56564.0,25298.0
-56640.0,25372.0
-56836.0,25588.0
-56760.0,25506.0
-56716.0,25796.0
-56832.0,25848.0
-57192.0,26200.0
-57404.0,26254.0
-57516.0,26096.0
-57616.0,26238.0
-57496.0,26238.0
-57420.0,26274.0
-58024.0,26308.0
-57832.0,26110.0
-58128.0,26288.0
-57476.0,26046.0
-57864.0,26034.0
-57796.0,26138.0
-57720.0,25942.0
-58004.0,25944.0
-58036.0,25776.0
-57884.0,25844.0
-57932.0,25970.0
-57512.0,25864.0
-57212.0,25746.0
-56956.0,25498.0
-56856.0,25216.0
-57540.0,25620.0
-57916.0,25756.0
-57824.0,25754.0
-58328.0,25932.0
-58416.0,25998.0
-58268.0,26048.0
-57968.0,25954.0
-58364.0,26458.0
-58200.0,26426.0
-57848.0,26190.0
-58328.0,26188.0
-58212.0,26222.0
-57940.0,26214.0
-57952.0,26288.0
-58072.0,26448.0
-58668.0,26740.0
-59052.0,26906.0
-58656.0,26800.0
-58132.0,26650.0
-58572.0,26674.0
-58944.0,26682.0
-58648.0,26430.0
-57744.0,26194.0
-57980.0,26114.0
-57492.0,25798.0
-57580.0,25914.0
-57580.0,25972.0
-58144.0,26062.0
-58328.0,26156.0
-58524.0,26202.0
-58056.0,25898.0
-58256.0,25828.0
-57772.0,25764.0
-58072.0,25926.0
-57896.0,25868.0
-57940.0,25714.0
-58092.0,25930.0
-57840.0,25626.0
-57612.0,25586.0
-57524.0,25382.0
-57624.0,25292.0
-57740.0,25392.0
-57944.0,25364.0
-57564.0,25468.0
-58032.0,25818.0
-57852.0,25734.0
-57856.0,25768.0
-57876.0,25676.0
-58456.0,25968.0
-58776.0,25998.0
-58636.0,26094.0
-58428.0,25936.0
-58160.0,25612.0
-58008.0,25358.0
-57880.0,25458.0
-57596.0,25316.0
-57588.0,25152.0
-56880.0,25002.0
-56720.0,25028.0
-57624.0,25292.0
-58300.0,25716.0
-58364.0,25504.0
-57856.0,25198.0
-57516.0,25158.0
-56984.0,24882.0
-56852.0,24682.0
-57048.0,24878.0
-56928.0,24826.0
-56876.0,24908.0
-56872.0,24642.0
-56616.0,24366.0
-57032.0,24674.0
-57148.0,24846.0
-57468.0,25088.0
-57668.0,25012.0
-57268.0,24932.0
-57240.0,25128.0
-57120.0,24864.0
-57288.0,25072.0
-57396.0,25162.0
-57964.0,25424.0
-57572.0,25250.0
-57140.0,24922.0
-57144.0,24690.0
-56736.0,24560.0
-56608.0,24698.0
-56432.0,24686.0
-56660.0,24682.0
-56908.0,25002.0
-57420.0,25088.0
-57148.0,25006.0
-57396.0,24966.0
-57948.0,25256.0
-57668.0,25208.0
-57192.0,25214.0
-57208.0,25298.0
-57212.0,25304.0
-57320.0,25386.0
-57140.0,25406.0
-57376.0,25508.0
-57032.0,25582.0
-57224.0,25588.0
-57080.0,25450.0
-57656.0,25732.0
-58064.0,25678.0
-58012.0,25658.0
-57764.0,25464.0
-57608.0,25464.0
-57304.0,25386.0
-57540.0,25480.0
-57408.0,25656.0
-57912.0,25974.0
-57940.0,25882.0
-57712.0,25754.0
-57468.0,25668.0
-57372.0,25414.0
-57592.0,25390.0
-57784.0,25624.0
-57288.0,25440.0
-57736.0,25432.0
-57712.0,25576.0
-57808.0,25996.0
-57488.0,25816.0
-57276.0,25702.0
-57708.0,25846.0
-57620.0,25750.0
-57600.0,25710.0
-57956.0,25730.0
-57464.0,25434.0
-57308.0,25568.0
-57276.0,25646.0
-57396.0,25414.0
-56956.0,25276.0
-56952.0,25308.0
-56436.0,25200.0
-56784.0,25516.0
-57104.0,25704.0
-57072.0,25820.0
-57348.0,25780.0
-57340.0,25816.0
-57152.0,25616.0
-56884.0,25590.0
-57048.0,25644.0
-57308.0,25680.0
-57704.0,25854.0
-57324.0,25484.0
-57928.0,25422.0
-57264.0,25186.0
-57240.0,25142.0
-57588.0,25184.0
-57732.0,25360.0
-57584.0,25190.0
-57560.0,25344.0
-57376.0,25180.0
-56556.0,25004.0
-56716.0,24874.0
-56752.0,24802.0
-57420.0,24998.0
-57484.0,25144.0
-57496.0,25030.0
-57132.0,24948.0
-56820.0,24914.0
-56968.0,25062.0
-57188.0,25170.0
-56872.0,25130.0
-56672.0,25136.0
-56944.0,25206.0
-57620.0,25414.0
-57324.0,25240.0
-57272.0,25212.0
-56900.0,25198.0
-56712.0,25106.0
-56804.0,25154.0
-56976.0,25088.0
-57436.0,25304.0
-57348.0,25206.0
-57092.0,25090.0
-57176.0,25116.0
-57196.0,25162.0
-56908.0,25334.0
-56676.0,25234.0
-56652.0,25294.0
-58140.0,25658.0
-57824.0,25708.0
-57644.0,25686.0
-57996.0,25952.0
-57644.0,25870.0
-57860.0,25964.0
-57860.0,25912.0
-57672.0,25944.0
-57328.0,25640.0
-57300.0,25510.0
-57272.0,25506.0
-57004.0,25492.0
-57252.0,25764.0
-57280.0,25506.0
-57148.0,25422.0
-57064.0,25236.0
-57092.0,25304.0
-56996.0,25326.0
-57296.0,25158.0
-56944.0,24914.0
-57120.0,25056.0
-57048.0,24902.0
-56780.0,24974.0
-56744.0,25052.0
-56444.0,24826.0
-56496.0,24780.0
-56828.0,25064.0
-57144.0,25244.0
-57412.0,25126.0
-57724.0,25240.0
-57320.0,25346.0
-57152.0,25204.0
-57400.0,25230.0
-57616.0,25366.0
-57148.0,25404.0
-57060.0,25326.0
-57664.0,25440.0
-57748.0,25438.0
-57580.0,25036.0
-57764.0,25218.0
-57308.0,25166.0
-57192.0,25012.0
-57764.0,25174.0
-57400.0,25172.0
-57440.0,25270.0
-57268.0,25188.0
-57020.0,25100.0
-57144.0,25002.0
-57068.0,25122.0
-57364.0,25310.0
-57796.0,25290.0
-58080.0,25140.0
-58208.0,25130.0
-57464.0,24940.0
-58032.0,25268.0
-57628.0,25088.0
-56960.0,24688.0
-57072.0,24642.0
-57236.0,24362.0
-57752.0,24464.0
-57480.0,24430.0
-57064.0,24426.0
-57272.0,24510.0
-57596.0,24702.0
-57268.0,24638.0
-57324.0,24688.0
-57600.0,24768.0
-58016.0,24810.0
-57916.0,24972.0
-57528.0,24766.0
-57404.0,24768.0
-57840.0,25158.0
-57248.0,24962.0
-56752.0,24800.0
-57488.0,24964.0
-57500.0,24896.0
-58076.0,24996.0
-58056.0,24930.0
-58116.0,24868.0
-57896.0,24812.0
-57360.0,24586.0
-57304.0,24410.0
-57448.0,24326.0
-57944.0,24566.0
-57812.0,24390.0
-57968.0,24630.0
-58324.0,24690.0
-58332.0,24610.0
-58004.0,24580.0
-57792.0,24570.0
-57472.0,24600.0
-57924.0,24514.0
-57224.0,24208.0
-57016.0,23786.0
-57248.0,23732.0
-57364.0,23766.0
-57240.0,23880.0
-57000.0,23734.0
-57072.0,23792.0
-57472.0,23958.0
-57348.0,23978.0
-57740.0,24156.0
-57568.0,24314.0
-57184.0,24106.0
-57916.0,24542.0
-57952.0,24596.0
-57908.0,24744.0
-57460.0,24766.0
-57728.0,24758.0
-57688.0,24842.0
-57300.0,24624.0
-57192.0,24600.0
-57696.0,24746.0
-57320.0,24544.0
-57652.0,24670.0
-57612.0,24722.0
-57536.0,24608.0
-57076.0,24560.0
-57304.0,24768.0
-57156.0,24542.0
-56520.0,24322.0
-56332.0,24364.0
-57048.0,24540.0
-57280.0,24474.0
-57584.0,24414.0
-57568.0,24374.0
-57068.0,24562.0
-56732.0,24450.0
-56748.0,24308.0
-57132.0,24392.0
-57708.0,24678.0
-57700.0,24744.0
-57396.0,24892.0
-57676.0,24790.0
-57140.0,24342.0
-57316.0,24212.0
-57300.0,24150.0
-57380.0,23976.0
-57624.0,24012.0
-57416.0,24052.0
-57540.0,24042.0
-57400.0,24108.0
-56960.0,24060.0
-57172.0,24058.0
-56672.0,23868.0
-56732.0,23806.0
-57108.0,23958.0
-57216.0,23956.0
-57780.0,24014.0
-57304.0,23976.0
-56972.0,23930.0
-57236.0,24008.0
-56932.0,23832.0
-57368.0,23812.0
-57204.0,23966.0
-57516.0,23942.0
-57504.0,24026.0
-56868.0,23912.0
-57392.0,24066.0
-57420.0,24062.0
-57536.0,23948.0
-57512.0,24062.0
-57096.0,24062.0
-57024.0,24140.0
-57244.0,24260.0
-56740.0,24144.0
-57108.0,24174.0
-57080.0,24110.0
-57080.0,24282.0
-57084.0,24470.0
-57400.0,24486.0
-57640.0,24580.0
-57636.0,24468.0
-57708.0,24458.0
-57960.0,24770.0
-57728.0,24890.0
-57812.0,24804.0
-57660.0,24680.0
-57664.0,24594.0
-57488.0,24728.0
-57908.0,24830.0
-57860.0,24930.0
-57960.0,24990.0
-58288.0,25342.0
-57940.0,25264.0
-57576.0,25130.0
-57292.0,25176.0
-57508.0,25210.0
-57288.0,25144.0
-57464.0,25152.0
-57100.0,24928.0
-57192.0,25022.0
-57432.0,24880.0
-57296.0,24942.0
-57596.0,25170.0
-57704.0,25236.0
-57476.0,24968.0
-57552.0,24916.0
-57628.0,24882.0
-58020.0,24982.0
-58120.0,25104.0
-57980.0,25230.0
-58364.0,25356.0
-57244.0,25120.0
-57776.0,24904.0
-57644.0,25018.0
-58096.0,25092.0
-58368.0,25564.0
-58260.0,25514.0
-57600.0,25600.0
-57680.0,25690.0
-57456.0,25420.0
-57904.0,25616.0
-57920.0,25436.0
-57508.0,25254.0
-57564.0,25310.0
-57696.0,25060.0
-57664.0,25194.0
-57864.0,25294.0
-57476.0,25356.0
-57468.0,25336.0
-57556.0,25288.0
-57500.0,25470.0
-57304.0,25560.0
-57368.0,25570.0
-57188.0,25338.0
-56972.0,25174.0
-57600.0,25436.0
-57552.0,25554.0
-57172.0,25244.0
-57116.0,24928.0
-56772.0,24744.0
-56732.0,24572.0
-56908.0,24568.0
-57224.0,24676.0
-57164.0,24884.0
-56812.0,24898.0
-57016.0,24962.0
-56936.0,24896.0
-56728.0,24752.0
-57000.0,24718.0
-56664.0,24576.0
-56636.0,24660.0
-56436.0,24294.0
-56468.0,24122.0
-56520.0,24086.0
-56764.0,24334.0
-57336.0,24316.0
-57344.0,24344.0
-56944.0,24454.0
-56316.0,24200.0
-56816.0,24458.0
-56328.0,24224.0
-56752.0,24000.0
-56608.0,24246.0
-56460.0,24114.0
-56988.0,24134.0
-56844.0,24288.0
-56736.0,24162.0
-56996.0,24384.0
-57320.0,24510.0
-57280.0,24280.0
-56964.0,24380.0
-57460.0,24648.0
-57256.0,24798.0
-57544.0,24704.0
-57692.0,24780.0
-57588.0,24808.0
-57364.0,24812.0
-57648.0,24704.0
-57588.0,24788.0
-57368.0,24712.0
-57708.0,24902.0
-58032.0,24966.0
-57692.0,24970.0
-57700.0,24876.0
-57896.0,24982.0
-57776.0,25160.0
-58040.0,25174.0
-57800.0,24962.0
-57744.0,25154.0
-57372.0,24956.0
-57628.0,25082.0
-57360.0,24998.0
-57036.0,24926.0
-57216.0,24970.0
-57204.0,25006.0
-57392.0,25272.0
-57008.0,25154.0
-56868.0,24982.0
-56336.0,24728.0
-56800.0,25050.0
-56600.0,24962.0
-56696.0,25044.0
-56692.0,25030.0
-56892.0,25130.0
-56836.0,25336.0
-56972.0,25594.0
-57420.0,25686.0
-57080.0,25548.0
-56768.0,25518.0
-56052.0,25516.0
-56612.0,25548.0
-56988.0,25654.0
-57056.0,25528.0
-57444.0,25708.0
-57080.0,25948.0
-57612.0,25848.0
-57304.0,25712.0
-57396.0,25828.0
-57332.0,25950.0
-57292.0,25898.0
-56636.0,25590.0
-56372.0,25374.0
-56364.0,25372.0
-56948.0,25424.0
-56984.0,25536.0
-57536.0,25564.0
-57396.0,25368.0
-57444.0,25064.0
-56924.0,24970.0
-57180.0,24964.0
-56916.0,24896.0
-56776.0,24684.0
-56436.0,24952.0
-56700.0,25076.0
-56892.0,25052.0
-57256.0,25092.0
-57500.0,25048.0
-57244.0,25230.0
-57440.0,25116.0
-57264.0,25004.0
-57148.0,25194.0
-57076.0,25304.0
-56800.0,24992.0
-56988.0,25054.0
-57256.0,25284.0
-56928.0,25134.0
-56840.0,25150.0
-57204.0,25340.0
-57548.0,25598.0
-57600.0,25610.0
-57500.0,25610.0
-57592.0,25548.0
-56820.0,25336.0
-56412.0,25310.0
-57516.0,25448.0
-57964.0,25512.0
-58360.0,25576.0
-58096.0,25386.0
-57344.0,25502.0
-57172.0,25408.0
-56984.0,25472.0
-57276.0,25550.0
-57732.0,25634.0
-57844.0,25790.0
-57772.0,25582.0
-57692.0,25492.0
-57640.0,25490.0
-57564.0,25694.0
-57172.0,25512.0
-57148.0,25656.0
-57252.0,25542.0
-56984.0,25604.0
-56820.0,25466.0
-56992.0,25324.0
-57180.0,25338.0
-57492.0,25560.0
-57036.0,25530.0
-56584.0,25296.0
-56912.0,25554.0
-57212.0,25660.0
-57052.0,25508.0
-56824.0,25470.0
-56776.0,25246.0
-57016.0,25348.0
-56416.0,25230.0
-56976.0,25460.0
-56736.0,25126.0
-56844.0,25156.0
-56580.0,24848.0
-57124.0,25138.0
-57456.0,25296.0
-57320.0,25310.0
-56840.0,25042.0
-56644.0,25122.0
-57076.0,25206.0
-56608.0,24964.0
-57076.0,25138.0
-56676.0,24930.0
-56768.0,25234.0
-56356.0,24918.0
-56596.0,24594.0
-56692.0,24780.0
-56712.0,24886.0
-56912.0,24708.0
-56780.0,24652.0
-56788.0,24646.0
-57292.0,24946.0
-57228.0,24640.0
-56748.0,24720.0
-56484.0,24546.0
-56052.0,24396.0
-56036.0,24392.0
-56516.0,24556.0
-56524.0,24302.0
-56160.0,24208.0
-56060.0,24038.0
-56408.0,24190.0
-56348.0,24022.0
-56248.0,23978.0
-56540.0,24140.0
-56832.0,24536.0
-56744.0,24484.0
-56968.0,24566.0
-56328.0,24346.0
-56224.0,24516.0
-56356.0,24690.0
-56696.0,24692.0
-56760.0,24886.0
-56728.0,25096.0
-57184.0,25398.0
-57008.0,25488.0
-56648.0,25150.0
-57020.0,25398.0
-57384.0,25596.0
-57396.0,25474.0
-57424.0,25506.0
-57640.0,25542.0
-57660.0,25570.0
-57256.0,25586.0
-57516.0,25678.0
-57544.0,25660.0
-57272.0,25474.0
-56960.0,25228.0
-57088.0,25374.0
-56832.0,25324.0
-56976.0,25234.0
-57052.0,25188.0
-57296.0,25252.0
-57512.0,25274.0
-57012.0,25238.0
-57080.0,25128.0
-57252.0,25300.0
-57700.0,25392.0
-57524.0,25378.0
-57488.0,25392.0
-57188.0,25284.0
-56760.0,25200.0
-57112.0,25078.0
-56652.0,24968.0
-56652.0,25018.0
-57184.0,25272.0
-57000.0,25268.0
-56876.0,25252.0
-56848.0,25164.0
-57052.0,25186.0
-57188.0,25224.0
-57508.0,25528.0
-57120.0,25522.0
-57532.0,25596.0
-57780.0,25734.0
-57028.0,25208.0
-57420.0,25218.0
-56808.0,24926.0
-56896.0,24558.0
-56920.0,24790.0
-57004.0,24598.0
-57136.0,24568.0
-56604.0,24364.0
-56964.0,24654.0
-56940.0,24790.0
-57108.0,24938.0
-56864.0,24934.0
-57116.0,24942.0
-57560.0,25014.0
-57368.0,25282.0
-56972.0,25284.0
-56464.0,25060.0
-56568.0,24928.0
-56984.0,25106.0
-57180.0,25172.0
-57044.0,24954.0
-57140.0,25236.0
-57168.0,25210.0
-57328.0,25326.0
-57536.0,25316.0
-56988.0,25454.0
-57248.0,25316.0
-57960.0,25430.0
-57448.0,25204.0
-57792.0,25654.0
-57716.0,25574.0
-56716.0,25210.0
-56672.0,25374.0
-57020.0,25184.0
-57500.0,25500.0
-57400.0,25462.0
-57440.0,25508.0
-57444.0,25502.0
-57732.0,25504.0
-57468.0,25510.0
-57484.0,25432.0
-56996.0,25412.0
-57496.0,25792.0
-57688.0,25648.0
-57332.0,25386.0
-57384.0,25514.0
-56976.0,25302.0
-57344.0,25408.0
-56892.0,25302.0
-57060.0,25162.0
-56948.0,24806.0
-56896.0,24776.0
-57044.0,24880.0
-57116.0,24922.0
-57012.0,25024.0
-57468.0,25114.0
-57496.0,25360.0
-57512.0,25056.0
-57116.0,24962.0
-56540.0,24930.0
-56848.0,25218.0
-56968.0,25340.0
-57240.0,25398.0
-57284.0,25426.0
-57248.0,25492.0
-57176.0,25366.0
-57300.0,25778.0
-57548.0,26000.0
-57768.0,25756.0
-57424.0,25950.0
-56828.0,25652.0
-57136.0,25478.0
-57060.0,25498.0
-57688.0,25662.0
-57032.0,25154.0
-57056.0,25330.0
-57640.0,25502.0
-57408.0,25336.0
-57388.0,25280.0
-57396.0,25420.0
-57832.0,25576.0
-57692.0,25462.0
-57612.0,25236.0
-57484.0,25384.0
-57636.0,25488.0
-57244.0,25250.0
-56792.0,25032.0
-56444.0,24924.0
-56852.0,25214.0
-57044.0,25310.0
-57212.0,25162.0
-57176.0,24954.0
-56908.0,24780.0
-57016.0,24744.0
-57544.0,24902.0
-57872.0,25088.0
-57648.0,25000.0
-57640.0,24944.0
-56972.0,24776.0
-57508.0,24974.0
-57492.0,25036.0
-57476.0,25010.0
-58300.0,25228.0
-58144.0,25092.0
-57828.0,25274.0
-57932.0,25168.0
-57832.0,25014.0
-57348.0,24880.0
-57096.0,24736.0
-56940.0,24632.0
-57584.0,24774.0
-57564.0,24802.0
-57948.0,24662.0
-58228.0,24870.0
-58100.0,24818.0
-57592.0,24844.0
-57560.0,24914.0
-57396.0,25172.0
-57644.0,25222.0
-57540.0,25168.0
-57676.0,25232.0
-57548.0,25154.0
-57900.0,25342.0
-57896.0,25538.0
-57440.0,25398.0
-57556.0,25452.0
-57816.0,25358.0
-58148.0,25606.0
-57788.0,25614.0
-57508.0,25590.0
-57292.0,25422.0
-57444.0,25736.0
-57436.0,25654.0
-57480.0,25668.0
-57580.0,25694.0
-57860.0,25628.0
-58056.0,25890.0
-58224.0,25816.0
-58432.0,26072.0
-58700.0,26116.0
-58192.0,25964.0
-57392.0,25568.0
-57408.0,25486.0
-57816.0,25764.0
-57412.0,25496.0
-57260.0,25220.0
-57836.0,25332.0
-57908.0,25312.0
-57764.0,25344.0
-57392.0,25046.0
-57260.0,25142.0
-57528.0,25112.0
-57684.0,25224.0
-57880.0,25210.0
-57692.0,25210.0
-57876.0,25378.0
-57852.0,25298.0
-57472.0,25322.0
-57680.0,25328.0
-57936.0,25352.0
-58084.0,25556.0
-57672.0,25412.0
-57708.0,25426.0
-56992.0,25224.0
-57348.0,25426.0
-57168.0,25250.0
-56872.0,25102.0
-56736.0,25112.0
-56592.0,24772.0
-56508.0,24662.0
-56996.0,24620.0
-56572.0,24506.0
-56708.0,24714.0
-56720.0,24598.0
-56748.0,24422.0
-56672.0,24526.0
-56312.0,24524.0
-56460.0,24542.0
-56096.0,24282.0
-56300.0,24200.0
-56580.0,24330.0
-56608.0,24338.0
-56440.0,24260.0
-56568.0,24134.0
-56308.0,24058.0
-56372.0,23980.0
-56472.0,23996.0
-56616.0,23926.0
-56560.0,23828.0
-56528.0,23824.0
-57168.0,24030.0
-57424.0,23960.0
-57292.0,23972.0
-56952.0,23770.0
-56948.0,23686.0
-56880.0,23624.0
-57100.0,23600.0
-57552.0,24178.0
-57768.0,24340.0
-57440.0,24406.0
-57456.0,24254.0
-56892.0,24202.0
-56748.0,23910.0
-57272.0,24220.0
-56996.0,24224.0
-56876.0,24308.0
-56892.0,24300.0
-56912.0,24176.0
-56856.0,24146.0
-56816.0,24642.0
-56820.0,24526.0
-57088.0,24608.0
-56948.0,24828.0
-57588.0,24950.0
-57184.0,24838.0
-57116.0,24786.0
-57428.0,24982.0
-57896.0,25000.0
-57376.0,24888.0
-57340.0,24832.0
-57068.0,24590.0
-57060.0,24524.0
-57612.0,24552.0
-57052.0,24288.0
-56792.0,24208.0
-56656.0,24150.0
-56704.0,24292.0
-56660.0,24114.0
-56596.0,24310.0
-56228.0,24076.0
-56568.0,24502.0
-56904.0,24738.0
-57052.0,24972.0
-57672.0,25256.0
-57264.0,25216.0
-57704.0,25504.0
-57560.0,25518.0
-57244.0,25462.0
-57204.0,25322.0
-56944.0,25072.0
-56408.0,24950.0
-56664.0,24908.0
-57028.0,25084.0
-56676.0,25052.0
-56780.0,25196.0
-56660.0,25206.0
-57380.0,25358.0
-57544.0,25440.0
-57492.0,25468.0
-57548.0,25564.0
-57272.0,25520.0
-57020.0,25380.0
-57636.0,25712.0
-58180.0,25880.0
-57964.0,25970.0
-58092.0,25922.0
-57536.0,25826.0
-57828.0,26078.0
-57352.0,25872.0
-57428.0,25936.0
-58156.0,25986.0
-58108.0,25968.0
-57800.0,25796.0
-57712.0,25836.0
-57432.0,25530.0
-56976.0,25096.0
-57308.0,25406.0
-57168.0,25556.0
-57056.0,25620.0
-57180.0,25634.0
-56820.0,25364.0
-56620.0,25242.0
-56840.0,25320.0
-57288.0,25788.0
-57440.0,25952.0
-57744.0,26268.0
-57500.0,26104.0
-57616.0,26114.0
-57272.0,25864.0
-57452.0,25846.0
-57724.0,26048.0
-57728.0,25982.0
-58148.0,25838.0
-57760.0,25614.0
-57172.0,25476.0
-57124.0,25402.0
-56684.0,25410.0
-56916.0,25518.0
-57292.0,25552.0
-57368.0,25554.0
-57620.0,25800.0
-57300.0,25604.0
-57068.0,25674.0
-57452.0,25606.0
-57480.0,25504.0
-57688.0,25674.0
-57000.0,25498.0
-57044.0,25618.0
-57480.0,25812.0
-57504.0,25574.0
-58048.0,25780.0
-58132.0,26030.0
-57268.0,25370.0
-57548.0,25522.0
-57812.0,25762.0
-57552.0,25620.0
-57316.0,25572.0
-57520.0,25598.0
-56884.0,25440.0
-57128.0,25596.0
-57060.0,25498.0
-57220.0,25686.0
-57184.0,25594.0
-56676.0,25494.0
-56880.0,25714.0
-56816.0,25464.0
-57156.0,25820.0
-57196.0,25862.0
-57112.0,25822.0
-57568.0,25938.0
-57720.0,26252.0
-57572.0,26082.0
-56992.0,25892.0
-57260.0,26022.0
-57108.0,25732.0
-56876.0,25738.0
-56760.0,25600.0
-57084.0,25674.0
-57012.0,25804.0
-56808.0,25726.0
-57328.0,25860.0
-57392.0,26132.0
-57568.0,26032.0
-57376.0,26192.0
-57540.0,26484.0
-57616.0,26764.0
-57176.0,26572.0
-57664.0,26566.0
-57852.0,26562.0
-57624.0,26472.0
-57340.0,26426.0
-57724.0,26602.0
-57668.0,26644.0
-57816.0,26814.0
-57516.0,26746.0
-57656.0,27016.0
-57608.0,26744.0
-57812.0,26778.0
-57976.0,26914.0
-57884.0,26950.0
-57908.0,27048.0
-58220.0,27040.0
-58164.0,26926.0
-58512.0,27084.0
-57852.0,26690.0
-58092.0,27002.0
-58732.0,27294.0
-58324.0,27024.0
-58404.0,27116.0
-57912.0,26678.0
-58128.0,26570.0
-58328.0,26690.0
-58000.0,26406.0
-57860.0,26422.0
-57512.0,26228.0
-57916.0,26536.0
-57672.0,26670.0
-57496.0,26396.0
-57396.0,26242.0
-57356.0,26050.0
-56892.0,25856.0
-56900.0,25696.0
-57116.0,25764.0
-56980.0,25518.0
-57084.0,25526.0
-57244.0,25328.0
-56800.0,25530.0
-57100.0,25396.0
-56844.0,25300.0
-57304.0,25272.0
-57160.0,25552.0
-57000.0,25374.0
-57048.0,25356.0
-57760.0,25684.0
-57344.0,25718.0
-57260.0,25682.0
-56848.0,25696.0
-56860.0,25900.0
-57600.0,26096.0
-57928.0,26432.0
-57780.0,26300.0
-57564.0,26380.0
-57236.0,26430.0
-57228.0,26320.0
-56884.0,25954.0
-56388.0,25854.0
-56912.0,26004.0
-57008.0,26102.0
-57504.0,26400.0
-57604.0,26674.0
-57916.0,26612.0
-57948.0,26878.0
-58460.0,27168.0
-58556.0,27128.0
-58616.0,27166.0
-58184.0,27132.0
-58396.0,27266.0
-58472.0,27138.0
-58260.0,27214.0
-58140.0,27056.0
-58324.0,27016.0
-58260.0,26942.0
-57996.0,26830.0
-58188.0,26990.0
-58188.0,26978.0
-58200.0,26938.0
-57728.0,26778.0
-58256.0,27028.0
-57812.0,27026.0
-58408.0,27254.0
-58256.0,27076.0
-58296.0,27240.0
-57688.0,27170.0
-57836.0,26946.0
-58092.0,26998.0
-58324.0,27282.0
-58488.0,27374.0
-58504.0,27284.0
-58248.0,27340.0
-58664.0,27466.0
-57936.0,27020.0
-57700.0,26640.0
-57556.0,26740.0
-57320.0,26616.0
-57564.0,26492.0
-57384.0,26330.0
-57244.0,26350.0
-57796.0,26576.0
-57984.0,26656.0
-57628.0,26514.0
-57736.0,26648.0
-57600.0,26680.0
-57552.0,26790.0
-57340.0,26730.0
-57488.0,27046.0
-57384.0,26994.0
-57588.0,27180.0
-57316.0,27278.0
-57672.0,27286.0
-57796.0,27494.0
-57780.0,27444.0
-57520.0,27208.0
-57920.0,27304.0
-57312.0,26972.0
-57476.0,27086.0
-57016.0,26952.0
-57320.0,27100.0
-57372.0,26856.0
-57832.0,27240.0
-57720.0,27444.0
-58264.0,27292.0
-58436.0,27162.0
-58152.0,27034.0
-58328.0,27200.0
-58172.0,27172.0
-58104.0,26846.0
-57964.0,26844.0
-57552.0,26496.0
-57296.0,26482.0
-57628.0,26648.0
-57624.0,26724.0
-57648.0,26744.0
-57356.0,26692.0
-57036.0,26654.0
-56748.0,26372.0
-57120.0,26700.0
-57404.0,26656.0
-57160.0,26634.0
-57128.0,26560.0
-57324.0,26588.0
-57564.0,26658.0
-57584.0,26570.0
-57792.0,26386.0
-58008.0,26648.0
-58248.0,26802.0
-57564.0,26734.0
-57708.0,26726.0
-57676.0,26566.0
-57428.0,26354.0
-57156.0,26092.0
-57568.0,26252.0
-57280.0,26144.0
-56848.0,25902.0
-57252.0,26052.0
-57684.0,26284.0
-57512.0,25942.0
-57508.0,26088.0
-56840.0,25622.0
-55912.0,25284.0
-56000.0,25256.0
-56192.0,25496.0
-56664.0,25612.0
-56372.0,25628.0
-56880.0,25902.0
-56248.0,25412.0
-56592.0,25568.0
-56872.0,25606.0
-57320.0,25828.0
-57380.0,25858.0
-57500.0,25998.0
-57596.0,26140.0
-57260.0,26108.0
-56716.0,25838.0
-57072.0,25864.0
-57448.0,25966.0
-57228.0,25908.0
-57096.0,25956.0
-56844.0,25976.0
-56736.0,25666.0
-56688.0,25466.0
-56832.0,25346.0
-56792.0,25228.0
-56232.0,25026.0
-56772.0,25590.0
-57040.0,25668.0
-56996.0,25764.0
-57172.0,25826.0
-57140.0,25852.0
-56928.0,25800.0
-56984.0,25824.0
-56924.0,25586.0
-56952.0,25572.0
-56648.0,25580.0
-55884.0,25266.0
-56664.0,25388.0
-56744.0,25560.0
-57116.0,25374.0
-56660.0,25118.0
-56776.0,25354.0
-56168.0,25230.0
-56576.0,25410.0
-56824.0,25638.0
-56900.0,25702.0
-56884.0,25684.0
-56732.0,25708.0
-56612.0,25792.0
-56592.0,25996.0
-56056.0,25868.0
-56648.0,25714.0
-56428.0,25548.0
-56796.0,25642.0
-56800.0,25556.0
-56928.0,25524.0
-56840.0,25556.0
-56992.0,25578.0
-56732.0,25530.0
-56868.0,25436.0
-56964.0,25330.0
-57016.0,25464.0
-56996.0,25658.0
-57196.0,25712.0
-57252.0,25576.0
-57668.0,25558.0
-57400.0,25572.0
-57908.0,25736.0
-57640.0,25648.0
-57424.0,25804.0
-57484.0,25752.0
-57380.0,25966.0
-57940.0,26270.0
-58340.0,26402.0
-58208.0,26396.0
-58152.0,26434.0
-58084.0,26194.0
-58052.0,26230.0
-58000.0,26352.0
-57964.0,26566.0
-58436.0,26536.0
-58260.0,26358.0
-58692.0,26516.0
-58704.0,26466.0
-58776.0,26508.0
-58448.0,26208.0
-57896.0,25954.0
-57644.0,25858.0
-57400.0,25872.0
-57916.0,25888.0
-57936.0,25964.0
-57968.0,25862.0
-57612.0,25642.0
-57792.0,25692.0
-58208.0,25734.0
-58096.0,25802.0
-57404.0,25478.0
-57980.0,25660.0
-57780.0,25458.0
-57600.0,25414.0
-57984.0,25706.0
-57916.0,25532.0
-57928.0,25394.0
-57968.0,25524.0
-57020.0,25234.0
-57548.0,25426.0
-58124.0,25508.0
-58324.0,25512.0
-58008.0,25312.0
-57784.0,25324.0
-57944.0,25124.0
-58152.0,25208.0
-57404.0,25000.0
-57768.0,25086.0
-57540.0,25134.0
-57608.0,25148.0
-57228.0,25064.0
-57824.0,25322.0
-57404.0,25294.0
-57708.0,25470.0
-57196.0,25420.0
-57196.0,25294.0
-56980.0,25296.0
-57224.0,25554.0
-57600.0,25406.0
-57464.0,25320.0
-57148.0,25098.0
-56996.0,25132.0
-57364.0,25084.0
-57340.0,25040.0
-56676.0,24672.0
-56792.0,24680.0
-57060.0,24704.0
-57304.0,24762.0
-56584.0,24700.0
-56984.0,24850.0
-56504.0,24828.0
-56300.0,24434.0
-56032.0,24362.0
-56168.0,24266.0
-55992.0,24164.0
-55704.0,23988.0
-56140.0,24344.0
-56824.0,24746.0
-56328.0,24924.0
-56500.0,25108.0
-56692.0,25028.0
-56864.0,25194.0
-56840.0,25214.0
-57056.0,25270.0
-56736.0,25132.0
-56492.0,25004.0
-56484.0,24788.0
-56736.0,24690.0
-57000.0,24922.0
-56588.0,24978.0
-56708.0,24948.0
-56608.0,24986.0
-56768.0,24974.0
-56984.0,24986.0
-57128.0,25058.0
-57172.0,25072.0
-56964.0,25076.0
-56756.0,24906.0
-56584.0,24774.0
-56912.0,25194.0
-56740.0,25132.0
-56592.0,25344.0
-55920.0,25406.0
-56228.0,25510.0
-56264.0,25470.0
-56688.0,25584.0
-56928.0,25784.0
-56552.0,25756.0
-56728.0,25730.0
-56576.0,25414.0
-56096.0,25334.0
-56044.0,25398.0
-56084.0,25214.0
-56704.0,25292.0
-56156.0,25232.0
-56768.0,25300.0
-56428.0,25066.0
-56896.0,25160.0
-56940.0,25190.0
-56452.0,24938.0
-56496.0,25004.0
-56276.0,24860.0
-56688.0,24830.0
-56572.0,24824.0
-56704.0,25036.0
-56628.0,25204.0
-56700.0,25384.0
-56516.0,25674.0
-56600.0,25712.0
-56764.0,25550.0
-56708.0,25500.0
-56372.0,25200.0
-56864.0,25384.0
-56972.0,25408.0
-56564.0,25384.0
-56728.0,25646.0
-57196.0,25646.0
-56852.0,25614.0
-56492.0,25590.0
-56192.0,25236.0
-56236.0,24982.0
-56436.0,25128.0
-56604.0,25180.0
-57092.0,25458.0
-56872.0,25282.0
-57392.0,25324.0
-56740.0,25106.0
-56448.0,24880.0
-56672.0,25074.0
-56332.0,25052.0
-56120.0,24998.0
-56400.0,25140.0
-56944.0,25346.0
-56876.0,25348.0
-57104.0,25584.0
-57232.0,25492.0
-57252.0,25558.0
-57204.0,25680.0
-57372.0,25874.0
-57412.0,26062.0
-57200.0,25972.0
-57296.0,25984.0
-57536.0,26042.0
-57568.0,25830.0
-57672.0,25842.0
-57180.0,25752.0
-56844.0,25524.0
-56708.0,25202.0
-56712.0,25164.0
-56636.0,25110.0
-56784.0,25048.0
-56948.0,25334.0
-57072.0,25410.0
-56844.0,25398.0
-57060.0,25618.0
-57384.0,25664.0
-57020.0,25800.0
-56720.0,25864.0
-57192.0,26042.0
-57440.0,26056.0
-57540.0,26058.0
-57432.0,26098.0
-57832.0,26204.0
-57400.0,25812.0
-57524.0,25968.0
-57168.0,25834.0
-57312.0,26178.0
-57576.0,26220.0
-57560.0,26322.0
-57888.0,26484.0
-57816.0,26468.0
-57912.0,26526.0
-57824.0,26384.0
-57964.0,26518.0
-57980.0,26374.0
-57828.0,26232.0
-57816.0,26398.0
-57760.0,26298.0
-57788.0,26308.0
-57600.0,26422.0
-58044.0,26636.0
-57700.0,26688.0
-57596.0,26624.0
-57996.0,26582.0
-57932.0,26600.0
-58040.0,26662.0
-58148.0,26758.0
-57736.0,26624.0
-57360.0,26366.0
-57208.0,26332.0
-57476.0,26418.0
-58316.0,26732.0
-58600.0,26870.0
-58792.0,27042.0
-58476.0,26884.0
-58112.0,26756.0
-57864.0,26782.0
-57872.0,26940.0
-57952.0,27246.0
-57328.0,27096.0
-58204.0,27434.0
-58680.0,27752.0
-58604.0,27516.0
-58572.0,27714.0
-58108.0,27514.0
-58148.0,27516.0
-58028.0,27434.0
-58008.0,27458.0
-58524.0,27588.0
-58128.0,27408.0
-58824.0,27710.0
-58444.0,27624.0
-58252.0,27624.0
-57972.0,27582.0
-58032.0,27564.0
-58796.0,27768.0
-58664.0,27776.0
-58468.0,28006.0
-58464.0,27916.0
-58636.0,27826.0
-58680.0,27714.0
-58328.0,27860.0
-57968.0,27676.0
-57704.0,27496.0
-58144.0,27760.0
-58500.0,27650.0
-58220.0,27636.0
-58292.0,27588.0
-58312.0,27676.0
-58196.0,27618.0
-57716.0,27236.0
-57324.0,27108.0
-57948.0,27312.0
-58236.0,27228.0
-57968.0,27178.0
-58044.0,27100.0
-58500.0,27238.0
-58040.0,27368.0
-57980.0,27454.0
-58184.0,27416.0
-57864.0,27480.0
-57624.0,27466.0
-58256.0,27612.0
-57996.0,27662.0
-57952.0,27530.0
-57796.0,27212.0
-57440.0,27114.0
-58072.0,27224.0
-57768.0,26958.0
-57328.0,26846.0
-57684.0,26786.0
-57464.0,26822.0
-57536.0,26732.0
-58164.0,26712.0
-57560.0,26744.0
-57188.0,26578.0
-57940.0,26818.0
-58484.0,27192.0
-58456.0,27250.0
-58360.0,26898.0
-58600.0,27200.0
-58220.0,27232.0
-57852.0,27054.0
-57564.0,26834.0
-57188.0,26730.0
-57480.0,27040.0
-57984.0,27412.0
-58172.0,27548.0
-57840.0,27144.0
-57544.0,27142.0
-58408.0,27530.0
-58236.0,27398.0
-58452.0,27262.0
-58316.0,27306.0
-58024.0,27306.0
-58376.0,27274.0
-58212.0,27324.0
-58424.0,27402.0
-58620.0,27514.0
-58232.0,27318.0
-58348.0,27232.0
-57788.0,27102.0
-57416.0,26976.0
-57568.0,27028.0
-57432.0,26828.0
-57492.0,26696.0
-57688.0,26788.0
-58020.0,26958.0
-57696.0,26856.0
-57584.0,27062.0
-57896.0,26848.0
-57960.0,26896.0
-57604.0,26924.0
-57500.0,26998.0
-57364.0,26972.0
-57956.0,27028.0
-57568.0,26652.0
-57580.0,26604.0
-57516.0,26442.0
-57804.0,26434.0
-57720.0,26550.0
-58036.0,26500.0
-57988.0,26314.0
-58144.0,26306.0
-58004.0,26148.0
-57388.0,26052.0
-57440.0,26244.0
-57164.0,26204.0
-56996.0,25940.0
-57064.0,25958.0
-57308.0,26060.0
-57168.0,25920.0
-57184.0,25896.0
-56772.0,25668.0
-56964.0,25550.0
-57368.0,25642.0
-57448.0,25862.0
-57488.0,25782.0
-57348.0,26062.0
-57772.0,26200.0
-57488.0,26114.0
-57516.0,26292.0
-57416.0,26138.0
-57036.0,25962.0
-57160.0,25804.0
-57272.0,25842.0
-57360.0,25804.0
-57364.0,25746.0
-57528.0,25728.0
-57336.0,25708.0
-57244.0,25650.0
-57540.0,25834.0
-57048.0,25610.0
-57296.0,25606.0
-57060.0,25482.0
-57220.0,25608.0
-57708.0,25850.0
-56912.0,25670.0
-57224.0,25754.0
-57268.0,25668.0
-57024.0,25494.0
-57260.0,25360.0
-56980.0,25354.0
-57216.0,25468.0
-57108.0,25536.0
-57316.0,25580.0
-57396.0,25940.0
-57428.0,25810.0
-57868.0,25788.0
-57536.0,25454.0
-57500.0,25392.0
-57224.0,25112.0
-56972.0,25126.0
-57340.0,25372.0
-57992.0,25624.0
-57560.0,25820.0
-57416.0,25682.0
-57360.0,25636.0
-57000.0,25270.0
-56732.0,25166.0
-57300.0,25358.0
-56880.0,25364.0
-57376.0,25442.0
-57112.0,25482.0
-57068.0,25268.0
-57480.0,25230.0
-57420.0,25344.0
-57664.0,25592.0
-57620.0,25422.0
-57444.0,25166.0
-57352.0,25244.0
-57188.0,25238.0
-56840.0,24818.0
-56068.0,24464.0
-56144.0,24576.0
-55960.0,24198.0
-56312.0,24406.0
-56516.0,24216.0
-56060.0,24094.0
-56544.0,23966.0
-56224.0,23742.0
-56196.0,23820.0
-55868.0,24012.0
-56036.0,24030.0
-56084.0,23666.0
-55836.0,23784.0
-55740.0,23878.0
-55800.0,23648.0
-55712.0,23474.0
-56340.0,23492.0
-56492.0,23670.0
-56800.0,23772.0
-57352.0,23904.0
-57464.0,23894.0
-57224.0,24040.0
-57440.0,24214.0
-57892.0,24338.0
-57376.0,24194.0
-56788.0,24148.0
-56652.0,24302.0
-56832.0,24258.0
-56428.0,24186.0
-56216.0,24082.0
-56492.0,24312.0
-56572.0,24538.0
-56468.0,24190.0
-56500.0,24182.0
-56432.0,24348.0
-56600.0,24294.0
-57192.0,24436.0
-57224.0,24570.0
-57352.0,24778.0
-57428.0,24894.0
-57540.0,24812.0
-57472.0,24728.0
-57076.0,24536.0
-57076.0,24466.0
-57104.0,24410.0
-57116.0,24598.0
-57116.0,24832.0
-57276.0,24990.0
-57460.0,25006.0
-57552.0,24904.0
-58000.0,24926.0
-57500.0,25062.0
-57532.0,24932.0
-57968.0,25148.0
-57680.0,24930.0
-57772.0,25210.0
-57272.0,25016.0
-57736.0,25338.0
-57640.0,25224.0
-57836.0,25286.0
-57624.0,25346.0
-58188.0,25560.0
-58352.0,25632.0
-58372.0,25598.0
-58180.0,25364.0
-58220.0,25578.0
-58668.0,25708.0
-58400.0,25770.0
-58188.0,25762.0
-58332.0,25768.0
-58220.0,25678.0
-58180.0,25788.0
-57712.0,25512.0
-57700.0,25448.0
-57572.0,25364.0
-57496.0,25208.0
-57388.0,25242.0
-57620.0,25260.0
-57372.0,25338.0
-58112.0,25578.0
-57896.0,25658.0
-57956.0,25696.0
-58040.0,25706.0
-57908.0,25744.0
-58020.0,25906.0
-57628.0,25924.0
-57596.0,25902.0
-57788.0,25808.0
-58200.0,25892.0
-58524.0,25946.0
-58516.0,25888.0
-58360.0,26112.0
-58020.0,25984.0
-58188.0,26242.0
-58140.0,26312.0
-57768.0,26232.0
-58268.0,26330.0
-58300.0,26514.0
-58224.0,26576.0
-57572.0,26266.0
-57580.0,26470.0
-57596.0,26352.0
-57348.0,26230.0
-57528.0,26306.0
-57584.0,26380.0
-57248.0,26228.0
-57572.0,26408.0
-58120.0,26472.0
-57908.0,26348.0
-58536.0,26636.0
-58336.0,26618.0
-58044.0,26536.0
-57484.0,26524.0
-57960.0,26662.0
-57948.0,26672.0
-58252.0,26790.0
-57600.0,26430.0
-57396.0,26250.0
-57552.0,26170.0
-57196.0,26212.0
-57572.0,26166.0
-57932.0,26326.0
-57812.0,26162.0
-57772.0,26192.0
-57564.0,25988.0
-57576.0,26128.0
-57552.0,26184.0
-57552.0,26236.0
-57388.0,25930.0
-57348.0,25694.0
-57236.0,25552.0
-56964.0,25596.0
-57440.0,25848.0
-57480.0,25882.0
-58116.0,26180.0
-58324.0,25996.0
-58180.0,25796.0
-58152.0,25790.0
-57828.0,25756.0
-57224.0,25330.0
-57832.0,25666.0
-58252.0,25862.0
-58260.0,25830.0
-58152.0,25816.0
-58032.0,25698.0
-57212.0,25432.0
-57304.0,25452.0
-57064.0,25360.0
-56976.0,25254.0
-57156.0,25170.0
-57056.0,25026.0
-57068.0,25154.0
-57048.0,24762.0
-56852.0,24604.0
-56824.0,24758.0
-56608.0,24782.0
-56968.0,24978.0
-56764.0,24796.0
-56612.0,24806.0
-56536.0,24884.0
-56816.0,24726.0
-57040.0,24896.0
-56968.0,24838.0
-57088.0,24962.0
-57220.0,24960.0
-57368.0,25026.0
-57084.0,24878.0
-57192.0,24934.0
-57160.0,24880.0
-57112.0,24926.0
-56944.0,24564.0
-56692.0,24804.0
-56172.0,24576.0
-56620.0,24548.0
-56780.0,24500.0
-56220.0,24292.0
-56172.0,24346.0
-56204.0,24554.0
-57020.0,24928.0
-57120.0,25004.0
-57228.0,25144.0
-57644.0,25502.0
-58092.0,25512.0
-57960.0,25530.0
-57804.0,25504.0
-57600.0,25614.0
-57336.0,25464.0
-56616.0,25352.0
-57556.0,25346.0
-57072.0,25238.0
-57424.0,25376.0
-58088.0,25574.0
-57888.0,25592.0
-57672.0,25592.0
-57292.0,25788.0
-57744.0,25792.0
-57876.0,25708.0
-58140.0,26030.0
-58084.0,26170.0
-57780.0,26122.0
-57864.0,26186.0
-58096.0,26278.0
-58360.0,26270.0
-57668.0,26104.0
-57748.0,26024.0
-57772.0,26076.0
-58000.0,26208.0
-58232.0,26108.0
-58072.0,25904.0
-57976.0,26050.0
-58140.0,26142.0
-58064.0,26300.0
-57880.0,26298.0
-57728.0,26266.0
-57720.0,26038.0
-58064.0,26312.0
-58268.0,26260.0
-57992.0,26216.0
-57952.0,25886.0
-58128.0,25716.0
-57684.0,25414.0
-57756.0,25308.0
-57680.0,25390.0
-58592.0,25574.0
-58204.0,25540.0
-57772.0,25576.0
-58336.0,25862.0
-57868.0,25748.0
-57608.0,25412.0
-57108.0,25246.0
-57468.0,25430.0
-57512.0,25294.0
-57428.0,25218.0
-57324.0,25178.0
-57176.0,24996.0
-57256.0,24940.0
-57180.0,25110.0
-57444.0,25030.0
-57272.0,24746.0
-57184.0,24626.0
-57320.0,24872.0
-57396.0,24962.0
-57224.0,25026.0
-57728.0,25396.0
-57420.0,25378.0
-57324.0,25410.0
-57612.0,25488.0
-57720.0,25576.0
-57268.0,25158.0
-56628.0,24922.0
-57120.0,25060.0
-56984.0,25052.0
-57508.0,25288.0
-57272.0,25318.0
-57424.0,25372.0
-57300.0,25200.0
-57488.0,25152.0
-57576.0,25324.0
-57568.0,25398.0
-57188.0,25246.0
-57712.0,25566.0
-57860.0,25616.0
-57808.0,25304.0
-57480.0,25462.0
-57744.0,25574.0
-57304.0,25454.0
-57316.0,25658.0
-57696.0,25594.0
-56992.0,25372.0
-57328.0,25562.0
-57084.0,25672.0
-57748.0,26232.0
-57212.0,25910.0
-57148.0,25628.0
-58000.0,25640.0
-57824.0,25642.0
-57644.0,25690.0
-58244.0,25864.0
-57168.0,25650.0
-57608.0,25854.0
-57548.0,25692.0
-57760.0,25912.0
-58244.0,26104.0
-58340.0,26236.0
-58384.0,26114.0
-58160.0,25924.0
-57700.0,25846.0
-57676.0,25668.0
-57988.0,25982.0
-58216.0,26080.0
-57624.0,25792.0
-58196.0,26022.0
-58056.0,26004.0
-58452.0,25944.0
-58400.0,25976.0
-58728.0,26046.0
-58528.0,25986.0
-57872.0,25874.0
-58572.0,26116.0
-59044.0,26270.0
-58464.0,25982.0
-58284.0,25942.0
-58476.0,25918.0
-58144.0,25794.0
-57840.0,25704.0
-57996.0,25694.0
-57452.0,25488.0
-57420.0,25426.0
-57404.0,25178.0
-57612.0,25240.0
-57560.0,25054.0
-57824.0,25040.0
-58256.0,25194.0
-57868.0,24876.0
-57688.0,24888.0
-57620.0,24700.0
-57336.0,24704.0
-57180.0,24938.0
-56840.0,24988.0
-57268.0,25112.0
-57372.0,25322.0
-57076.0,25346.0
-57128.0,25480.0
-56912.0,25340.0
-57312.0,25434.0
-57440.0,25744.0
-56992.0,25772.0
-57340.0,25966.0
-57448.0,26020.0
-57184.0,26026.0
-57240.0,26032.0
-57792.0,26052.0
-57796.0,26106.0
-57456.0,26026.0
-58120.0,26318.0
-58276.0,26358.0
-57804.0,26038.0
-57860.0,26050.0
-58004.0,26080.0
-57740.0,26138.0
-57528.0,26034.0
-57560.0,25966.0
-57492.0,26014.0
-56960.0,25800.0
-57012.0,25980.0
-57708.0,26030.0
-57240.0,25636.0
-57184.0,25882.0
-57376.0,25586.0
-57932.0,25890.0
-58272.0,26280.0
-57876.0,26190.0
-57672.0,26380.0
-57132.0,26080.0
-57064.0,25962.0
-57872.0,26164.0
-57712.0,26244.0
-57948.0,26026.0
-57340.0,25714.0
-57636.0,25702.0
-57544.0,25766.0
-57212.0,25752.0
-57384.0,25662.0
-57368.0,25306.0
-57656.0,25426.0
-57480.0,25630.0
-57452.0,25480.0
-57528.0,25606.0
-56864.0,25290.0
-57036.0,25164.0
-56976.0,25202.0
-57048.0,25160.0
-56792.0,25260.0
-56696.0,25174.0
-56740.0,24960.0
-56292.0,24748.0
-56964.0,24924.0
-56804.0,24994.0
-56520.0,24876.0
-56140.0,24668.0
-56872.0,25156.0
-56796.0,25168.0
-56768.0,25122.0
-56480.0,25124.0
-56780.0,25272.0
-57364.0,25400.0
-57128.0,25222.0
-56464.0,25010.0
-56644.0,25182.0
-56444.0,25108.0
-56700.0,25278.0
-56572.0,25218.0
-56092.0,25254.0
-56604.0,25530.0
-56700.0,25382.0
-56728.0,25416.0
-57076.0,25396.0
-57348.0,25596.0
-57300.0,25562.0
-57296.0,25592.0
-57240.0,25438.0
-57172.0,25372.0
-57160.0,25140.0
-57272.0,25290.0
-56896.0,25010.0
-57184.0,25134.0
-56980.0,24976.0
-56900.0,25180.0
-57032.0,24862.0
-57048.0,24814.0
-56684.0,24572.0
-56440.0,24290.0
-56448.0,24222.0
-56744.0,24302.0
-56272.0,23924.0
-56264.0,23976.0
-55620.0,23888.0
-55756.0,23882.0
-55960.0,23918.0
-56240.0,23636.0
-56252.0,23736.0
-56176.0,23684.0
-55748.0,23276.0
-55660.0,23060.0
-56028.0,23276.0
-55980.0,23070.0
-56500.0,23132.0
-56332.0,23192.0
-56536.0,23294.0
-56696.0,23406.0
-56444.0,23330.0
-56460.0,23384.0
-56668.0,23634.0
-56124.0,23636.0
-56204.0,23692.0
-56340.0,23560.0
-56528.0,23526.0
-56520.0,23616.0
-56912.0,23942.0
-57268.0,23834.0
-57068.0,24004.0
-57072.0,23898.0
-56688.0,23550.0
-57080.0,23604.0
-56820.0,23706.0
-56484.0,23904.0
-56576.0,23906.0
-57220.0,24054.0
-56792.0,24028.0
-57244.0,24144.0
-57116.0,24066.0
-57840.0,24336.0
-57472.0,24006.0
-57308.0,24096.0
-56924.0,23998.0
-56964.0,23962.0
-56800.0,24122.0
-56512.0,23990.0
-56380.0,24096.0
-56060.0,23910.0
-56492.0,24160.0
-57072.0,24374.0
-56896.0,24528.0
-56900.0,24612.0
-56988.0,24370.0
-57140.0,24522.0
-57436.0,24602.0
-57416.0,24438.0
-57384.0,24692.0
-57368.0,24610.0
-57756.0,24720.0
-57064.0,24610.0
-57152.0,24774.0
-57200.0,24968.0
-57120.0,24848.0
-57036.0,24610.0
-57196.0,24402.0
-57352.0,24544.0
-57056.0,24628.0
-57040.0,24442.0
-56776.0,24580.0
-56912.0,24906.0
-57316.0,24736.0
-57588.0,25000.0
-57728.0,24994.0
-57916.0,25092.0
-58044.0,25160.0
-58076.0,25074.0
-57444.0,24702.0
-57448.0,24896.0
-57788.0,24868.0
-57720.0,24898.0
-57916.0,24788.0
-57780.0,24642.0
-57796.0,24524.0
-57212.0,24434.0
-57196.0,24228.0
-57304.0,24440.0
-57464.0,24388.0
-57420.0,24302.0
-57304.0,24160.0
-56840.0,24062.0
-56716.0,24100.0
-56948.0,24076.0
-57148.0,24086.0
-57504.0,24330.0
-57280.0,24232.0
-57344.0,24336.0
-57444.0,24248.0
-57628.0,24398.0
-57564.0,24056.0
-57760.0,24116.0
-57460.0,23982.0
-58076.0,24318.0
-57760.0,24194.0
-57644.0,24088.0
-57468.0,24168.0
-57824.0,24280.0
-57764.0,24394.0
-57432.0,24440.0
-57332.0,24476.0
-57308.0,24516.0
-57408.0,24522.0
-57364.0,24616.0
-57096.0,24548.0
-56868.0,24388.0
-56456.0,24322.0
-57368.0,24494.0
-57284.0,24730.0
-57436.0,24918.0
-57672.0,25090.0
-57420.0,24906.0
-57712.0,25152.0
-57384.0,25028.0
-57428.0,25028.0
-57356.0,25032.0
-57500.0,25024.0
-57716.0,25226.0
-57488.0,25176.0
-57720.0,25178.0
-57468.0,24772.0
-57236.0,24840.0
-57112.0,24950.0
-57344.0,24834.0
-57232.0,24964.0
-57860.0,25346.0
-57444.0,25222.0
-57868.0,25252.0
-57632.0,25218.0
-57588.0,25240.0
-57764.0,25228.0
-57400.0,25234.0
-57504.0,25160.0
-57952.0,25210.0
-57480.0,25180.0
-57400.0,25078.0
-57596.0,25222.0
-57692.0,25398.0
-57912.0,25170.0
-57676.0,24994.0
-57616.0,25198.0
-57308.0,25242.0
-57392.0,25378.0
-57364.0,25238.0
-57280.0,25350.0
-57620.0,25548.0
-57296.0,25516.0
-57736.0,25644.0
-57568.0,25700.0
-58004.0,25860.0
-57380.0,25522.0
-57476.0,25442.0
-57676.0,25526.0
-57728.0,25622.0
-57748.0,25704.0
-57724.0,25618.0
-57628.0,25622.0
-57556.0,25688.0
-57728.0,25764.0
-57608.0,25892.0
-57372.0,25892.0
-57460.0,25942.0
-57460.0,25862.0
-57044.0,25684.0
-57164.0,25668.0
-56860.0,25600.0
-57292.0,25648.0
-57556.0,25730.0
-57804.0,25778.0
-57876.0,25840.0
-58044.0,25778.0
-57880.0,25678.0
-57832.0,26024.0
-57880.0,25916.0
-58436.0,25916.0
-57820.0,25946.0
-57572.0,25618.0
-57560.0,25546.0
-57892.0,25514.0
-57604.0,25690.0
-57636.0,25782.0
-57460.0,25598.0
-57692.0,25936.0
-58016.0,25824.0
-57760.0,25676.0
-57328.0,25652.0
-57500.0,25522.0
-57816.0,25540.0
-57280.0,25704.0
-57760.0,25606.0
-57816.0,25874.0
-58000.0,25854.0
-58248.0,25950.0
-57992.0,25850.0
-57708.0,25778.0
-57744.0,25710.0
-57648.0,25594.0
-57784.0,25712.0
-57484.0,25314.0
-56916.0,25110.0
-56748.0,25088.0
-56716.0,25158.0
-56644.0,25064.0
-56696.0,24938.0
-56724.0,24988.0
-56624.0,24622.0
-56544.0,24664.0
-56300.0,24526.0
-56376.0,24540.0
-56204.0,24550.0
-56532.0,24438.0
-56696.0,24528.0
-56672.0,24580.0
-56812.0,24448.0
-56040.0,24376.0
-55952.0,24486.0
-56396.0,24862.0
-56556.0,24912.0
-56536.0,24836.0
-56372.0,24632.0
-56496.0,24568.0
-55944.0,24476.0
-56376.0,24518.0
-57240.0,24764.0
-56968.0,24688.0
-57180.0,25028.0
-57360.0,24908.0
-57180.0,24928.0
-56948.0,25068.0
-57052.0,25148.0
-56796.0,25008.0
-56920.0,25074.0
-57240.0,25176.0
-57140.0,25056.0
-57484.0,24828.0
-57080.0,24702.0
-56948.0,24812.0
-57256.0,24912.0
-57344.0,24948.0
-57700.0,24882.0
-57460.0,24972.0
-57384.0,24916.0
-57272.0,25000.0
-57772.0,25068.0
-57364.0,24930.0
-57780.0,24920.0
-58012.0,25002.0
-57360.0,24784.0
-57300.0,24864.0
-57720.0,25122.0
-57468.0,25128.0
-57816.0,24810.0
-57568.0,24700.0
-56916.0,24242.0
-57228.0,24322.0
-57288.0,24482.0
-57200.0,24288.0
-57272.0,24202.0
-57648.0,24498.0
-58392.0,24626.0
-57736.0,24652.0
-57760.0,24528.0
-57724.0,24312.0
-57540.0,24518.0
-57440.0,24266.0
-57532.0,24436.0
-57228.0,24382.0
-56848.0,24260.0
-56912.0,24326.0
-57256.0,24300.0
-57332.0,24228.0
-57220.0,24018.0
-56828.0,23966.0
-56656.0,24218.0
-56580.0,23994.0
-56796.0,23914.0
-57040.0,23970.0
-57068.0,23854.0
-57040.0,24152.0
-56668.0,24014.0
-56980.0,23998.0
-57656.0,24240.0
-57488.0,24200.0
-57144.0,24100.0
-57368.0,24068.0
-57164.0,24356.0
-57500.0,24338.0
-57188.0,24210.0
-56916.0,23908.0
-56928.0,23894.0
-57292.0,24084.0
-56728.0,23678.0
-56440.0,23648.0
-56600.0,23594.0
-56484.0,23578.0
-56056.0,23432.0
-56008.0,23298.0
-56380.0,23352.0
-56488.0,23416.0
-56316.0,23548.0
-56136.0,23456.0
-56504.0,23590.0
-55912.0,23556.0
-55912.0,23332.0
-55708.0,23482.0
-55984.0,23806.0
-55556.0,23494.0
-54944.0,23298.0
-54908.0,23082.0
-55036.0,23028.0
-55152.0,23308.0
-55080.0,23176.0
-55240.0,23116.0
-55744.0,23322.0
-55748.0,23112.0
-56016.0,22938.0
-56208.0,23062.0
-56236.0,22784.0
-55956.0,22896.0
-56288.0,22728.0
-56000.0,22896.0
-55964.0,22816.0
-55848.0,22682.0
-56236.0,22804.0
-55856.0,22820.0
-56116.0,22736.0
-55796.0,22746.0
-56276.0,22950.0
-56480.0,23024.0
-56704.0,23186.0
-56348.0,22838.0
-56640.0,22800.0
-56224.0,22648.0
-56212.0,22606.0
-56288.0,22636.0
-56704.0,22822.0
-56536.0,22848.0
-56984.0,22964.0
-57052.0,22624.0
-56692.0,22382.0
-56912.0,22478.0
-56372.0,22206.0
-56392.0,22160.0
-56948.0,22324.0
-56236.0,22236.0
-56348.0,22444.0
-56088.0,22444.0
-56840.0,22480.0
-56392.0,22086.0
-56684.0,22164.0
-56932.0,21904.0
-56600.0,22190.0
-56216.0,22210.0
-56320.0,22054.0
-56232.0,22004.0
-56492.0,22202.0
-56248.0,22234.0
-56504.0,22338.0
-55836.0,22344.0
-56292.0,22434.0
-56064.0,22302.0
-56476.0,22102.0
-55820.0,22066.0
-55784.0,21862.0
-55680.0,21864.0
-56212.0,22144.0
-56120.0,22088.0
-55780.0,22322.0
-55852.0,22624.0
-56052.0,22426.0
-55912.0,22592.0
-56188.0,22400.0
-56504.0,22364.0
-56592.0,22474.0
-56516.0,22330.0
-56924.0,22438.0
-56836.0,22516.0
-56712.0,22340.0
-56584.0,22318.0
-56004.0,21988.0
-56472.0,22208.0
-56468.0,22362.0
-56292.0,22604.0
-56344.0,22680.0
-56388.0,22956.0
-56472.0,23004.0
-56424.0,22864.0
-56568.0,22914.0
-57104.0,23092.0
-57348.0,22890.0
-57324.0,23004.0
-56740.0,22762.0
-56628.0,22666.0
-56208.0,22540.0
-56280.0,22448.0
-56292.0,22642.0
-56636.0,22986.0
-56856.0,23108.0
-57000.0,23320.0
-57080.0,23492.0
-56800.0,23418.0
-56956.0,23476.0
-57280.0,23546.0
-56804.0,23272.0
-57752.0,23428.0
-57648.0,23402.0
-57608.0,23330.0
-57540.0,23400.0
-57620.0,23340.0
-57592.0,23580.0
-57068.0,23336.0
-57216.0,23300.0
-56612.0,23024.0
-56536.0,23070.0
-56376.0,22966.0
-57132.0,23164.0
-56864.0,22946.0
-57064.0,22824.0
-57024.0,22702.0
-57004.0,22638.0
-57212.0,22606.0
-57432.0,22732.0
-57416.0,22982.0
-57480.0,22862.0
-56976.0,22658.0
-57124.0,22586.0
-56768.0,22598.0
-56928.0,22532.0
-57124.0,22506.0
-56576.0,22498.0
-57192.0,22772.0
-57192.0,22694.0
-56804.0,22426.0
-57720.0,22486.0
-57360.0,22454.0
-57008.0,22874.0
-56832.0,22964.0
-57172.0,22800.0
-57784.0,23054.0
-58020.0,23226.0
-57944.0,23412.0
-57760.0,23492.0
-57308.0,23344.0
-57220.0,23372.0
-57672.0,23252.0
-57028.0,23100.0
-56536.0,23224.0
-56412.0,23074.0
-56852.0,23420.0
-56908.0,23286.0
-57388.0,23400.0
-57824.0,23586.0
-58184.0,23504.0
-57476.0,23398.0
-57488.0,23768.0
-57868.0,23666.0
-57204.0,23256.0
-57180.0,23566.0
-57168.0,23618.0
-57484.0,23586.0
-57556.0,23656.0
-57332.0,23702.0
-57612.0,23958.0
-57920.0,23900.0
-57564.0,23808.0
-57472.0,23754.0
-57856.0,23924.0
-57268.0,23822.0
-57372.0,23972.0
-57116.0,23652.0
-56792.0,23776.0
-56696.0,23840.0
-57532.0,23936.0
-57180.0,23698.0
-57536.0,23592.0
-57544.0,23610.0
-57360.0,23640.0
-57152.0,23646.0
-56924.0,23500.0
-57428.0,23716.0
-57448.0,23674.0
-57544.0,23562.0
-57484.0,23640.0
-56920.0,23338.0
-57200.0,23586.0
-57184.0,23320.0
-57044.0,23204.0
-57292.0,23444.0
-57456.0,23324.0
-56720.0,22978.0
-56684.0,22928.0
-56912.0,22942.0
-56832.0,23032.0
-56640.0,22902.0
-56716.0,22666.0
-56532.0,22824.0
-57508.0,23176.0
-57872.0,23264.0
-57712.0,23568.0
-57684.0,23340.0
-57620.0,23492.0
-57152.0,23464.0
-57148.0,23428.0
-57024.0,23398.0
-57880.0,23458.0
-57296.0,23062.0
-57060.0,23018.0
-57320.0,22982.0
-57408.0,23144.0
-57484.0,23140.0
-57032.0,22764.0
-57080.0,22862.0
-56820.0,22840.0
-56572.0,22568.0
-56768.0,22752.0
-56232.0,22500.0
-56572.0,22608.0
-56284.0,22596.0
-56828.0,22730.0
-57152.0,22730.0
-57004.0,22764.0
-57012.0,22770.0
-57032.0,22780.0
-56460.0,22780.0
-56360.0,22524.0
-56460.0,22472.0
-57128.0,22710.0
-57448.0,22736.0
-56972.0,22676.0
-56940.0,22212.0
-56820.0,22306.0
-56796.0,22268.0
-56448.0,22118.0
-56444.0,22000.0
-56240.0,21970.0
-56500.0,21904.0
-56524.0,21918.0
-56492.0,21998.0
-56556.0,21890.0
-56084.0,21726.0
-56336.0,21888.0
-56164.0,21820.0
-56432.0,21864.0
-56640.0,21784.0
-56872.0,21866.0
-56888.0,22186.0
-56820.0,22128.0
-56868.0,22388.0
-56764.0,22388.0
-56608.0,22364.0
-56576.0,22582.0
-56528.0,22656.0
-56348.0,22476.0
-56056.0,22302.0
-56240.0,22304.0
-56128.0,22198.0
-56120.0,22252.0
-56140.0,22202.0
-56448.0,22486.0
-56424.0,22318.0
-56480.0,22498.0
-56696.0,22656.0
-56868.0,22830.0
-57084.0,23070.0
-56468.0,23008.0
-56208.0,23014.0
-56588.0,23400.0
-55968.0,23628.0
-56880.0,23840.0
-56724.0,23614.0
-56548.0,23634.0
-56696.0,23610.0
-55864.0,23302.0
-55836.0,23536.0
-56128.0,23344.0
-56464.0,23358.0
-56172.0,23048.0
-56636.0,22818.0
-56008.0,22596.0
-56776.0,22894.0
-57128.0,22986.0
-57040.0,23054.0
-56920.0,22912.0
-56792.0,23016.0
-56376.0,22738.0
-56568.0,22876.0
-56696.0,22950.0
-56836.0,22780.0
-56168.0,22508.0
-55748.0,22352.0
-55892.0,22330.0
-55812.0,22158.0
-56072.0,22104.0
-56824.0,22542.0
-56436.0,22352.0
-56472.0,22460.0
-56124.0,22372.0
-56152.0,22246.0
-55708.0,22560.0
-55816.0,22690.0
-56880.0,22938.0
-57096.0,22894.0
-57328.0,23096.0
-57160.0,23180.0
-56900.0,23048.0
-57188.0,23070.0
-56420.0,23046.0
-56828.0,22890.0
-56244.0,22908.0
-56028.0,22750.0
-55864.0,22676.0
-56200.0,22792.0
-56336.0,22832.0
-56172.0,22962.0
-56768.0,23372.0
-56792.0,23562.0
-56816.0,23688.0
-57124.0,23580.0
-57192.0,23736.0
-56728.0,23744.0
-57124.0,23836.0
-56552.0,23808.0
-56424.0,23742.0
-56584.0,23604.0
-56756.0,23994.0
-56528.0,23802.0
-56784.0,23872.0
-57240.0,23818.0
-57444.0,23986.0
-56808.0,23844.0
-56808.0,23854.0
-56832.0,23738.0
-56868.0,23728.0
-56976.0,23646.0
-57192.0,23680.0
-57324.0,23830.0
-57136.0,23744.0
-57220.0,23996.0
-57064.0,23718.0
-57108.0,23906.0
-57208.0,23878.0
-57144.0,23940.0
-56788.0,23796.0
-56844.0,23764.0
-57032.0,23734.0
-57316.0,23916.0
-56948.0,23566.0
-57152.0,23678.0
-56864.0,23708.0
-56684.0,23724.0
-57040.0,23868.0
-57052.0,23942.0
-57152.0,23676.0
-57336.0,23844.0
-56844.0,23920.0
-56836.0,23948.0
-57100.0,23852.0
-57160.0,23898.0
-56908.0,23770.0
-56980.0,23696.0
-56484.0,23548.0
-56788.0,23492.0
-57116.0,23800.0
-56856.0,23698.0
-57096.0,23644.0
-57068.0,23602.0
-56836.0,23586.0
-57164.0,23532.0
-56928.0,23374.0
-56544.0,23220.0
-56076.0,22920.0
-56272.0,23234.0
-56940.0,23324.0
-56740.0,23434.0
-56696.0,23196.0
-56168.0,22958.0
-56276.0,23126.0
-56344.0,23248.0
-56604.0,23580.0
-56952.0,23638.0
-56572.0,23508.0
-56640.0,23456.0
-56112.0,23286.0
-56932.0,23538.0
-56848.0,23598.0
-56556.0,23670.0
-56412.0,23612.0
-57044.0,24026.0
-57080.0,24126.0
-57076.0,24134.0
-57220.0,24318.0
-57448.0,24306.0
-57124.0,24174.0
-56704.0,23834.0
-56924.0,23798.0
-56760.0,23622.0
-57036.0,23782.0
-56864.0,23974.0
-57028.0,24156.0
-57172.0,24260.0
-56852.0,24262.0
-57468.0,24348.0
-57264.0,24388.0
-57476.0,24666.0
-57444.0,24822.0
-57328.0,24618.0
-57468.0,24554.0
-57876.0,24696.0
-57436.0,24756.0
-57612.0,24790.0
-57892.0,24700.0
-57748.0,24774.0
-58004.0,25124.0
-58496.0,25286.0
-58320.0,25338.0
-58868.0,25510.0
-57560.0,25018.0
-57108.0,24782.0
-57164.0,24732.0
-56876.0,24814.0
-57308.0,24880.0
-57356.0,24850.0
-57052.0,24610.0
-57476.0,24698.0
-57516.0,24876.0
-57132.0,24634.0
-57024.0,24588.0
-57452.0,24976.0
-57952.0,25046.0
-57656.0,24922.0
-57536.0,24892.0
-56948.0,24646.0
-57064.0,24698.0
-57468.0,24776.0
-57076.0,24462.0
-56920.0,24382.0
-56684.0,24414.0
-57044.0,24358.0
-56924.0,24296.0
-56824.0,24198.0
-56584.0,24038.0
-56480.0,24250.0
-56828.0,24560.0
-57440.0,24904.0
-57352.0,24954.0
-57668.0,25170.0
-57904.0,25172.0
-57884.0,24954.0
-56932.0,24552.0
-57012.0,24348.0
-56972.0,24402.0
-57296.0,24446.0
-57040.0,24376.0
-57204.0,24254.0
-57140.0,24112.0
-57140.0,24282.0
-56632.0,24124.0
-56464.0,24090.0
-56852.0,24316.0
-56744.0,24072.0
-56452.0,23934.0
-56400.0,23874.0
-56352.0,23948.0
-56172.0,23840.0
-56460.0,23890.0
-56712.0,24084.0
-56832.0,24256.0
-56816.0,24230.0
-56100.0,24030.0
-56736.0,24458.0
-57044.0,24590.0
-57064.0,24694.0
-57280.0,24654.0
-57208.0,24552.0
-56780.0,24354.0
-56564.0,24150.0
-57060.0,24522.0
-56660.0,24404.0
-57036.0,24530.0
-57488.0,24398.0
-57108.0,24210.0
-57132.0,24156.0
-56632.0,24236.0
-56840.0,24510.0
-56732.0,24250.0
-57172.0,24302.0
-56484.0,23990.0
-56800.0,23978.0
-56608.0,24024.0
-56852.0,24046.0
-56512.0,23954.0
-56276.0,23898.0
-56212.0,23608.0
-56204.0,23550.0
-55756.0,23396.0
-55256.0,23230.0
-55560.0,23200.0
-56176.0,23344.0
-56096.0,23382.0
-56248.0,23388.0
-56636.0,23446.0
-56628.0,23326.0
-56580.0,23328.0
-56388.0,23090.0
-56636.0,23252.0
-56232.0,23106.0
-56492.0,23330.0
-56624.0,23406.0
-56544.0,23314.0
-56672.0,23356.0
-57032.0,23618.0
-56704.0,23714.0
-57000.0,23794.0
-56456.0,23632.0
-56400.0,23564.0
-55904.0,23456.0
-56708.0,23962.0
-56640.0,24330.0
-57224.0,24430.0
-57016.0,24238.0
-56888.0,24246.0
-57164.0,24322.0
-56620.0,24030.0
-56812.0,24016.0
-56100.0,24060.0
-56512.0,24100.0
-56736.0,24322.0
-56304.0,24074.0
-56360.0,24170.0
-55916.0,24026.0
-55916.0,23924.0
-56448.0,24056.0
-56484.0,23866.0
-56944.0,24092.0
-56544.0,23738.0
-56688.0,23734.0
-56884.0,23748.0
-56824.0,23800.0
-56112.0,23580.0
-56100.0,23660.0
-56000.0,23742.0
-56268.0,24036.0
-56632.0,24072.0
-56412.0,24286.0
-56328.0,24072.0
-56048.0,23978.0
-56368.0,24166.0
-56252.0,24298.0
-56332.0,24590.0
-56508.0,24686.0
-56372.0,24660.0
-56208.0,24584.0
-56456.0,24848.0
-56412.0,24786.0
-56992.0,25002.0
-56716.0,24928.0
-57004.0,25072.0
-56944.0,24760.0
-56532.0,24504.0
-56412.0,24536.0
-56572.0,24504.0
-56224.0,24422.0
-56300.0,24384.0
-57108.0,24746.0
-56920.0,24742.0
-56744.0,24714.0
-57356.0,24884.0
-56904.0,24830.0
-56944.0,25034.0
-56628.0,24906.0
-56536.0,24894.0
-56808.0,25008.0
-56636.0,24988.0
-56720.0,24920.0
-57040.0,24946.0
-57172.0,25220.0
-57428.0,25474.0
-56928.0,25158.0
-57092.0,25014.0
-57076.0,25030.0
-57204.0,25276.0
-56980.0,25084.0
-57480.0,25188.0
-57236.0,24874.0
-57444.0,24766.0
-57460.0,24940.0
-57808.0,24902.0
-57748.0,24934.0
-57916.0,25088.0
-57020.0,24780.0
-57428.0,24704.0
-57716.0,24752.0
-56836.0,24850.0
-56644.0,24672.0
-57352.0,24822.0
-57368.0,24878.0
-57336.0,24798.0
-57104.0,24676.0
-57428.0,24662.0
-56992.0,24760.0
-57380.0,24814.0
-57380.0,25094.0
-57300.0,24882.0
-57384.0,24968.0
-57044.0,25016.0
-56844.0,24698.0
-56940.0,24456.0
-56760.0,24414.0
-56420.0,24490.0
-56464.0,24484.0
-56932.0,24554.0
-56820.0,24574.0
-57076.0,24718.0
-57156.0,24754.0
-57088.0,24788.0
-56924.0,24596.0
-56824.0,24508.0
-57008.0,24608.0
-56832.0,24606.0
-56452.0,24332.0
-56536.0,24376.0
-56832.0,24446.0
-56848.0,24238.0
-57240.0,24536.0
-57128.0,24240.0
-57564.0,24592.0
-57428.0,24554.0
-57236.0,24588.0
-56832.0,24390.0
-56480.0,24124.0
-56840.0,24328.0
-56928.0,24620.0
-56936.0,24650.0
-57068.0,24512.0
-56588.0,24386.0
-57084.0,24716.0
-57452.0,24944.0
-56912.0,24916.0
-56692.0,24744.0
-57420.0,24792.0
-57100.0,24744.0
-56832.0,24840.0
-57240.0,24866.0
-57260.0,24974.0
-56908.0,24694.0
-56692.0,24626.0
-56848.0,24586.0
-57100.0,24678.0
-56804.0,24508.0
-56964.0,24670.0
-56896.0,24690.0
-56912.0,24828.0
-56688.0,24738.0
-56536.0,24670.0
-57136.0,24980.0
-56884.0,24918.0
-56564.0,24794.0
-56428.0,24796.0
-56380.0,24680.0
-56340.0,24652.0
-56548.0,24780.0
-57020.0,24618.0
-56936.0,24834.0
-56868.0,24764.0
-57096.0,24962.0
-56568.0,24760.0
-57004.0,24812.0
-56380.0,24574.0
-56728.0,24702.0
-57268.0,25120.0
-57596.0,25202.0
-57440.0,25130.0
-57244.0,25072.0
-57288.0,25152.0
-57348.0,25308.0
-57188.0,25378.0
-57368.0,25476.0
-57368.0,25704.0
-58208.0,25936.0
-57848.0,25704.0
-57960.0,25840.0
-57992.0,26012.0
-57876.0,26004.0
-57900.0,25912.0
-58268.0,26096.0
-58160.0,26098.0
-57520.0,25708.0
-57428.0,25730.0
-57460.0,25706.0
-57320.0,25500.0
-57468.0,25380.0
-57020.0,25426.0
-57252.0,25416.0
-57528.0,25458.0
-57300.0,25620.0
-57976.0,26084.0
-58024.0,26010.0
-58100.0,26298.0
-58172.0,26358.0
-57968.0,26246.0
-57648.0,25956.0
-57316.0,25608.0
-57340.0,25530.0
-57140.0,25640.0
-57020.0,25576.0
-57264.0,25538.0
-57252.0,25662.0
-57024.0,25306.0
-57452.0,25392.0
-57168.0,25358.0
-56368.0,25064.0
-56636.0,25232.0
-57292.0,25262.0
-57520.0,25396.0
-57268.0,25230.0
-57324.0,25286.0
-57040.0,25296.0
-56344.0,25236.0
-56200.0,25330.0
-56848.0,25432.0
-57024.0,25602.0
-57328.0,25636.0
-57524.0,25592.0
-57264.0,25732.0
-57384.0,25824.0
-57516.0,25702.0
-56860.0,25456.0
-57108.0,25436.0
-57088.0,25408.0
-56468.0,25308.0
-56428.0,25022.0
-56780.0,25238.0
-56884.0,25576.0
-56864.0,25636.0
-56652.0,25528.0
-56672.0,25574.0
-56760.0,25576.0
-57052.0,25562.0
-56688.0,25506.0
-57016.0,25492.0
-56828.0,25296.0
-56616.0,25272.0
-56788.0,25384.0
-57164.0,25428.0
-57088.0,25460.0
-56972.0,25228.0
-56992.0,25128.0
-56616.0,25194.0
-56392.0,25490.0
-57400.0,25818.0
-57916.0,26182.0
-57080.0,25978.0
-57140.0,26106.0
-57444.0,26288.0
-57860.0,26528.0
-57536.0,26208.0
-58012.0,26398.0
-57756.0,26272.0
-57628.0,26544.0
-58104.0,26748.0
-57972.0,26658.0
-58404.0,26914.0
-57804.0,26828.0
-58032.0,26832.0
-58252.0,26728.0
-57808.0,26526.0
-57360.0,26586.0
-57624.0,26458.0
-57592.0,26496.0
-57300.0,26382.0
-57876.0,26488.0
-58020.0,26598.0
-57636.0,26478.0
-57728.0,26274.0
-57588.0,26228.0
-57680.0,26290.0
-58108.0,26524.0
-58024.0,26566.0
-57372.0,26404.0
-57420.0,26506.0
-57356.0,26226.0
-57204.0,26182.0
-56952.0,26054.0
-56952.0,26080.0
-57072.0,26306.0
-57016.0,26036.0
-57000.0,26160.0
-57108.0,26200.0
-57384.0,26232.0
-57100.0,26296.0
-57732.0,26556.0
-57412.0,26344.0
-57468.0,26302.0
-57652.0,26248.0
-57308.0,25928.0
-57412.0,25998.0
-57292.0,25866.0
-57300.0,25758.0
-56872.0,25706.0
-56880.0,25456.0
-57216.0,25622.0
-56892.0,25736.0
-56780.0,25700.0
-56848.0,25746.0
-56716.0,25580.0
-56844.0,25906.0
-57144.0,25912.0
-57248.0,25852.0
-57120.0,26104.0
-57040.0,26078.0
-57500.0,26274.0
-57652.0,26340.0
-58120.0,26520.0
-57484.0,26266.0
-57276.0,25840.0
-57360.0,25826.0
-57556.0,25858.0
-57436.0,25800.0
-57296.0,25724.0
-57236.0,25696.0
-57384.0,25462.0
-57200.0,25414.0
-57364.0,25512.0
-57104.0,25570.0
-57156.0,25478.0
-57348.0,25986.0
-57348.0,25782.0
-57528.0,25790.0
-57272.0,25436.0
-57540.0,25296.0
-56856.0,24870.0
-57044.0,25182.0
-56964.0,25172.0
-57116.0,25164.0
-56720.0,25154.0
-56772.0,25232.0
-56728.0,24856.0
-56620.0,24832.0
-56576.0,24696.0
-56324.0,24728.0
-56288.0,24834.0
-56836.0,24886.0
-56812.0,24812.0
-56188.0,24680.0
-56756.0,24956.0
-56676.0,25060.0
-56980.0,25092.0
-56416.0,24890.0
-56572.0,25038.0
-57008.0,25134.0
-57064.0,25120.0
-56808.0,25402.0
-56868.0,25458.0
-57124.0,25646.0
-56700.0,25676.0
-56784.0,25584.0
-56804.0,25380.0
-56320.0,25156.0
-56072.0,25190.0
-56592.0,25384.0
-56436.0,25104.0
-56672.0,25324.0
-56084.0,25224.0
-55984.0,25176.0
-56172.0,25336.0
-56608.0,25460.0
-56752.0,25626.0
-56620.0,25574.0
-56600.0,25520.0
-56868.0,25442.0
-57072.0,25444.0
-57020.0,25648.0
-57440.0,25782.0
-57612.0,25978.0
-57728.0,25916.0
-57520.0,25720.0
-57460.0,25708.0
-57304.0,25784.0
-57188.0,25522.0
-57232.0,25372.0
-57064.0,25242.0
-57036.0,25124.0
-57140.0,25128.0
-57288.0,25302.0
-57528.0,25340.0
-57360.0,25094.0
-57372.0,25472.0
-57768.0,25528.0
-57264.0,25452.0
-57592.0,25256.0
-57464.0,25502.0
-57552.0,25522.0
-57420.0,25566.0
-56860.0,25546.0
-56408.0,25398.0
-56464.0,25328.0
-56996.0,25548.0
-56288.0,25254.0
-56664.0,25500.0
-56768.0,25174.0
-56544.0,25052.0
-56520.0,25082.0
-56656.0,25092.0
-56544.0,25010.0
-56892.0,25072.0
-57056.0,25054.0
-56876.0,24920.0
-57100.0,25060.0
-57144.0,24998.0
-57108.0,25094.0
-57752.0,25444.0
-57372.0,25318.0
-57488.0,25328.0
-57748.0,25634.0
-56784.0,25324.0
-57072.0,25204.0
-57400.0,25528.0
-57284.0,25300.0
-56996.0,25122.0
-57492.0,25362.0
-57944.0,25460.0
-58272.0,25586.0
-57956.0,25794.0
-57728.0,25526.0
-56948.0,25190.0
-56904.0,25266.0
-57316.0,25230.0
-56916.0,25180.0
-57196.0,25180.0
-57264.0,25380.0
-57352.0,25350.0
-57096.0,25298.0
-57408.0,25374.0
-56936.0,25516.0
-56796.0,25420.0
-56464.0,25254.0
-57060.0,25360.0
-57436.0,25518.0
-57144.0,25714.0
-56928.0,25634.0
-57328.0,25916.0
-57792.0,26012.0
-57884.0,26100.0
-58148.0,26548.0
-58148.0,26634.0
-58012.0,26656.0
-58356.0,26720.0
-58684.0,26812.0
-58100.0,26632.0
-57664.0,26342.0
-57352.0,26096.0
-57028.0,25928.0
-57544.0,26094.0
-57904.0,26054.0
-57124.0,25866.0
-56960.0,25622.0
-57296.0,25608.0
-57260.0,25432.0
-57580.0,25582.0
-58060.0,25586.0
-57448.0,25270.0
-57352.0,25252.0
-56964.0,25200.0
-56600.0,25100.0
-56872.0,25092.0
-57348.0,25124.0
-57424.0,25164.0
-56716.0,24738.0
-56552.0,24630.0
-56812.0,24734.0
-56592.0,24954.0
-56080.0,24628.0
-56648.0,24742.0
-56704.0,24684.0
-56764.0,24694.0
-56520.0,24712.0
-57124.0,25106.0
-57256.0,25118.0
-56948.0,25086.0
-57356.0,25216.0
-56924.0,24918.0
-57076.0,24858.0
-56740.0,24852.0
-56944.0,24900.0
-56928.0,25048.0
-56884.0,25018.0
-56788.0,25056.0
-57084.0,25130.0
-57292.0,25234.0
-57216.0,24936.0
-57464.0,24886.0
-57432.0,24808.0
-57356.0,24884.0
-57320.0,25002.0
-56956.0,24918.0
-57292.0,25024.0
-57540.0,24966.0
-57868.0,25098.0
-57540.0,24932.0
-57708.0,24724.0
-57344.0,24652.0
-57520.0,24480.0
-57620.0,24680.0
-57260.0,24880.0
-56640.0,24392.0
-56288.0,24362.0
-56412.0,24298.0
-56380.0,24256.0
-56572.0,24348.0
-56260.0,24414.0
-56252.0,24366.0
-56336.0,24246.0
-56328.0,24304.0
-56644.0,24426.0
-56684.0,24336.0
-56564.0,24288.0
-56348.0,24162.0
-56612.0,24140.0
-56620.0,24406.0
-56520.0,24502.0
-56668.0,24360.0
-56528.0,24712.0
-57028.0,24824.0
-57172.0,24630.0
-57028.0,24382.0
-57392.0,24630.0
-56948.0,24740.0
-57464.0,24852.0
-57192.0,24840.0
-57200.0,24824.0
-56984.0,24950.0
-57624.0,25212.0
-57064.0,24990.0
-57156.0,24952.0
-56992.0,24816.0
-56848.0,24696.0
-57008.0,24874.0
-56908.0,24778.0
-56972.0,24654.0
-57120.0,24864.0
-57636.0,25120.0
-57568.0,25148.0
-57616.0,25328.0
-57708.0,25426.0
-57744.0,25386.0
-58380.0,25400.0
-57336.0,25354.0
-57204.0,25042.0
-57052.0,25140.0
-56920.0,25084.0
-56948.0,24894.0
-56492.0,24572.0
-55868.0,24302.0
-56152.0,24538.0
-56524.0,24560.0
-56724.0,24436.0
-56100.0,24296.0
-56444.0,24620.0
-56240.0,24392.0
-56256.0,24452.0
-55992.0,24270.0
-56200.0,24270.0
-55912.0,24350.0
-55836.0,24290.0
-56492.0,24248.0
-56428.0,24312.0
-56404.0,24442.0
-56344.0,24390.0
-56376.0,24500.0
-56196.0,24354.0
-56520.0,24636.0
-57032.0,24968.0
-57336.0,25110.0
-57264.0,25178.0
-57384.0,25390.0
-57320.0,25100.0
-57712.0,25280.0
-57964.0,25172.0
-57904.0,25188.0
-57720.0,25178.0
-57236.0,25090.0
-57236.0,25120.0
-56996.0,25110.0
-57276.0,25078.0
-57376.0,25094.0
-57884.0,25410.0
-57812.0,25398.0
-57528.0,25268.0
-57632.0,25224.0
-57460.0,25144.0
-57632.0,25060.0
-57560.0,25058.0
-57432.0,24896.0
-57216.0,24910.0
-57328.0,25230.0
-57144.0,25124.0
-57604.0,25408.0
-56880.0,25248.0
-56868.0,25028.0
-56728.0,25058.0
-56552.0,24802.0
-56792.0,24796.0
-56916.0,24986.0
-57020.0,25026.0
-56844.0,24828.0
-56596.0,24926.0
-56592.0,24944.0
-56468.0,24918.0
-56764.0,24880.0
-56944.0,24928.0
-56608.0,24750.0
-56820.0,24638.0
-56624.0,24580.0
-56772.0,24700.0
-56708.0,24548.0
-56996.0,24676.0
-56936.0,24790.0
-57020.0,24878.0
-56896.0,24780.0
-56764.0,24648.0
-56376.0,24380.0
-56520.0,24342.0
-56640.0,24620.0
-56692.0,24504.0
-56680.0,24766.0
-56772.0,25026.0
-56528.0,25096.0
-56624.0,25002.0
-56680.0,25074.0
-56424.0,24826.0
-56568.0,25050.0
-56988.0,25218.0
-57120.0,25210.0
-57032.0,25316.0
-56336.0,25126.0
-56756.0,25014.0
-56560.0,24746.0
-56724.0,24944.0
-56556.0,25068.0
-56564.0,25190.0
-57124.0,25336.0
-57076.0,25514.0
-57200.0,25466.0
-57040.0,25364.0
-56708.0,25212.0
-56932.0,25608.0
-57220.0,25622.0
-57616.0,25800.0
-57600.0,25950.0
-57508.0,25846.0
-57148.0,25642.0
-57152.0,25422.0
-57260.0,25404.0
-57256.0,25410.0
-56980.0,25418.0
-56772.0,25318.0
-56568.0,25466.0
-57064.0,25634.0
-57804.0,25786.0
-57932.0,26040.0
-57568.0,25948.0
-57396.0,26158.0
-56980.0,26074.0
-57620.0,26294.0
-57624.0,26242.0
-57364.0,26246.0
-57348.0,26190.0
-57396.0,26112.0
-57484.0,26202.0
-57332.0,26406.0
-57540.0,26232.0
-57248.0,26236.0
-57060.0,25966.0
-57608.0,26290.0
-57160.0,26046.0
-57060.0,26014.0
-57048.0,26054.0
-57552.0,26256.0
-57736.0,26472.0
-57880.0,26356.0
-57664.0,26116.0
-57332.0,25944.0
-57248.0,25720.0
-57920.0,25938.0
-57420.0,25954.0
-57108.0,25726.0
-57172.0,25740.0
-57224.0,25806.0
-57624.0,25902.0
-57588.0,26036.0
-57348.0,25832.0
-57088.0,25786.0
-56952.0,25578.0
-56952.0,25574.0
-57076.0,25594.0
-56872.0,25374.0
-56784.0,25200.0
-56412.0,24916.0
-56820.0,25098.0
-56520.0,24882.0
-56272.0,25026.0
-56312.0,24938.0
-56228.0,24616.0
-56232.0,24426.0
-57156.0,24778.0
-56740.0,24762.0
-56264.0,24702.0
-56184.0,24596.0
-56388.0,24418.0
-56248.0,24340.0
-56412.0,24186.0
-56024.0,24172.0
-56468.0,24252.0
-56176.0,24004.0
-56364.0,24248.0
-56884.0,24458.0
-57460.0,24752.0
-57004.0,24568.0
-56776.0,24554.0
-56636.0,24592.0
-56740.0,24948.0
-56692.0,24772.0
-56956.0,24564.0
-57724.0,24788.0
-57220.0,24584.0
-57244.0,24398.0
-57172.0,24660.0
-57368.0,24776.0
-57024.0,24688.0
-56668.0,24418.0
-56756.0,24400.0
-57020.0,24634.0
-57388.0,25032.0
-57596.0,25116.0
-57428.0,25084.0
-57292.0,25060.0
-57496.0,25150.0
-57852.0,25428.0
-57804.0,25448.0
-57536.0,25418.0
-57348.0,25418.0
-57248.0,25434.0
-56980.0,25520.0
-56924.0,25530.0
-56756.0,25370.0
-56536.0,25302.0
-56580.0,24932.0
-56384.0,24738.0
-56708.0,25112.0
-57012.0,25290.0
-57136.0,25288.0
-56972.0,25192.0
-56760.0,25154.0
-56380.0,25032.0
-56748.0,24906.0
-56888.0,24976.0
-57160.0,25038.0
-56912.0,25048.0
-56856.0,25320.0
-56840.0,25460.0
-57096.0,25618.0
-56572.0,25498.0
-57488.0,25450.0
-57088.0,25488.0
-56552.0,25006.0
-56640.0,25042.0
-56672.0,25250.0
-56800.0,25194.0
-56756.0,25222.0
-57252.0,25002.0
-57012.0,24856.0
-56636.0,24578.0
-56852.0,24780.0
-57168.0,24968.0
-57240.0,25362.0
-57064.0,25426.0
-57456.0,25586.0
-57116.0,25472.0
-57460.0,25402.0
-57676.0,25314.0
-57000.0,25440.0
-56456.0,25344.0
-56732.0,25382.0
-56936.0,25196.0
-56676.0,25082.0
-56916.0,25482.0
-57120.0,25542.0
-57060.0,25532.0
-57064.0,25488.0
-57016.0,25718.0
-56980.0,25606.0
-57288.0,25608.0
-57544.0,25676.0
-57768.0,25988.0
-57500.0,26148.0
-57368.0,26228.0
-56652.0,26140.0
-57112.0,26170.0
-57572.0,26430.0
-57424.0,26298.0
-57680.0,26130.0
-57244.0,25896.0
-57448.0,25942.0
-57020.0,25840.0
-57028.0,25672.0
-56248.0,25430.0
-57080.0,25712.0
-57056.0,25600.0
-56988.0,25584.0
-56580.0,25372.0
-56844.0,25430.0
-57196.0,25592.0
-57128.0,25756.0
-57296.0,25838.0
-57236.0,25874.0
-56960.0,25782.0
-57036.0,26016.0
-56768.0,25902.0
-56620.0,25834.0
-57028.0,25924.0
-57080.0,25782.0
-57260.0,25920.0
-57244.0,26100.0
-56824.0,25770.0
-57036.0,26048.0
-57300.0,26196.0
-57140.0,26270.0
-56592.0,26164.0
-56964.0,26316.0
-57404.0,26442.0
-56780.0,25962.0
-56948.0,26124.0
-57164.0,26306.0
-56772.0,26176.0
-56952.0,26260.0
-56844.0,26048.0
-56928.0,25962.0
-57412.0,26224.0
-57592.0,26356.0
-58080.0,26430.0
-57720.0,26426.0
-57516.0,26422.0
-57760.0,26740.0
-57752.0,26648.0
-57688.0,26842.0
-57792.0,26712.0
-58000.0,26538.0
-57884.0,26678.0
-57640.0,26672.0
-57776.0,26728.0
-57840.0,26872.0
-57964.0,27022.0
-57744.0,27110.0
-57396.0,27016.0
-57408.0,26988.0
-57348.0,26952.0
-57780.0,27006.0
-57776.0,26976.0
-57796.0,27016.0
-57724.0,26978.0
-57316.0,26996.0
-57356.0,27026.0
-57576.0,27316.0
-57836.0,27222.0
-57812.0,27486.0
-57924.0,27494.0
-57936.0,27538.0
-58476.0,27608.0
-57652.0,27376.0
-57752.0,27070.0
-58196.0,27164.0
-57620.0,26878.0
-57432.0,26926.0
-57556.0,26918.0
-57444.0,27082.0
-57236.0,26972.0
-57216.0,26842.0
-56756.0,26648.0
-56604.0,26522.0
-56968.0,26604.0
-57144.0,26660.0
-57024.0,26768.0
-56884.0,26612.0
-56976.0,26576.0
-56132.0,26326.0
-56376.0,26384.0
-56516.0,26578.0
-56604.0,26354.0
-56488.0,26256.0
-56456.0,26306.0
-56176.0,26340.0
-56524.0,26504.0
-56492.0,26542.0
-56532.0,26512.0
-57056.0,26640.0
-56780.0,26634.0
-56788.0,26520.0
-56228.0,26216.0
-56148.0,26470.0
-56456.0,26794.0
-56744.0,26900.0
-56752.0,26912.0
-57276.0,26898.0
-57052.0,26996.0
-56300.0,26528.0
-56296.0,26594.0
-56792.0,26560.0
-56488.0,26692.0
-56660.0,26724.0
-57060.0,27112.0
-57068.0,27016.0
-57096.0,26974.0
-57268.0,27076.0
-57476.0,26752.0
-57220.0,26626.0
-56484.0,26528.0
-56564.0,26534.0
-56372.0,26454.0
-56108.0,26416.0
-56352.0,26308.0
-56556.0,26680.0
-56700.0,26546.0
-56932.0,26810.0
-57056.0,26834.0
-57476.0,27126.0
-57408.0,27078.0
-58084.0,27486.0
-57600.0,27366.0
-57604.0,27394.0
-57152.0,27076.0
-57428.0,27060.0
-57624.0,26988.0
-57728.0,26970.0
-57996.0,27280.0
-57988.0,27356.0
-57868.0,27302.0
-58176.0,27222.0
-58164.0,27136.0
-58264.0,27096.0
-57964.0,27112.0
-57136.0,26858.0
-57592.0,26982.0
-57448.0,26716.0
-57008.0,26708.0
-56528.0,26486.0
-57392.0,26792.0
-57872.0,27154.0
-57120.0,26988.0
-57264.0,26962.0
-57360.0,26848.0
-57216.0,26898.0
-57524.0,27148.0
-57704.0,27328.0
-57604.0,27382.0
-57412.0,27294.0
-57768.0,27356.0
-57444.0,27268.0
-57668.0,27326.0
-58472.0,27794.0
-58668.0,27978.0
-58172.0,27934.0
-58248.0,27904.0
-58420.0,27846.0
-58068.0,27674.0
-58520.0,27572.0
-58784.0,27796.0
-58808.0,28160.0
-59028.0,28554.0
-58868.0,28228.0
-58476.0,28098.0
-58060.0,28046.0
-58688.0,28194.0
-58680.0,28072.0
-58548.0,27862.0
-58568.0,27704.0
-58416.0,27650.0
-58848.0,27816.0
-58272.0,27624.0
-58196.0,27468.0
-57920.0,27364.0
-57584.0,27268.0
-57632.0,27276.0
-58400.0,27364.0
-57692.0,27228.0
-58104.0,27192.0
-57608.0,27110.0
-57828.0,27128.0
-57688.0,27022.0
-57712.0,26852.0
-57700.0,26868.0
-57784.0,26858.0
-57416.0,26598.0
-57764.0,26668.0
-57476.0,26502.0
-57372.0,26386.0
-57092.0,26292.0
-57396.0,26496.0
-57372.0,26622.0
-57088.0,26652.0
-57440.0,26828.0
-57424.0,26968.0
-57824.0,26998.0
-57800.0,27074.0
-57384.0,26854.0
-57544.0,26694.0
-57412.0,26782.0
-57648.0,26660.0
-57608.0,26548.0
-57872.0,26760.0
-57740.0,26708.0
-57204.0,26740.0
-57480.0,26712.0
-58184.0,27000.0
-58052.0,26990.0
-58248.0,26950.0
-58020.0,26974.0
-57676.0,26916.0
-57788.0,27016.0
-57788.0,27008.0
-57956.0,26946.0
-57688.0,26800.0
-57656.0,26776.0
-57904.0,26748.0
-57136.0,26398.0
-57596.0,26550.0
-57196.0,26604.0
-57352.0,26828.0
-57264.0,26772.0
-57532.0,26844.0
-57176.0,26884.0
-57024.0,26814.0
-57112.0,26634.0
-57040.0,26800.0
-57048.0,26920.0
-57092.0,26650.0
-57172.0,26608.0
-56932.0,26796.0
-57552.0,26938.0
-57276.0,26624.0
-57820.0,26942.0
-57660.0,26830.0
-57712.0,26882.0
-57548.0,26806.0
-57408.0,26950.0
-57232.0,26754.0
-57640.0,26804.0
-57252.0,26668.0
-57632.0,26794.0
-57564.0,26748.0
-57660.0,26640.0
-57660.0,26614.0
-57392.0,26544.0
-57952.0,26658.0
-57596.0,26424.0
-57536.0,26440.0
-57240.0,26262.0
-57328.0,26182.0
-57204.0,26060.0
-56752.0,25982.0
-56500.0,25976.0
-56812.0,25856.0
-56916.0,25716.0
-56932.0,25926.0
-57168.0,26096.0
-57272.0,26130.0
-57532.0,26350.0
-57180.0,26046.0
-56876.0,25968.0
-57012.0,26238.0
-57616.0,26338.0
-57116.0,26068.0
-57196.0,25980.0
-57368.0,26020.0
-57352.0,26050.0
-57292.0,25924.0
-57472.0,25882.0
-57436.0,25864.0
-57052.0,25444.0
-57044.0,25634.0
-57036.0,25750.0
-56288.0,25520.0
-56028.0,25106.0
-56200.0,25310.0
-56540.0,25460.0
-56944.0,25512.0
-56912.0,25606.0
-56808.0,25690.0
-57008.0,25904.0
-57472.0,25990.0
-56700.0,25928.0
-57144.0,26120.0
-57396.0,26336.0
-57328.0,26322.0
-57192.0,26158.0
-57608.0,26126.0
-57300.0,26218.0
-57532.0,26286.0
-57632.0,26512.0
-57476.0,26390.0
-57540.0,26344.0
-57128.0,26288.0
-57024.0,26240.0
-56848.0,26062.0
-57408.0,26144.0
-57208.0,26052.0
-57228.0,25938.0
-57220.0,25738.0
-57300.0,25852.0
-57036.0,25824.0
-57456.0,25890.0
-58112.0,26216.0
-58016.0,26348.0
-57612.0,26330.0
-57652.0,26362.0
-57972.0,26446.0
-58036.0,26650.0
-57968.0,26634.0
-57952.0,26854.0
-58136.0,26892.0
-57980.0,26864.0
-58468.0,26742.0
-58108.0,26642.0
-57656.0,26486.0
-57688.0,26468.0
-58104.0,26728.0
-57868.0,26634.0
-57676.0,26520.0
-57620.0,26472.0
-57848.0,26432.0
-58016.0,26560.0
-57468.0,26580.0
-57960.0,27020.0
-58396.0,27016.0
-58464.0,27204.0
-58460.0,27334.0
-58532.0,27186.0
-58056.0,27122.0
-57924.0,26998.0
-58084.0,26948.0
-58176.0,27044.0
-57348.0,26572.0
-57732.0,26610.0
-58032.0,26602.0
-57916.0,26614.0
-57648.0,26784.0
-57968.0,27010.0
-57964.0,26964.0
-57712.0,26884.0
-57800.0,26860.0
-57416.0,26858.0
-57588.0,26966.0
-57716.0,26848.0
-57732.0,27072.0
-57616.0,26928.0
-57812.0,26994.0
-57620.0,26932.0
-57520.0,27098.0
-57632.0,26982.0
-57620.0,26914.0
-57684.0,27112.0
-57244.0,26962.0
-57704.0,27060.0
-58176.0,27390.0
-58052.0,27276.0
-57824.0,27070.0
-57160.0,26914.0
-57924.0,27270.0
-57900.0,27160.0
-58328.0,27266.0
-58216.0,27304.0
-58028.0,27202.0
-57688.0,27384.0
-57796.0,27246.0
-57512.0,26982.0
-57768.0,27232.0
-58060.0,27206.0
-57416.0,26852.0
-57308.0,26846.0
-57236.0,26930.0
-57280.0,26954.0
-57592.0,27148.0
-57640.0,27122.0
-57712.0,27074.0
-57604.0,26876.0
-57884.0,26934.0
-57876.0,27102.0
-57972.0,27214.0
-58036.0,27406.0
-57940.0,27500.0
-58184.0,27590.0
-58508.0,27512.0
-57984.0,27566.0
-57960.0,27490.0
-57556.0,27276.0
-57960.0,27610.0
-58820.0,27952.0
-59204.0,28146.0
-58484.0,27734.0
-58756.0,27856.0
-58552.0,27742.0
-58576.0,27642.0
-58388.0,27688.0
-58228.0,27492.0
-57848.0,27164.0
-57948.0,27354.0
-58044.0,27200.0
-58300.0,27282.0
-58380.0,27436.0
-58896.0,27546.0
-58432.0,27562.0
-58372.0,27554.0
-58064.0,27278.0
-58872.0,27602.0
-58744.0,27432.0
-58768.0,27510.0
-58708.0,27576.0
-58228.0,27332.0
-58208.0,27312.0
-58220.0,27308.0
-58200.0,27324.0
-57884.0,27292.0
-57780.0,27312.0
-57684.0,27210.0
-57724.0,27154.0
-57276.0,26780.0
-56968.0,26624.0
-57720.0,26926.0
-57788.0,27056.0
-57496.0,26920.0
-57408.0,26776.0
-57520.0,26672.0
-57272.0,26772.0
-56896.0,26782.0
-56744.0,26898.0
-57272.0,27158.0
-57980.0,27364.0
-57860.0,27400.0
-58264.0,27548.0
-58428.0,27714.0
-58200.0,27770.0
-58164.0,27642.0
-58468.0,27508.0
-58028.0,27234.0
-58384.0,27362.0
-58268.0,27540.0
-58360.0,27652.0
-58560.0,27694.0
-58380.0,27402.0
-58340.0,27610.0
-58276.0,27660.0
-58580.0,27564.0
-58024.0,27436.0
-58428.0,27618.0
-58552.0,27808.0
-58068.0,27790.0
-58388.0,27860.0
-58084.0,27626.0
-57612.0,27328.0
-57352.0,27258.0
-57404.0,27494.0
-57892.0,27510.0
-58152.0,27628.0
-57996.0,27680.0
-58088.0,27662.0
-58068.0,27612.0
-57724.0,27464.0
-57940.0,27228.0
-57560.0,27146.0
-57380.0,27174.0
-57780.0,27272.0
-57740.0,27226.0
-57416.0,27306.0
-57804.0,27300.0
-57280.0,27076.0
-56836.0,26886.0
-57456.0,26898.0
-57088.0,26696.0
-57040.0,26564.0
-56736.0,26486.0
-57092.0,26584.0
-56804.0,26540.0
-56700.0,26594.0
-57172.0,26908.0
-57044.0,27018.0
-57456.0,27074.0
-56924.0,26950.0
-56856.0,26954.0
-56988.0,27022.0
-57180.0,27040.0
-57288.0,26918.0
-57296.0,26818.0
-57656.0,26838.0
-57508.0,26864.0
-57968.0,27170.0
-57984.0,27154.0
-57756.0,27204.0
-57216.0,26966.0
-56872.0,26768.0
-57244.0,26794.0
-57168.0,26856.0
-56984.0,26806.0
-56844.0,26568.0
-57032.0,26774.0
-57052.0,26794.0
-57184.0,26884.0
-57376.0,26978.0
-57836.0,27296.0
-57904.0,27508.0
-58388.0,27558.0
-57916.0,27648.0
-57764.0,27560.0
-57852.0,27838.0
-58276.0,27970.0
-58396.0,28038.0
-58612.0,28122.0
-58228.0,27856.0
-58344.0,27632.0
-58508.0,27720.0
-58456.0,27628.0
-58184.0,27722.0
-58788.0,27906.0
-58512.0,27786.0
-58856.0,27658.0
-58308.0,27476.0
-58768.0,27600.0
-58632.0,27526.0
-58596.0,27550.0
-58512.0,27418.0
-58084.0,27134.0
-58140.0,27072.0
-57768.0,27074.0
-57484.0,27076.0
-57268.0,27136.0
-56836.0,26908.0
-56668.0,26926.0
-56832.0,26932.0
-57004.0,26928.0
-57512.0,27024.0
-57900.0,27298.0
-58064.0,27360.0
-57704.0,27154.0
-57848.0,27084.0
-57304.0,26842.0
-57892.0,27186.0
-57236.0,27030.0
-57408.0,27096.0
-57316.0,27014.0
-57336.0,26988.0
-57284.0,27062.0
-57816.0,27368.0
-57432.0,27210.0
-58036.0,27244.0
-57696.0,27126.0
-57668.0,27062.0
-57448.0,26918.0
-57916.0,27188.0
-57764.0,27160.0
-57840.0,27086.0
-57556.0,26880.0
-57660.0,27160.0
-57832.0,27402.0
-57408.0,27312.0
-57608.0,27308.0
-57628.0,27316.0
-57600.0,27186.0
-57780.0,27234.0
-57232.0,27084.0
-57424.0,27172.0
-57304.0,26968.0
-57304.0,26882.0
-57500.0,27092.0
-57732.0,27122.0
-57688.0,27130.0
-57340.0,27054.0
-57420.0,27318.0
-57336.0,27162.0
-57128.0,27066.0
-56864.0,27256.0
-57400.0,27264.0
-57672.0,27354.0
-57444.0,27232.0
-57480.0,27366.0
-57748.0,27378.0
-57512.0,27200.0
-57876.0,27392.0
-57444.0,27288.0
-57252.0,27196.0
-57576.0,27268.0
-57556.0,27202.0
-57692.0,27036.0
-57716.0,26994.0
-57380.0,26788.0
-57268.0,26804.0
-57628.0,27178.0
-57796.0,27264.0
-57880.0,27212.0
-57796.0,27320.0
-57712.0,27412.0
-57716.0,27440.0
-57980.0,27554.0
-57896.0,27748.0
-57900.0,27674.0
-57804.0,27594.0
-57648.0,27298.0
-57888.0,27304.0
-57736.0,27172.0
-57084.0,27174.0
-58448.0,27440.0
-58224.0,27596.0
-58424.0,27780.0
-57840.0,27546.0
-58072.0,27566.0
-58312.0,27834.0
-57984.0,27836.0
-57840.0,28004.0
-58596.0,28348.0
-58452.0,28232.0
-58592.0,28154.0
-58524.0,28334.0
-58172.0,28358.0
-58576.0,28274.0
-58208.0,28116.0
-58004.0,28046.0
-58164.0,28232.0
-58496.0,28316.0
-58268.0,28144.0
-58304.0,28070.0
-58540.0,28244.0
-58348.0,28196.0
-58180.0,28318.0
-58244.0,27986.0
-58264.0,28132.0
-57740.0,27874.0
-57732.0,27610.0
-57500.0,27796.0
-57396.0,27800.0
-57644.0,27772.0
-58044.0,28012.0
-58332.0,28084.0
-57796.0,27874.0
-57812.0,27692.0
-58156.0,27922.0
-58408.0,28208.0
-58324.0,28112.0
-58112.0,28016.0
-57928.0,27902.0
-57844.0,27850.0
-57976.0,27672.0
-57924.0,27752.0
-57872.0,27840.0
-58220.0,27892.0
-58336.0,28140.0
-58020.0,27982.0
-57956.0,27874.0
-57984.0,27810.0
-57884.0,27824.0
-58220.0,27858.0
-58304.0,28054.0
-58212.0,27876.0
-58048.0,27820.0
-57692.0,27862.0
-58944.0,28114.0
-58920.0,28198.0
-58872.0,28382.0
-58344.0,28132.0
-58896.0,28250.0
-58372.0,27990.0
-58492.0,27892.0
-58360.0,27740.0
-58604.0,27976.0
-58244.0,27778.0
-58292.0,27778.0
-58200.0,27708.0
-58276.0,27734.0
-58052.0,27616.0
-58232.0,27370.0
-58048.0,27442.0
-58404.0,27460.0
-58248.0,27528.0
-58644.0,27566.0
-57696.0,27158.0
-57756.0,27062.0
-57756.0,27172.0
-57836.0,27128.0
-57456.0,27002.0
-57688.0,26936.0
-57968.0,27120.0
-57708.0,27110.0
-57204.0,26928.0
-57432.0,26838.0
-57416.0,26914.0
-57568.0,27000.0
-57040.0,26650.0
-57216.0,26838.0
-57068.0,26654.0
-57844.0,26676.0
-57876.0,26946.0
-57576.0,26780.0
-57552.0,26848.0
-57996.0,27168.0
-57936.0,27030.0
-57596.0,26824.0
-58104.0,26930.0
-57812.0,26612.0
-57620.0,26502.0
-57540.0,26408.0
-57464.0,26290.0
-57000.0,25776.0
-57004.0,25798.0
-57084.0,25734.0
-57440.0,25872.0
-57496.0,26102.0
-57644.0,26154.0
-57880.0,26070.0
-57780.0,26210.0
-57320.0,26214.0
-57976.0,26556.0
-57592.0,26270.0
-57092.0,26104.0
-56508.0,25958.0
-56644.0,25660.0
-56748.0,25642.0
-56916.0,25650.0
-56928.0,25584.0
-57080.0,25540.0
-56444.0,25438.0
-56408.0,25178.0
-56592.0,25360.0
-57200.0,25644.0
-57252.0,25720.0
-57024.0,25514.0
-57072.0,25180.0
-56908.0,25030.0
-56912.0,24888.0
-57124.0,24988.0
-57116.0,24818.0
-56544.0,24780.0
-56560.0,24920.0
-55724.0,24614.0
-56208.0,24916.0
-56344.0,24842.0
-56816.0,25200.0
-57428.0,25016.0
-57284.0,24816.0
-57248.0,25012.0
-56580.0,24880.0
-56796.0,24968.0
-56512.0,24750.0
-56784.0,24570.0
-56700.0,24404.0
-56868.0,24278.0
-56820.0,24016.0
-56464.0,24030.0
-56888.0,24156.0
-56872.0,24116.0
-56976.0,24248.0
-57204.0,24580.0
-57236.0,24642.0
-57180.0,24560.0
-56988.0,24712.0
-57288.0,25000.0
-57368.0,24844.0
-57472.0,24810.0
-57492.0,24900.0
-57628.0,24948.0
-57300.0,25094.0
-56852.0,24920.0
-56920.0,24786.0
-56624.0,24460.0
-56964.0,24480.0
-56740.0,24108.0
-56520.0,24226.0
-56336.0,24130.0
-55808.0,23958.0
-56848.0,24226.0
-57116.0,24538.0
-57196.0,24484.0
-57568.0,24724.0
-57056.0,24408.0
-56840.0,24400.0
-57104.0,24228.0
-56960.0,24242.0
-57196.0,24240.0
-57200.0,24282.0
-57744.0,24524.0
-57224.0,24718.0
-57132.0,24630.0
-57112.0,24432.0
-56928.0,24408.0
-57140.0,24448.0
-57516.0,24542.0
-57364.0,24396.0
-57016.0,24246.0
-56980.0,24276.0
-56892.0,24312.0
-56704.0,24140.0
-57428.0,24328.0
-57420.0,24528.0
-57372.0,24834.0
-57460.0,24952.0
-57320.0,24980.0
-57820.0,24960.0
-57636.0,24824.0
-57608.0,24880.0
-57380.0,24724.0
-56792.0,24438.0
-57080.0,24494.0
-57120.0,24412.0
-57192.0,24758.0
-57264.0,24752.0
-57376.0,25060.0
-57300.0,24970.0
-57060.0,25142.0
-57356.0,25052.0
-57608.0,25284.0
-57276.0,25126.0
-57128.0,24934.0
-57304.0,24800.0
-56836.0,24792.0
-56812.0,24836.0
-57260.0,25008.0
-57372.0,25036.0
-57056.0,24752.0
-57280.0,24732.0
-56940.0,24400.0
-56836.0,24412.0
-56888.0,24316.0
-56736.0,24352.0
-56352.0,24330.0
-56724.0,24320.0
-56932.0,24332.0
-56792.0,24404.0
-56208.0,24184.0
-57008.0,24534.0
-57032.0,24550.0
-58012.0,24758.0
-57736.0,24644.0
-57160.0,24426.0
-57276.0,24460.0
-57072.0,24406.0
-56732.0,24270.0
-56584.0,24274.0
-56676.0,24276.0
-56232.0,24218.0
-56136.0,24106.0
-56320.0,24200.0
-56072.0,24080.0
-56192.0,24400.0
-56092.0,24212.0
-56144.0,24314.0
-56428.0,24554.0
-56364.0,24672.0
-56308.0,24570.0
-56440.0,24418.0
-55924.0,24108.0
-56408.0,24312.0
-56308.0,24410.0
-56392.0,24384.0
-56368.0,24330.0
-56356.0,24002.0
-56184.0,23814.0
-56292.0,23938.0
-56076.0,23826.0
-56772.0,23920.0
-56216.0,23836.0
-56568.0,24052.0
-56212.0,23680.0
-56560.0,23770.0
-56224.0,23638.0
-56420.0,23638.0
-56420.0,23672.0
-56652.0,23568.0
-56756.0,23616.0
-56884.0,23556.0
-56620.0,23392.0
-56316.0,23432.0
-56588.0,23790.0
-56508.0,23674.0
-56624.0,23778.0
-57092.0,24088.0
-56672.0,24100.0
-56248.0,23742.0
-56612.0,23820.0
-56192.0,23638.0
-56448.0,23720.0
-56780.0,23916.0
-56620.0,23884.0
-56308.0,23866.0
-56820.0,23864.0
-56992.0,23876.0
-56640.0,23848.0
-56672.0,23976.0
-56320.0,24004.0
-56376.0,23996.0
-56252.0,23748.0
-56440.0,23758.0
-56464.0,23704.0
-56104.0,23906.0
-56784.0,23980.0
-56784.0,23872.0
-56704.0,23602.0
-56580.0,23546.0
-56984.0,23610.0
-56844.0,23608.0
-56544.0,23530.0
-56484.0,23750.0
-56568.0,23784.0
-56428.0,23650.0
-56384.0,23882.0
-57064.0,23928.0
-57116.0,24054.0
-57592.0,23986.0
-57116.0,23774.0
-56588.0,23412.0
-56848.0,23560.0
-56468.0,23292.0
-56168.0,23362.0
-56676.0,23264.0
-56624.0,23480.0
-56928.0,23614.0
-56680.0,23890.0
-57116.0,23934.0
-57452.0,24054.0
-57188.0,23714.0
-56848.0,23388.0
-56800.0,23364.0
-56440.0,23264.0
-56624.0,23178.0
-56232.0,23204.0
-56808.0,23386.0
-56664.0,23534.0
-56668.0,23228.0
-56684.0,23362.0
-56992.0,23432.0
-56976.0,23388.0
-56756.0,23534.0
-57364.0,23842.0
-57452.0,23750.0
-57856.0,23738.0
-57400.0,23666.0
-57448.0,23876.0
-57048.0,23712.0
-57040.0,23538.0
-57496.0,23644.0
-57544.0,23778.0
-57472.0,23738.0
-56736.0,23514.0
-56632.0,23790.0
-56764.0,23856.0
-56704.0,23758.0
-57048.0,24032.0
-56916.0,23866.0
-56940.0,23798.0
-56960.0,23586.0
-56748.0,23636.0
-56864.0,23714.0
-56500.0,23446.0
-56720.0,23362.0
-56948.0,23446.0
-56900.0,23528.0
-56820.0,23542.0
-57020.0,23492.0
-56696.0,23334.0
-56464.0,23202.0
-57048.0,23258.0
-57468.0,23344.0
-56980.0,23044.0
-56596.0,22980.0
-56600.0,23122.0
-56848.0,23052.0
-56476.0,23064.0
-56824.0,23378.0
-57144.0,23414.0
-57168.0,23278.0
-56972.0,23382.0
-56716.0,23338.0
-56772.0,23566.0
-57108.0,23750.0
-56860.0,23720.0
-56480.0,23722.0
-57140.0,23992.0
-57504.0,24286.0
-57604.0,24300.0
-56988.0,24020.0
-56900.0,23966.0
-56728.0,24082.0
-56384.0,23732.0
-56520.0,23580.0
-56588.0,23656.0
-56640.0,23372.0
-56772.0,23438.0
-56748.0,23428.0
-57176.0,23362.0
-56860.0,23396.0
-57144.0,23176.0
-56952.0,23028.0
-56972.0,23124.0
-56832.0,23118.0
-56764.0,23296.0
-56252.0,22994.0
-56208.0,23026.0
-56092.0,22882.0
-56240.0,22798.0
-56116.0,22738.0
-56204.0,22702.0
-56664.0,22938.0
-56596.0,23106.0
-56740.0,23256.0
-56732.0,23238.0
-56652.0,23104.0
-56304.0,23378.0
-56324.0,23300.0
-56112.0,23266.0
-56528.0,23278.0
-56812.0,23242.0
-56932.0,23420.0
-56736.0,23312.0
-55956.0,23100.0
-56260.0,23216.0
-56100.0,23282.0
-56732.0,23484.0
-57036.0,23456.0
-56728.0,23484.0
-56820.0,23446.0
-56948.0,23422.0
-56576.0,23144.0
-56600.0,23202.0
-56656.0,23404.0
-56464.0,23420.0
-57328.0,23576.0
-57228.0,23526.0
-56940.0,23580.0
-56868.0,23386.0
-57076.0,23470.0
-57128.0,23332.0
-56652.0,23258.0
-56540.0,23212.0
-56772.0,23234.0
-56168.0,22854.0
-56240.0,22762.0
-56044.0,22918.0
-56112.0,23020.0
-56032.0,22896.0
-55948.0,22790.0
-56056.0,22752.0
-56176.0,22778.0
-56452.0,22932.0
-56176.0,23068.0
-56360.0,23158.0
-56448.0,23058.0
-56804.0,23180.0
-56704.0,23152.0
-56728.0,23024.0
-56592.0,23058.0
-56664.0,23178.0
-56772.0,23110.0
-56664.0,23160.0
-56584.0,23028.0
-56240.0,22938.0
-55840.0,23080.0
-56464.0,23026.0
-56908.0,23308.0
-57168.0,23380.0
-57048.0,23480.0
-56924.0,23350.0
-57524.0,23474.0
-57508.0,23620.0
-57208.0,23452.0
-57140.0,23372.0
-57116.0,23548.0
-56724.0,23700.0
-56660.0,23470.0
-56328.0,23254.0
-56540.0,23254.0
-56452.0,23510.0
-55948.0,23152.0
-56168.0,23190.0
-56252.0,23348.0
-55708.0,23160.0
-55948.0,23286.0
-55884.0,23276.0
-55948.0,23238.0
-56456.0,23078.0
-56784.0,23102.0
-57004.0,23052.0
-57084.0,23070.0
-57036.0,22872.0
-56904.0,22926.0
-56696.0,23130.0
-56520.0,22976.0
-56488.0,22902.0
-55764.0,22616.0
-55780.0,22522.0
-55828.0,22486.0
-56292.0,22746.0
-56456.0,22668.0
-56564.0,22728.0
-56704.0,22806.0
-56852.0,22934.0
-57020.0,23202.0
-56760.0,22996.0
-57256.0,23122.0
-57252.0,23092.0
-57060.0,22964.0
-56972.0,23146.0
-56872.0,22900.0
-56872.0,22684.0
-57280.0,22776.0
-57052.0,22770.0
-56616.0,22762.0
-55888.0,22860.0
-56228.0,22908.0
-56140.0,22674.0
-56172.0,22694.0
-56184.0,22452.0
-55876.0,22506.0
-56096.0,22476.0
-56364.0,22460.0
-56340.0,22294.0
-55856.0,22158.0
-55652.0,22082.0
-55456.0,21886.0
-55636.0,21842.0
-56104.0,22156.0
-56396.0,22514.0
-56332.0,22286.0
-56564.0,22664.0
-56520.0,22664.0
-56984.0,22678.0
-57052.0,22750.0
-56972.0,22888.0
-57040.0,22942.0
-57080.0,22956.0
-57320.0,22986.0
-56724.0,22900.0
-56952.0,22950.0
-57128.0,23026.0
-57312.0,23086.0
-57264.0,23018.0
-56928.0,22818.0
-56920.0,22676.0
-56708.0,22466.0
-56384.0,22518.0
-56608.0,22626.0
-56656.0,22598.0
-56504.0,22458.0
-56084.0,22478.0
-56124.0,22578.0
-56232.0,22580.0
-55820.0,22310.0
-55800.0,22422.0
-55632.0,22156.0
-56424.0,22126.0
-56060.0,22196.0
-56032.0,22226.0
-55928.0,22106.0
-55820.0,22192.0
-55672.0,21926.0
-55388.0,21882.0
-54956.0,21392.0
-55756.0,21838.0
-55944.0,21888.0
-56316.0,22040.0
-56104.0,22136.0
-56272.0,22166.0
-56436.0,22158.0
-56016.0,22138.0
-55852.0,22150.0
-56056.0,22270.0
-55716.0,21950.0
-55560.0,21896.0
-55548.0,21728.0
-55844.0,21660.0
-55560.0,21536.0
-55564.0,21568.0
-55908.0,21642.0
-55720.0,21738.0
-56320.0,21952.0
-56576.0,21998.0
-56248.0,22094.0
-55852.0,21962.0
-56044.0,21942.0
-55996.0,22024.0
-55976.0,22092.0
-55420.0,22144.0
-55512.0,21914.0
-56156.0,21934.0
-56052.0,21934.0
-55944.0,21894.0
-56144.0,21880.0
-56168.0,21936.0
-56392.0,21836.0
-56320.0,22026.0
-56460.0,21994.0
-56576.0,22098.0
-56404.0,22186.0
-56476.0,22246.0
-56412.0,22270.0
-56500.0,22322.0
-56928.0,22376.0
-56784.0,22528.0
-56732.0,22656.0
-57232.0,23098.0
-57168.0,23216.0
-57264.0,23502.0
-56888.0,23132.0
-56704.0,23020.0
-56588.0,22920.0
-56452.0,23000.0
-56352.0,22926.0
-56552.0,23012.0
-56452.0,23054.0
-56460.0,22780.0
-56552.0,22716.0
-56876.0,22804.0
-57012.0,22976.0
-56880.0,22848.0
-56592.0,22762.0
-56404.0,22768.0
-56564.0,22774.0
-56196.0,22776.0
-55788.0,22772.0
-56108.0,22574.0
-56112.0,22594.0
-56520.0,22530.0
-56564.0,22666.0
-56240.0,22706.0
-56156.0,22916.0
-56004.0,22902.0
-56396.0,22928.0
-56364.0,23112.0
-56548.0,23144.0
-56876.0,23292.0
-56960.0,23432.0
-57012.0,23370.0
-56984.0,23328.0
-57232.0,23458.0
-57136.0,23492.0
-57016.0,23452.0
-57576.0,23426.0
-56968.0,23194.0
-56688.0,23198.0
-56688.0,23406.0
-56608.0,23144.0
-56908.0,23002.0
-56336.0,22806.0
-56664.0,22956.0
-56228.0,22680.0
-56240.0,22970.0
-56492.0,23080.0
-56532.0,23368.0
-56692.0,23416.0
-56584.0,23512.0
-56548.0,23356.0
-56960.0,23656.0
-56780.0,23808.0
-57148.0,23902.0
-57336.0,23748.0
-56868.0,23680.0
-56752.0,23766.0
-56392.0,23620.0
-56476.0,23540.0
-56708.0,23634.0
-56680.0,23734.0
-57052.0,23566.0
-56932.0,23472.0
-56720.0,23374.0
-57036.0,23538.0
-57016.0,23694.0
-56744.0,23562.0
-56680.0,23872.0
-57164.0,24158.0
-57004.0,23996.0
-57124.0,24156.0
-57188.0,23924.0
-56844.0,23780.0
-56756.0,23622.0
-56628.0,23528.0
-55912.0,23360.0
-56204.0,23568.0
-56620.0,23722.0
-56464.0,23696.0
-56416.0,23658.0
-56832.0,23696.0
-56928.0,23798.0
-56712.0,23932.0
-56568.0,23810.0
-56536.0,23656.0
-56616.0,23440.0
-55864.0,23652.0
-56592.0,23814.0
-56936.0,23932.0
-56700.0,23966.0
-57236.0,24144.0
-56944.0,24218.0
-57412.0,24468.0
-57636.0,24216.0
-57632.0,24310.0
-57640.0,24300.0
-57016.0,23890.0
-57196.0,24046.0
-57148.0,23840.0
-56860.0,23878.0
-56696.0,23784.0
-56564.0,23742.0
-56484.0,23692.0
-57080.0,23858.0
-56820.0,23866.0
-56156.0,23658.0
-56824.0,23734.0
-56908.0,23892.0
-56684.0,23846.0
-57124.0,23876.0
-56688.0,23858.0
-56512.0,23630.0
-56348.0,23800.0
-56612.0,23882.0
-56360.0,23822.0
-56260.0,23600.0
-56936.0,24082.0
-56356.0,24122.0
-56672.0,24108.0
-56528.0,24172.0
-56404.0,24094.0
-56300.0,24248.0
-56328.0,24202.0
-56116.0,24000.0
-55908.0,23984.0
-55720.0,24068.0
-56420.0,24488.0
-56556.0,24642.0
-56708.0,24884.0
-56700.0,24600.0
-56188.0,24422.0
-56536.0,24564.0
-56732.0,24612.0
-56860.0,24670.0
-56988.0,24660.0
-56608.0,24726.0
-57028.0,24634.0
-56560.0,24502.0
-56868.0,24524.0
-56852.0,24408.0
-56688.0,24294.0
-56680.0,24332.0
-56456.0,24082.0
-56416.0,24270.0
-56584.0,24100.0
-56404.0,24064.0
-56956.0,24350.0
-56684.0,24158.0
-57164.0,24306.0
-56940.0,24490.0
-56696.0,24486.0
-56700.0,24390.0
-56964.0,24306.0
-56916.0,24172.0
-56404.0,24152.0
-56816.0,24172.0
-57044.0,24310.0
-57104.0,24236.0
-57428.0,24148.0
-57124.0,24238.0
-57008.0,24260.0
-57148.0,24466.0
-57584.0,24666.0
-56932.0,24496.0
-56936.0,24428.0
-56756.0,24696.0
-57172.0,24816.0
-57252.0,24746.0
-57636.0,24834.0
-57320.0,24762.0
-57544.0,24852.0
-57664.0,24996.0
-57220.0,24790.0
-57572.0,24938.0
-57140.0,24948.0
-57336.0,24740.0
-57500.0,24626.0
-56808.0,24428.0
-57080.0,24590.0
-57012.0,24428.0
-57220.0,24590.0
-57144.0,24686.0
-57044.0,24662.0
-56824.0,24708.0
-56544.0,24488.0
-56800.0,24452.0
-56300.0,24242.0
-57200.0,24548.0
-57092.0,24634.0
-56600.0,24616.0
-56868.0,24628.0
-56852.0,24566.0
-57200.0,24804.0
-56832.0,24786.0
-57020.0,24874.0
-57424.0,25138.0
-57424.0,25160.0
-56864.0,24836.0
-56800.0,24510.0
-57260.0,24606.0
-56592.0,24556.0
-56672.0,24596.0
-57140.0,24624.0
-57136.0,24760.0
-57420.0,25122.0
-57732.0,25248.0
-57732.0,24872.0
-57496.0,25056.0
-57468.0,25018.0
-57224.0,24778.0
-57500.0,24838.0
-57036.0,24900.0
-57428.0,24930.0
-56988.0,24782.0
-56712.0,24678.0
-56808.0,24442.0
-56464.0,24510.0
-56772.0,24824.0
-56640.0,24660.0
-56696.0,24710.0
-56420.0,24454.0
-56420.0,24602.0
-57068.0,24934.0
-57572.0,25106.0
-57416.0,25102.0
-56948.0,25008.0
-56868.0,25210.0
-56680.0,25128.0
-57020.0,25442.0
-57880.0,25734.0
-57752.0,25912.0
-57708.0,26002.0
-57952.0,26050.0
-57900.0,26022.0
-57740.0,25986.0
-57532.0,25800.0
-57072.0,25440.0
-57524.0,25682.0
-57484.0,25748.0
-57088.0,25640.0
-57812.0,25932.0
-57400.0,25954.0
-57420.0,25998.0
-57868.0,25956.0
-57512.0,26022.0
-57428.0,26008.0
-57472.0,26048.0
-57612.0,26134.0
-58016.0,26376.0
-57896.0,26418.0
-57916.0,26320.0
-57468.0,26122.0
-57372.0,25980.0
-57296.0,25680.0
-57328.0,25548.0
-57084.0,25586.0
-57120.0,25478.0
-57360.0,25652.0
-57384.0,25590.0
-57152.0,25508.0
-57680.0,25584.0
-57596.0,25764.0
-57952.0,25608.0
-57716.0,25648.0
-57564.0,25638.0
-57172.0,25522.0
-57540.0,25818.0
-57412.0,25686.0
-57596.0,25726.0
-56848.0,25496.0
-56740.0,25536.0
-57012.0,25692.0
-57204.0,25746.0
-57124.0,25700.0
-57036.0,25572.0
-57204.0,25504.0
-57364.0,25558.0
-58076.0,25664.0
-57464.0,25552.0
-57352.0,25462.0
-57312.0,25602.0
-57124.0,25530.0
-57348.0,25434.0
-57168.0,25336.0
-57140.0,25404.0
-56824.0,25098.0
-57224.0,25214.0
-56904.0,24964.0
-57232.0,24826.0
-57220.0,24870.0
-57116.0,24762.0
-56776.0,24666.0
-56596.0,24690.0
-56532.0,24866.0
-56664.0,24508.0
-56928.0,24670.0
-56652.0,24706.0
-57016.0,24818.0
-57048.0,24768.0
-57304.0,24668.0
-57412.0,24818.0
-57240.0,24778.0
-57176.0,24882.0
-56748.0,24768.0
-57332.0,25072.0
-57672.0,25272.0
-57480.0,25288.0
-57672.0,25458.0
-57368.0,25512.0
-57444.0,25528.0
-57616.0,25590.0
-57928.0,25524.0
-57632.0,25618.0
-58020.0,25918.0
-57740.0,26076.0
-58036.0,26026.0
-58364.0,25998.0
-57840.0,25864.0
-57120.0,25676.0
-57340.0,26052.0
-57652.0,26108.0
-57376.0,25918.0
-57352.0,25826.0
-57436.0,25810.0
-57388.0,25858.0
-57508.0,25874.0
-57288.0,25746.0
-57672.0,25574.0
-57416.0,25684.0
-57464.0,25754.0
-57564.0,25898.0
-57272.0,26020.0
-57836.0,26206.0
-57884.0,26062.0
-58256.0,26242.0
-58224.0,26004.0
-58172.0,26028.0
-58016.0,26024.0
-58412.0,26314.0
-58056.0,25974.0
-57668.0,25768.0
-57560.0,25710.0
-57404.0,25360.0
-57692.0,25206.0
-57668.0,25342.0
-57428.0,25402.0
-57896.0,25448.0
-57900.0,25540.0
-57864.0,25632.0
-58080.0,25550.0
-57720.0,25550.0
-57880.0,25602.0
-57892.0,25740.0
-57980.0,25890.0
-57916.0,25888.0
-57640.0,25880.0
-57076.0,25618.0
-56688.0,25710.0
-57088.0,25834.0
-57396.0,25782.0
-57956.0,26030.0
-57444.0,25948.0
-57108.0,25598.0
-57336.0,25812.0
-57716.0,26064.0
-57864.0,26396.0
-58216.0,26278.0
-58204.0,26268.0
-58140.0,26294.0
-58092.0,26476.0
-58320.0,26616.0
-57700.0,26494.0
-57436.0,26166.0
-57072.0,26016.0
-57304.0,26028.0
-57164.0,26098.0
-57312.0,26100.0
-57472.0,26174.0
-57588.0,26160.0
-57208.0,25976.0
-57232.0,26004.0
-57304.0,26074.0
-57724.0,26316.0
-57756.0,26208.0
-57652.0,26140.0
-57620.0,26194.0
-57692.0,26218.0
-57424.0,26166.0
-57428.0,26230.0
-57832.0,26666.0
-57724.0,26430.0
-57816.0,26368.0
-58260.0,26400.0
-58340.0,26320.0
-58704.0,26310.0
-58388.0,26136.0
-57820.0,25998.0
-57908.0,26148.0
-57352.0,26062.0
-57916.0,26314.0
-57844.0,26312.0
-57752.0,26162.0
-57624.0,25960.0
-57672.0,25754.0
-57684.0,25480.0
-57332.0,25410.0
-57096.0,25356.0
-57668.0,25460.0
-57316.0,25382.0
-57048.0,25174.0
-57368.0,25314.0
-57732.0,25636.0
-56988.0,25252.0
-57320.0,25530.0
-56716.0,25138.0
-57192.0,25532.0
-57600.0,25640.0
-57444.0,25512.0
-57236.0,25558.0
-57236.0,25502.0
-57036.0,25300.0
-57392.0,25370.0
-56904.0,25140.0
-56960.0,25122.0
-56888.0,25134.0
-56212.0,24850.0
-56080.0,24780.0
-56024.0,24656.0
-56528.0,24880.0
-56272.0,24560.0
-56960.0,24622.0
-56448.0,24478.0
-56840.0,24526.0
-56632.0,24274.0
-56472.0,24140.0
-56792.0,24360.0
-56964.0,24414.0
-57360.0,24280.0
-56828.0,23970.0
-57224.0,24232.0
-57604.0,24426.0
-57756.0,24500.0
-57660.0,24332.0
-57424.0,24162.0
-57064.0,23870.0
-56856.0,23774.0
-56948.0,23758.0
-57356.0,23946.0
-57056.0,23702.0
-57164.0,23850.0
-56860.0,23806.0
-56952.0,23782.0
-56892.0,23670.0
-56056.0,23266.0
-56156.0,23356.0
-56216.0,23332.0
-56604.0,23688.0
-56672.0,23746.0
-57384.0,24040.0
-57100.0,23850.0
-57052.0,23754.0
-56896.0,23664.0
-56584.0,23732.0
-57316.0,23968.0
-56784.0,23822.0
-57484.0,24122.0
-57536.0,24090.0
-57764.0,24002.0
-57680.0,24274.0
-57400.0,24278.0
-57684.0,24236.0
-57496.0,24230.0
-56904.0,24378.0
-56984.0,24314.0
-56936.0,24286.0
-57160.0,24180.0
-57080.0,23972.0
-56716.0,23850.0
-57232.0,23868.0
-57740.0,23966.0
-57196.0,23690.0
-56932.0,23416.0
-56640.0,23404.0
-56888.0,23640.0
-56924.0,23448.0
-56680.0,23580.0
-56676.0,23694.0
-56672.0,23726.0
-56864.0,23860.0
-57036.0,23768.0
-56660.0,23698.0
-56192.0,23706.0
-56788.0,23838.0
-57056.0,24212.0
-57804.0,24492.0
-57748.0,24544.0
-57396.0,24612.0
-57472.0,24600.0
-57168.0,24620.0
-57080.0,24558.0
-57552.0,24498.0
-57688.0,24490.0
-57640.0,24354.0
-57076.0,23932.0
-57256.0,24110.0
-57344.0,24092.0
-56808.0,23936.0
-56564.0,23872.0
-56736.0,23902.0
-56852.0,24082.0
-56704.0,24142.0
-57172.0,24258.0
-57056.0,24408.0
-57080.0,24526.0
-57416.0,24496.0
-57356.0,24562.0
-57472.0,24566.0
-57956.0,24626.0
-57124.0,24190.0
-57304.0,24298.0
-57628.0,24434.0
-57160.0,24244.0
-57380.0,24494.0
-57356.0,24650.0
-57448.0,24638.0
-57988.0,24876.0
-57460.0,24756.0
-57336.0,24886.0
-57552.0,24682.0
-57392.0,24626.0
-57152.0,24448.0
-57136.0,24382.0
-57160.0,24556.0
-57116.0,24496.0
-56864.0,24378.0
-57124.0,24548.0
-57412.0,24768.0
-57188.0,24564.0
-57320.0,24640.0
-57288.0,24760.0
-57204.0,24630.0
-57616.0,24758.0
-57744.0,24550.0
-57440.0,24200.0
-57184.0,24428.0
-57380.0,24710.0
-57348.0,24798.0
-57088.0,24658.0
-57136.0,24964.0
-56788.0,24318.0
-57400.0,24508.0
-57080.0,24326.0
-57180.0,24284.0
-57172.0,24466.0
-56820.0,24338.0
-57088.0,24320.0
-57224.0,24140.0
-57244.0,24360.0
-57316.0,24208.0
-57340.0,24284.0
-57240.0,24208.0
-57168.0,24406.0
-56900.0,24180.0
-56932.0,24448.0
-56584.0,24402.0
-56828.0,24574.0
-56724.0,24486.0
-56780.0,24542.0
-57180.0,24640.0
-57260.0,24884.0
-57268.0,24852.0
-56980.0,24674.0
-57048.0,24698.0
-56880.0,24734.0
-57180.0,24746.0
-57580.0,24748.0
-57760.0,24790.0
-57376.0,24830.0
-57600.0,24766.0
-57796.0,24778.0
-57692.0,25004.0
-57876.0,24906.0
-57896.0,25068.0
-57572.0,24992.0
-57112.0,24574.0
-57328.0,24648.0
-57076.0,24546.0
-57072.0,24446.0
-56912.0,24338.0
-57000.0,24142.0
-56968.0,24128.0
-56820.0,23914.0
-57096.0,23812.0
-56832.0,23954.0
-56952.0,23942.0
-57388.0,24044.0
-57464.0,24200.0
-57560.0,24206.0
-57196.0,23946.0
-57144.0,24076.0
-56416.0,23886.0
-56780.0,24034.0
-57068.0,24102.0
-57212.0,23972.0
-57336.0,24000.0
-57336.0,23922.0
-57700.0,23900.0
-57208.0,23818.0
-57728.0,23958.0
-57452.0,23790.0
-57464.0,23892.0
-56804.0,23594.0
-56740.0,23692.0
-56940.0,23656.0
-57624.0,23812.0
-58200.0,23910.0
-57768.0,23854.0
-57516.0,23800.0
-57664.0,23818.0
-58032.0,23924.0
-57904.0,23824.0
-58008.0,23988.0
-57780.0,23974.0
-57316.0,24040.0
-57304.0,24170.0
-57640.0,24130.0
-57328.0,24228.0
-57440.0,24196.0
-57640.0,24312.0
-57812.0,24376.0
-57540.0,24246.0
-57892.0,24270.0
-57968.0,24336.0
-57668.0,24492.0
-57960.0,24850.0
-57472.0,24792.0
-57464.0,24734.0
-57764.0,24922.0
-57484.0,24786.0
-57516.0,24944.0
-57564.0,24996.0
-57652.0,25002.0
-57484.0,24982.0
-57992.0,25040.0
-58308.0,25326.0
-57816.0,24810.0
-57552.0,24718.0
-57880.0,24862.0
-57904.0,24686.0
-57580.0,24520.0
-57600.0,24388.0
-57284.0,24270.0
-57456.0,24208.0
-57208.0,24000.0
-57376.0,23918.0
-57396.0,23982.0
-57764.0,24242.0
-57700.0,24168.0
-57088.0,24004.0
-57476.0,23708.0
-57380.0,23998.0
-57492.0,24064.0
-57296.0,23886.0
-56560.0,23692.0
-56704.0,23470.0
-56892.0,23782.0
-56656.0,23850.0
-56948.0,23992.0
-57152.0,24010.0
-57552.0,23920.0
-57408.0,23960.0
-57188.0,24130.0
-57248.0,24074.0
-57560.0,24214.0
-57192.0,24230.0
-57312.0,24330.0
-57684.0,24290.0
-57772.0,24576.0
-58008.0,24608.0
-57728.0,24764.0
-57456.0,24562.0
-57428.0,24514.0
-57616.0,24580.0
-58116.0,25062.0
-58784.0,25096.0
-58324.0,25098.0
-58272.0,25254.0
-57936.0,24920.0
-57988.0,25132.0
-58124.0,25120.0
-57840.0,24908.0
-57740.0,24740.0
-57940.0,24640.0
-57916.0,24310.0
-57500.0,24170.0
-57296.0,24108.0
-57292.0,24302.0
-57144.0,24204.0
-57756.0,24466.0
-57504.0,24228.0
-57924.0,24120.0
-57884.0,24332.0
-57792.0,24296.0
-57740.0,24470.0
-58120.0,24726.0
-58176.0,24878.0
-58008.0,25060.0
-58500.0,25306.0
-58600.0,25234.0
-57924.0,24996.0
-57452.0,24924.0
-57920.0,24938.0
-57516.0,24948.0
-57404.0,24742.0
-57228.0,24716.0
-57588.0,24672.0
-57284.0,25028.0
-57000.0,24616.0
-57088.0,24436.0
-57380.0,24600.0
-56496.0,24438.0
-56492.0,24428.0
-56832.0,24490.0
-56776.0,24630.0
-57160.0,24594.0
-57436.0,25030.0
-57484.0,25056.0
-57380.0,24708.0
-56876.0,24792.0
-56976.0,24932.0
-56720.0,24886.0
-57700.0,25190.0
-57428.0,25218.0
-57524.0,25184.0
-57992.0,25056.0
-57648.0,25086.0
-57776.0,25238.0
-57664.0,25202.0
-57916.0,25248.0
-58352.0,25460.0
-58360.0,25368.0
-58564.0,25636.0
-58392.0,25512.0
-58308.0,25250.0
-58100.0,25372.0
-57664.0,25020.0
-57952.0,24806.0
-57852.0,24754.0
-57624.0,24598.0
-57448.0,24604.0
-57604.0,24712.0
-57532.0,24452.0
-57340.0,24524.0
-56620.0,24080.0
-56752.0,24090.0
-56916.0,24176.0
-57300.0,24342.0
-57164.0,24178.0
-56896.0,23814.0
-56824.0,23704.0
-56484.0,23712.0
-56692.0,23804.0
-56740.0,23946.0
-56940.0,23982.0
-56868.0,24158.0
-56748.0,23962.0
-57288.0,23926.0
-56880.0,23834.0
-57220.0,23894.0
-57504.0,24144.0
-56608.0,23994.0
-56804.0,23840.0
-56904.0,23922.0
-57124.0,23834.0
-56592.0,23698.0
-57384.0,24006.0
-57248.0,23986.0
-57584.0,23942.0
-57292.0,23750.0
-56048.0,23678.0
-56336.0,23820.0
-56500.0,23854.0
-56780.0,24010.0
-56856.0,24026.0
-56936.0,23952.0
-57068.0,24244.0
-56564.0,24114.0
-56712.0,24188.0
-56580.0,24072.0
-56948.0,24152.0
-56660.0,23908.0
-56656.0,23840.0
-56920.0,23990.0
-57256.0,24108.0
-57532.0,23904.0
-57404.0,23844.0
-57764.0,23968.0
-57892.0,23930.0
-57964.0,23934.0
-57552.0,23598.0
-57124.0,23532.0
-56964.0,23510.0
-57212.0,23608.0
-57260.0,23840.0
-56876.0,23400.0
-56672.0,23258.0
-56344.0,23092.0
-56688.0,23104.0
-56896.0,23306.0
-57028.0,23142.0
-56528.0,22958.0
-56140.0,23010.0
-56108.0,22820.0
-56268.0,22758.0
-56164.0,23060.0
-56540.0,23224.0
-56552.0,23150.0
-56300.0,22866.0
-56364.0,22908.0
-56588.0,22654.0
-56740.0,22826.0
-56072.0,22838.0
-56256.0,22804.0
-56420.0,22942.0
-56544.0,23102.0
-56552.0,23054.0
-56228.0,22838.0
-56128.0,23046.0
-56072.0,22722.0
-56236.0,22724.0
-56452.0,23078.0
-56576.0,23014.0
-56276.0,22824.0
-56448.0,23190.0
-56504.0,23126.0
-56648.0,23060.0
-56612.0,23224.0
-56236.0,22942.0
-56524.0,22956.0
-56304.0,22946.0
-56568.0,23076.0
-56892.0,23058.0
-56300.0,22790.0
-55948.0,22900.0
-56232.0,22928.0
-56280.0,23140.0
-56608.0,23394.0
-56864.0,23326.0
-56688.0,23138.0
-56464.0,23198.0
-56436.0,23196.0
-56244.0,23014.0
-56256.0,22860.0
-56532.0,23016.0
-57084.0,23316.0
-56840.0,23468.0
-57144.0,23612.0
-56940.0,23662.0
-56964.0,23690.0
-56992.0,23620.0
-56916.0,23448.0
-57204.0,23648.0
-56924.0,23648.0
-56752.0,23666.0
-56756.0,23612.0
-56456.0,23564.0
-56108.0,23400.0
-56108.0,23430.0
-56000.0,23274.0
-56028.0,23366.0
-56104.0,23178.0
-55968.0,22808.0
-56004.0,22806.0
-56552.0,23010.0
-57092.0,23124.0
-57288.0,23510.0
-57508.0,23648.0
-57240.0,23642.0
-57376.0,23728.0
-57088.0,23662.0
-57420.0,23732.0
-57460.0,23692.0
-57420.0,23996.0
-56596.0,23760.0
-56812.0,23738.0
-56912.0,23720.0
-56520.0,23464.0
-56320.0,23362.0
-56576.0,23632.0
-55924.0,23530.0
-56668.0,23768.0
-56688.0,23970.0
-56788.0,24014.0
-56712.0,23978.0
-56680.0,24094.0
-57156.0,24194.0
-57356.0,24244.0
-57300.0,24250.0
-57312.0,24206.0
-57152.0,24332.0
-57068.0,24220.0
-56508.0,23994.0
-56804.0,24326.0
-56856.0,24294.0
-57516.0,24306.0
-57028.0,24450.0
-56860.0,24114.0
-56772.0,24252.0
-56412.0,24166.0
-56668.0,24158.0
-56548.0,24166.0
-56852.0,24148.0
-57340.0,24406.0
-57312.0,24474.0
-57376.0,24484.0
-57000.0,24376.0
-57412.0,24560.0
-57360.0,24636.0
-57592.0,24744.0
-57448.0,24520.0
-56952.0,24264.0
-57108.0,24304.0
-57044.0,24432.0
-56748.0,24374.0
-57496.0,24598.0
-57492.0,24306.0
-57464.0,24278.0
-57460.0,24156.0
-57808.0,24362.0
-57364.0,24308.0
-57032.0,24144.0
-57436.0,24364.0
-57592.0,24438.0
-57508.0,23960.0
-57052.0,23856.0
-57544.0,23854.0
-57336.0,23754.0
-56904.0,23706.0
-56976.0,24012.0
-56776.0,23964.0
-57180.0,24026.0
-57552.0,24100.0
-57208.0,24114.0
-57144.0,24092.0
-56868.0,24104.0
-56644.0,23986.0
-56904.0,24168.0
-57256.0,24276.0
-56780.0,24354.0
-57316.0,24488.0
-57332.0,24268.0
-56848.0,24108.0
-57716.0,24454.0
-57284.0,24202.0
-56896.0,24118.0
-57192.0,24292.0
-56912.0,24222.0
-56584.0,24136.0
-56680.0,24150.0
-56972.0,24276.0
-56840.0,24324.0
-56996.0,24448.0
-57236.0,24680.0
-57272.0,24596.0
-56892.0,24438.0
-56832.0,24320.0
-56656.0,24364.0
-56884.0,24062.0
-56976.0,24160.0
-56464.0,24220.0
-56540.0,24360.0
-57348.0,24716.0
-57148.0,24538.0
-57568.0,24756.0
-57616.0,24752.0
-57560.0,24744.0
-57272.0,24414.0
-57320.0,24346.0
-57564.0,24454.0
-57284.0,24588.0
-57340.0,24658.0
-57364.0,24742.0
-57448.0,24650.0
-57592.0,24924.0
-57916.0,25058.0
-57592.0,24854.0
-57692.0,24764.0
-57644.0,24816.0
-57504.0,25082.0
-57704.0,25222.0
-57504.0,25048.0
-57776.0,24868.0
-57644.0,24740.0
-57348.0,24858.0
-57220.0,24852.0
-57204.0,25178.0
-56816.0,25166.0
-57016.0,25060.0
-57296.0,25238.0
-57388.0,25262.0
-56868.0,25124.0
-57080.0,25200.0
-57084.0,25136.0
-57212.0,25050.0
-57072.0,24840.0
-57248.0,24932.0
-56944.0,25026.0
-56500.0,24844.0
-56060.0,24598.0
-56248.0,24776.0
-56416.0,25048.0
-57084.0,24976.0
-56516.0,24614.0
-56916.0,24574.0
-56972.0,24736.0
-57164.0,24870.0
-57068.0,24866.0
-56644.0,24646.0
-56428.0,24298.0
-56400.0,24354.0
-56260.0,24344.0
-56556.0,24588.0
-56896.0,24798.0
-57356.0,25094.0
-57116.0,24750.0
-57152.0,24996.0
-57568.0,24990.0
-57536.0,25150.0
-57056.0,25236.0
-57160.0,25104.0
-57176.0,25124.0
-57216.0,25218.0
-56784.0,25262.0
-57392.0,25480.0
-57784.0,25526.0
-57840.0,25634.0
-57696.0,25996.0
-57552.0,25938.0
-57908.0,25958.0
-57124.0,25624.0
-57456.0,25566.0
-57932.0,25718.0
-58264.0,25722.0
-57880.0,25670.0
-58356.0,25742.0
-58284.0,25930.0
-57776.0,25838.0
-57616.0,25848.0
-57496.0,25896.0
-57848.0,26002.0
-58052.0,26054.0
-57804.0,25936.0
-57728.0,25748.0
-57404.0,25566.0
-57500.0,25566.0
-57008.0,25592.0
-57040.0,25510.0
-57144.0,25726.0
-57716.0,25634.0
-57356.0,25574.0
-57880.0,25872.0
-57900.0,25670.0
-57596.0,25786.0
-57884.0,25730.0
-57728.0,25676.0
-58576.0,25972.0
-58784.0,26180.0
-58444.0,26062.0
-58048.0,25846.0
-57508.0,25726.0
-57740.0,25830.0
-57700.0,25378.0
-58044.0,25526.0
-57936.0,25496.0
-57868.0,25456.0
-57568.0,25372.0
-57300.0,25240.0
-57764.0,25286.0
-56944.0,24838.0
-57616.0,24986.0
-57476.0,24910.0
-57312.0,24822.0
-57632.0,24968.0
-57844.0,24962.0
-57612.0,24796.0
-57672.0,24604.0
-57452.0,24570.0
-57500.0,24674.0
-57416.0,24754.0
-57564.0,24702.0
-57352.0,24640.0
-57528.0,24670.0
-56956.0,24498.0
-57212.0,24666.0
-56936.0,24554.0
-56928.0,24508.0
-57188.0,24666.0
-57272.0,24908.0
-57804.0,25068.0
-57708.0,25110.0
-57424.0,25180.0
-58432.0,25514.0
-57200.0,25202.0
-57268.0,25082.0
-57568.0,25132.0
-57128.0,25146.0
-57312.0,25232.0
-57700.0,25072.0
-57488.0,25180.0
-56936.0,25100.0
-56696.0,24888.0
-57072.0,24760.0
-56956.0,24742.0
-56804.0,24654.0
-56248.0,24362.0
-57052.0,24484.0
-57108.0,24564.0
-57044.0,24750.0
-57088.0,24786.0
-57108.0,24708.0
-57072.0,24714.0
-56732.0,24842.0
-57012.0,24778.0
-56940.0,24972.0
-56856.0,24848.0
-56564.0,24794.0
-56964.0,24860.0
-56900.0,24886.0
-57172.0,25048.0
-57228.0,24846.0
-57080.0,24790.0
-57304.0,24976.0
-57424.0,24802.0
-57496.0,25114.0
-57796.0,25320.0
-57800.0,25400.0
-57860.0,25648.0
-58044.0,25454.0
-58768.0,25552.0
-58228.0,25488.0
-58436.0,25536.0
-58336.0,25564.0
-57692.0,25262.0
-57920.0,25294.0
-58508.0,25492.0
-58344.0,25642.0
-58876.0,25838.0
-58572.0,25776.0
-58188.0,25758.0
-57984.0,25620.0
-57992.0,25568.0
-58404.0,25592.0
-58296.0,25474.0
-58252.0,25612.0
-58224.0,25532.0
-58408.0,25466.0
-58060.0,25192.0
-57444.0,24998.0
-57544.0,24872.0
-57640.0,24928.0
-58376.0,25190.0
-58412.0,25142.0
-58060.0,24980.0
-58220.0,25122.0
-58224.0,24980.0
-58272.0,25284.0
-57892.0,25182.0
-58016.0,25072.0
-57944.0,24918.0
-57712.0,24884.0
-57288.0,24700.0
-58020.0,24700.0
-58372.0,25036.0
-58568.0,25010.0
-58776.0,25164.0
-57952.0,24976.0
-58172.0,25096.0
-58420.0,25146.0
-57832.0,25236.0
-57788.0,25224.0
-57980.0,25306.0
-57880.0,25456.0
-57684.0,25320.0
-57460.0,25340.0
-58236.0,25654.0
-57872.0,25560.0
-57904.0,25710.0
-57888.0,25608.0
-57400.0,25314.0
-58072.0,25390.0
-57916.0,25252.0
-58016.0,25146.0
-58792.0,25454.0
-58972.0,25540.0
-58080.0,25348.0
-57932.0,25278.0
-58240.0,25410.0
-57928.0,25538.0
-57916.0,25650.0
-57800.0,25626.0
-57796.0,25378.0
-58228.0,25678.0
-58216.0,25646.0
-58076.0,25520.0
-57564.0,25300.0
-58156.0,25456.0
-57712.0,25286.0
-57604.0,25478.0
-58140.0,25830.0
-57708.0,25550.0
-57836.0,25702.0
-57680.0,25586.0
-58188.0,25774.0
-57880.0,26008.0
-58172.0,26016.0
-58188.0,26050.0
-58512.0,26296.0
-58340.0,26318.0
-57836.0,26356.0
-57728.0,26138.0
-58304.0,26210.0
-58080.0,26084.0
-58084.0,25816.0
-58028.0,25826.0
-57728.0,25768.0
-57248.0,25650.0
-57424.0,25820.0
-58032.0,25816.0
-58228.0,25926.0
-58080.0,25530.0
-57544.0,25466.0
-58016.0,25832.0
-58516.0,26006.0
-58012.0,25744.0
-57948.0,25674.0
-57660.0,25646.0
-57484.0,25484.0
-57936.0,25488.0
-57500.0,25270.0
-57724.0,25518.0
-57680.0,25728.0
-57820.0,25640.0
-57516.0,25456.0
-57436.0,25492.0
-57536.0,25280.0
-57836.0,25396.0
-57784.0,25634.0
-57520.0,25442.0
-57508.0,25306.0
-57796.0,25568.0
-57672.0,25548.0
-57704.0,25648.0
-57588.0,25626.0
-57632.0,25828.0
-57648.0,25840.0
-57792.0,25896.0
-57424.0,25786.0
-57752.0,25706.0
-57360.0,25566.0
-57732.0,25620.0
-57996.0,25488.0
-57500.0,25342.0
-57288.0,25282.0
-57220.0,25076.0
-56928.0,25010.0
-57296.0,25136.0
-56844.0,24986.0
-56924.0,24816.0
-57120.0,24964.0
-57240.0,24992.0
-57104.0,25100.0
-56668.0,24944.0
-56712.0,25008.0
-57432.0,24940.0
-56740.0,24674.0
-56660.0,24626.0
-57444.0,24964.0
-57140.0,24948.0
-57560.0,25458.0
-57584.0,25378.0
-57816.0,25520.0
-57932.0,25452.0
-57824.0,25260.0
-58020.0,25232.0
-57996.0,25188.0
-57768.0,25266.0
-57632.0,25266.0
-57704.0,25528.0
-57676.0,25484.0
-57580.0,25268.0
-57976.0,25248.0
-57908.0,25208.0
-58172.0,25442.0
-58500.0,25426.0
-57784.0,25206.0
-57592.0,25180.0
-57296.0,24910.0
-57216.0,25132.0
-57664.0,25298.0
-57748.0,25262.0
-58036.0,25276.0
-57332.0,25172.0
-57292.0,25274.0
-57640.0,25412.0
-57808.0,25152.0
-58256.0,25332.0
-57476.0,25322.0
-57596.0,25226.0
-57764.0,25062.0
-57792.0,24858.0
-57104.0,24872.0
-57216.0,24906.0
-57192.0,24926.0
-57564.0,25026.0
-58016.0,25336.0
-57828.0,25342.0
-57888.0,25318.0
-58208.0,25514.0
-58248.0,25296.0
-57868.0,24930.0
-57356.0,24522.0
-57348.0,24418.0
-57364.0,24380.0
-57396.0,24456.0
-57352.0,24536.0
-57800.0,24878.0
-57720.0,24886.0
-58172.0,24984.0
-57880.0,24946.0
-57340.0,24726.0
-57336.0,24966.0
-57252.0,24820.0
-57312.0,24592.0
-56796.0,24712.0
-57912.0,25004.0
-57860.0,25228.0
-57832.0,25366.0
-57696.0,25138.0
-57512.0,25088.0
-57352.0,25010.0
-57060.0,24874.0
-57544.0,25088.0
-57576.0,25128.0
-57856.0,25228.0
-57580.0,25152.0
-57280.0,25186.0
-57304.0,25230.0
-57208.0,25154.0
-57372.0,25320.0
-57224.0,25242.0
-57400.0,25108.0
-57040.0,24820.0
-56824.0,24676.0
-56932.0,24828.0
-57052.0,25160.0
-57536.0,25272.0
-57568.0,25186.0
-57436.0,25184.0
-57512.0,25294.0
-57292.0,25346.0
-57188.0,25318.0
-57728.0,25416.0
-57680.0,25610.0
-57312.0,25580.0
-57496.0,25530.0
-57692.0,25770.0
-58084.0,26038.0
-57976.0,25898.0
-57912.0,26096.0
-57812.0,25906.0
-57600.0,25700.0
-57216.0,25678.0
-57324.0,25646.0
-57468.0,25718.0
-57904.0,25966.0
-57588.0,25928.0
-57788.0,25810.0
-57280.0,25866.0
-57824.0,26012.0
-57480.0,26246.0
-57436.0,26356.0
-57236.0,26184.0
-57444.0,26106.0
-56936.0,25936.0
-56928.0,25896.0
-57008.0,25756.0
-57328.0,25880.0
-57212.0,25918.0
-57328.0,26046.0
-57204.0,26008.0
-57132.0,25902.0
-57196.0,26050.0
-57612.0,25932.0
-57708.0,26056.0
-57968.0,26082.0
-58076.0,26262.0
-57700.0,26178.0
-57676.0,26268.0
-57328.0,26082.0
-57424.0,26072.0
-57468.0,26104.0
-57060.0,26072.0
-57360.0,26064.0
-56912.0,25776.0
-57332.0,26088.0
-57672.0,26252.0
-57180.0,25988.0
-56832.0,25980.0
-57216.0,26066.0
-57252.0,25868.0
-57056.0,25858.0
-57264.0,25982.0
-57652.0,25880.0
-57176.0,25718.0
-57184.0,25632.0
-57192.0,25392.0
-56948.0,25614.0
-56924.0,25642.0
-56732.0,25524.0
-57616.0,25902.0
-57528.0,26098.0
-57080.0,26038.0
-56260.0,25998.0
-56776.0,26082.0
-57052.0,26374.0
-57760.0,26598.0
-57936.0,26786.0
-58236.0,27096.0
-58336.0,27160.0
-58336.0,27364.0
-58312.0,27180.0
-58068.0,27120.0
-58156.0,26958.0
-58612.0,27384.0
-58600.0,27462.0
-58548.0,27420.0
-58352.0,27196.0
-58232.0,27000.0
-58760.0,27316.0
-58248.0,27200.0
-58404.0,27014.0
-58156.0,27126.0
-57996.0,27114.0
-57464.0,27042.0
-57524.0,26986.0
-57576.0,27186.0
-57740.0,27102.0
-57624.0,27126.0
-57460.0,27022.0
-58100.0,27188.0
-58400.0,27230.0
-58352.0,27108.0
-58848.0,27340.0
-59328.0,27460.0
-59372.0,27534.0
-58804.0,27346.0
-58672.0,27108.0
-58108.0,27020.0
-57656.0,27024.0
-58084.0,27050.0
-57992.0,27070.0
-58124.0,27072.0
-57688.0,26774.0
-57652.0,26816.0
-57740.0,26814.0
-57552.0,26850.0
-57748.0,26678.0
-57668.0,26644.0
-57760.0,26552.0
-57696.0,26362.0
-57852.0,26586.0
-58020.0,26616.0
-57896.0,26648.0
-57888.0,26696.0
-57944.0,26748.0
-57952.0,26692.0
-58336.0,26612.0
-57732.0,26214.0
-57372.0,26144.0
-57304.0,25980.0
-57172.0,25718.0
-57420.0,25678.0
-57164.0,25690.0
-57652.0,25836.0
-57452.0,25804.0
-57632.0,25828.0
-57488.0,25774.0
-57256.0,25716.0
-57696.0,25630.0
-57468.0,25566.0
-57244.0,25456.0
-57560.0,25572.0
-57424.0,25760.0
-57544.0,25824.0
-57664.0,25720.0
-57584.0,25816.0
-57724.0,25804.0
-57712.0,25834.0
-57512.0,25814.0
-57664.0,25842.0
-57688.0,25882.0
-58016.0,26216.0
-57440.0,26072.0
-57456.0,25980.0
-57436.0,25950.0
-57476.0,26136.0
-57312.0,26002.0
-57480.0,26024.0
-58124.0,26270.0
-57748.0,26026.0
-57916.0,25916.0
-57956.0,25864.0
-58088.0,25822.0
-57620.0,25728.0
-57444.0,25578.0
-57880.0,25608.0
-57756.0,25562.0
-57628.0,25792.0
-57296.0,25664.0
-57088.0,25608.0
-56684.0,25612.0
-56672.0,25378.0
-56772.0,25556.0
-57036.0,25482.0
-56804.0,25474.0
-56968.0,25592.0
-57152.0,25562.0
-57484.0,25668.0
-57632.0,25680.0
-57832.0,25640.0
-57436.0,25686.0
-57288.0,25198.0
-56788.0,25194.0
-56776.0,25180.0
-56712.0,25356.0
-57176.0,25536.0
-56972.0,25564.0
-56660.0,25146.0
-56672.0,25176.0
-56900.0,25356.0
-56940.0,25516.0
-57380.0,25590.0
-57588.0,25910.0
-58044.0,26038.0
-58232.0,25972.0
-58156.0,25938.0
-58400.0,25892.0
-58340.0,26004.0
-58604.0,26012.0
-57836.0,25690.0
-57444.0,25704.0
-57520.0,25770.0
-57164.0,25480.0
-57732.0,25656.0
-57336.0,25502.0
-57112.0,25466.0
-56888.0,25546.0
-57136.0,25938.0
-57244.0,25742.0
-56904.0,25804.0
-57392.0,25812.0
-57204.0,25874.0
-56756.0,25834.0
-56980.0,25928.0
-57600.0,26084.0
-57428.0,26116.0
-57672.0,26296.0
-58048.0,26556.0
-57896.0,26802.0
-57912.0,26782.0
-57816.0,26728.0
-58036.0,26746.0
-58120.0,26910.0
-57868.0,26730.0
-57800.0,26702.0
-58336.0,26840.0
-57772.0,26782.0
-58336.0,26794.0
-57976.0,27040.0
-58384.0,27148.0
-58656.0,27414.0
-57972.0,27354.0
-58692.0,27602.0
-58512.0,27520.0
-58368.0,27444.0
-58288.0,27420.0
-58312.0,27456.0
-58120.0,27284.0
-58132.0,27306.0
-58460.0,27424.0
-58244.0,27210.0
-58172.0,27444.0
-58596.0,27628.0
-58232.0,27598.0
-58564.0,27646.0
-59008.0,27926.0
-58328.0,27624.0
-58288.0,27930.0
-58092.0,27504.0
-57780.0,27388.0
-58212.0,27534.0
-57912.0,27438.0
-58724.0,27800.0
-58768.0,27602.0
-58292.0,27376.0
-58060.0,27144.0
-58092.0,27248.0
-57816.0,26980.0
-58332.0,27204.0
-57876.0,27038.0
-57564.0,26822.0
-57256.0,26544.0
-57092.0,26474.0
-57540.0,26466.0
-57572.0,26528.0
-57120.0,25998.0
-57332.0,25986.0
-57612.0,26238.0
-57324.0,26222.0
-57696.0,26440.0
-57940.0,26450.0
-57216.0,26408.0
-57468.0,26432.0
-57620.0,26584.0
-57840.0,26858.0
-58352.0,26990.0
-58084.0,26892.0
-58456.0,27054.0
-58188.0,26908.0
-58220.0,26794.0
-58604.0,27022.0
-57776.0,26726.0
-57888.0,26736.0
-57592.0,26672.0
-58024.0,26508.0
-57876.0,26500.0
-57908.0,26516.0
-58004.0,26514.0
-57636.0,26562.0
-57076.0,26276.0
-56904.0,26428.0
-57256.0,26338.0
-57396.0,26422.0
-57436.0,26422.0
-57212.0,26590.0
-57680.0,26538.0
-57316.0,26208.0
-57388.0,26296.0
-57224.0,26214.0
-57372.0,26368.0
-57016.0,26218.0
-56768.0,26230.0
-57564.0,26334.0
-57908.0,26468.0
-57224.0,26298.0
-57580.0,26170.0
-57264.0,26094.0
-57076.0,26028.0
-57644.0,26176.0
-56984.0,26162.0
-57308.0,26388.0
-57856.0,26500.0
-57752.0,26444.0
-58132.0,26606.0
-57828.0,26462.0
-57836.0,26536.0
-57620.0,26496.0
-57952.0,26504.0
-57756.0,26494.0
-57860.0,26642.0
-58280.0,27112.0
-57892.0,26898.0
-57916.0,27016.0
-58208.0,26874.0
-58512.0,27202.0
-58488.0,27194.0
-58616.0,27324.0
-58524.0,27404.0
-58036.0,27216.0
-57696.0,26982.0
-57836.0,26910.0
-57764.0,27068.0
-57916.0,26834.0
-57704.0,26774.0
-57588.0,26636.0
-57768.0,26582.0
-57728.0,26652.0
-58120.0,26938.0
-58456.0,27064.0
-58368.0,27164.0
-58536.0,27362.0
-58364.0,27144.0
-58756.0,27184.0
-58660.0,26850.0
-58584.0,26844.0
-58692.0,26788.0
-58124.0,26408.0
-57640.0,26270.0
-57604.0,26020.0
-57384.0,26032.0
-56892.0,25912.0
-57216.0,25932.0
-56732.0,25624.0
-57020.0,25642.0
-56536.0,25434.0
-56908.0,25552.0
-57184.0,25654.0
-56524.0,25566.0
-56632.0,25624.0
-56552.0,25496.0
-57116.0,25652.0
-56856.0,25556.0
-56816.0,25454.0
-56804.0,25486.0
-56164.0,25384.0
-56376.0,25304.0
-56300.0,25342.0
-56728.0,25676.0
-56628.0,25502.0
-56588.0,25310.0
-57012.0,25390.0
-56800.0,25302.0
-56832.0,25086.0
-56812.0,24744.0
-56580.0,24956.0
-56608.0,25054.0
-57136.0,25144.0
-56932.0,25108.0
-57232.0,25186.0
-57448.0,25222.0
-56908.0,25220.0
-56464.0,24768.0
-56640.0,24770.0
-57220.0,25016.0
-56796.0,24926.0
-56480.0,25032.0
-56496.0,24826.0
-56228.0,24772.0
-56216.0,24584.0
-56336.0,24620.0
-56860.0,24870.0
-57312.0,25072.0
-56836.0,24932.0
-57116.0,24996.0
-57500.0,25058.0
-57440.0,24986.0
-57164.0,24804.0
-57588.0,24948.0
-57376.0,24904.0
-57340.0,24798.0
-56944.0,24688.0
-56552.0,24494.0
-56144.0,24608.0
-56292.0,24600.0
-56364.0,24412.0
-56748.0,24686.0
-56536.0,24488.0
-56620.0,24520.0
-56456.0,24522.0
-56732.0,24838.0
-57208.0,25208.0
-57240.0,25318.0
-57020.0,25228.0
-56940.0,25054.0
-57472.0,25326.0
-56992.0,25032.0
-57320.0,25200.0
-57476.0,25332.0
-57128.0,25408.0
-57404.0,25428.0
-56980.0,25216.0
-57256.0,25358.0
-57552.0,25386.0
-57196.0,25388.0
-57072.0,25460.0
-57396.0,25614.0
-57280.0,25566.0
-57148.0,25654.0
-56812.0,25296.0
-57208.0,25318.0
-57380.0,25320.0
-57072.0,25330.0
-57664.0,25406.0
-57296.0,25326.0
-57588.0,25492.0
-56748.0,25286.0
-57060.0,25298.0
-57284.0,25268.0
-56796.0,25248.0
-56672.0,25266.0
-57216.0,25596.0
-57472.0,25888.0
-57188.0,25612.0
-57416.0,25586.0
-57460.0,25728.0
-56772.0,25782.0
-57036.0,25434.0
-56900.0,25332.0
-57064.0,25436.0
-56788.0,25214.0
-57072.0,25232.0
-56860.0,25092.0
-56516.0,24714.0
-56328.0,24634.0
-56920.0,24734.0
-56780.0,24650.0
-56640.0,24820.0
-56656.0,24630.0
-56604.0,24388.0
-56924.0,24406.0
-56744.0,24184.0
-56532.0,24440.0
-57048.0,24340.0
-57144.0,24610.0
-57052.0,24706.0
-56296.0,24500.0
-56644.0,24516.0
-56888.0,24542.0
-56644.0,24446.0
-56776.0,24686.0
-57012.0,24720.0
-56728.0,24656.0
-57204.0,25076.0
-56924.0,25084.0
-57368.0,25342.0
-57060.0,25294.0
-57180.0,25334.0
-57356.0,25408.0
-57472.0,25408.0
-57124.0,25288.0
-56776.0,25084.0
-57080.0,25048.0
-56744.0,25122.0
-56868.0,24912.0
-56796.0,24886.0
-56736.0,25012.0
-57040.0,25046.0
-57532.0,25354.0
-57244.0,25270.0
-57384.0,25276.0
-57748.0,25454.0
-57604.0,25568.0
-57724.0,25600.0
-57516.0,25752.0
-58224.0,25852.0
-57824.0,25990.0
-57368.0,25602.0
-57300.0,25334.0
-57752.0,25394.0
-57352.0,25380.0
-57160.0,25190.0
-57472.0,25486.0
-57472.0,25270.0
-57032.0,25168.0
-56776.0,25304.0
-57000.0,25440.0
-56904.0,25504.0
-56944.0,25488.0
-56808.0,25504.0
-57328.0,25748.0
-57496.0,25912.0
-57084.0,25874.0
-56964.0,25592.0
-57120.0,25654.0
-57176.0,25576.0
-57044.0,25530.0
-57864.0,25612.0
-57772.0,25724.0
-57384.0,25576.0
-57612.0,25434.0
-58012.0,25780.0
-57832.0,25850.0
-57572.0,25970.0
-57568.0,26050.0
-57336.0,25958.0
-57184.0,25722.0
-57136.0,25706.0
-57376.0,25740.0
-56940.0,25748.0
-57132.0,25526.0
-57212.0,25636.0
-57116.0,25484.0
-56868.0,25396.0
-57016.0,25424.0
-56900.0,25450.0
-56924.0,25382.0
-56796.0,25316.0
-57136.0,25636.0
-56980.0,25534.0
-56892.0,25358.0
-56796.0,25146.0
-57460.0,25580.0
-57252.0,25524.0
-57200.0,25496.0
-57536.0,25654.0
-57212.0,25460.0
-56984.0,25192.0
-56868.0,25078.0
-57052.0,24884.0
-57488.0,25234.0
-56836.0,24936.0
-56664.0,24878.0
-56796.0,24810.0
-56708.0,24750.0
-57300.0,25208.0
-57576.0,25378.0
-57200.0,25234.0
-56624.0,25058.0
-57004.0,25084.0
-57008.0,25126.0
-57332.0,25230.0
-57376.0,25304.0
-57292.0,25154.0
-56840.0,25006.0
-56376.0,24742.0
-57084.0,24918.0
-56932.0,25064.0
-57520.0,25240.0
-57716.0,25446.0
-57224.0,25282.0
-57480.0,25704.0
-57172.0,25586.0
-56828.0,25408.0
-56824.0,25504.0
-57000.0,25566.0
-57252.0,25744.0
-57204.0,25624.0
-57136.0,25440.0
-57308.0,25584.0
-57392.0,25578.0
-57508.0,25588.0
-57796.0,25744.0
-57720.0,25572.0
-57172.0,25476.0
-57672.0,25408.0
-57640.0,25700.0
-57084.0,25504.0
-57728.0,25562.0
-57808.0,25598.0
-57596.0,25350.0
-57076.0,25180.0
-56840.0,25296.0
-56968.0,25244.0
-56404.0,25170.0
-56452.0,24924.0
-56460.0,24916.0
-56308.0,24986.0
-55948.0,25032.0
-56668.0,24842.0
-57236.0,24978.0
-56800.0,24792.0
-56500.0,24640.0
-56564.0,24488.0
-56500.0,24362.0
-56784.0,24266.0
-56996.0,24304.0
-56732.0,24208.0
-56684.0,23990.0
-57240.0,24266.0
-57008.0,24288.0
-57320.0,24370.0
-57440.0,24418.0
-57348.0,24428.0
-56692.0,24254.0
-57056.0,24298.0
-57296.0,24306.0
-57444.0,24258.0
-57104.0,24102.0
-57072.0,24188.0
-57736.0,24332.0
-57440.0,24386.0
-57628.0,24248.0
-57496.0,24100.0
-56908.0,24058.0
-57248.0,24136.0
-56996.0,23898.0
-56852.0,23644.0
-56556.0,23394.0
-56052.0,23372.0
-56776.0,23358.0
-56828.0,23628.0
-56636.0,23822.0
-57044.0,23818.0
-57064.0,23668.0
-56860.0,23556.0
-57160.0,23694.0
-56720.0,23534.0
-56748.0,23392.0
-56488.0,23094.0
-56720.0,22930.0
-56996.0,23156.0
-57252.0,23252.0
-56708.0,23192.0
-56824.0,23274.0
-56880.0,23300.0
-57068.0,23512.0
-56756.0,23632.0
-56664.0,23696.0
-56288.0,23460.0
-56756.0,23440.0
-56840.0,23338.0
-56784.0,23534.0
-56328.0,23458.0
-57080.0,23572.0
-56928.0,23584.0
-56976.0,23732.0
-57056.0,23842.0
-57064.0,23894.0
-56908.0,23824.0
-56672.0,23690.0
-57108.0,23616.0
-56840.0,23568.0
-56680.0,23656.0
-57280.0,23738.0
-56864.0,23456.0
-56440.0,23468.0
-56516.0,23802.0
-56780.0,24004.0
-57428.0,24224.0
-56660.0,24214.0
-56364.0,24150.0
-56720.0,24280.0
-57072.0,24306.0
-57196.0,24134.0
-57284.0,24008.0
-57444.0,24260.0
-57256.0,24210.0
-57192.0,24164.0
-56504.0,23918.0
-56328.0,23736.0
-56892.0,24040.0
-57076.0,24008.0
-56972.0,24074.0
-57416.0,24350.0
-57156.0,24206.0
-57016.0,24268.0
-56740.0,23988.0
-57036.0,23978.0
-56848.0,23908.0
-56700.0,23618.0
-56840.0,23734.0
-57004.0,23798.0
-56976.0,23974.0
-57456.0,24038.0
-57508.0,24108.0
-57384.0,24262.0
-56832.0,24002.0
-56848.0,24242.0
-56920.0,24262.0
-56840.0,23996.0
-57176.0,24098.0
-56788.0,24056.0
-56784.0,24166.0
-56616.0,24100.0
-56792.0,24156.0
-57068.0,24238.0
-57636.0,24534.0
-57148.0,24568.0
-57156.0,24542.0
-57412.0,24718.0
-57072.0,24738.0
-57304.0,24964.0
-56964.0,24586.0
-56740.0,24588.0
-57432.0,24602.0
-57076.0,24758.0
-56876.0,24580.0
-57440.0,25028.0
-57904.0,25278.0
-57524.0,25170.0
-57172.0,25010.0
-57280.0,24948.0
-57040.0,25218.0
-56880.0,24950.0
-56668.0,24642.0
-57004.0,24856.0
-56580.0,24808.0
-56604.0,24742.0
-56844.0,24720.0
-57092.0,24934.0
-57364.0,25070.0
-57344.0,25074.0
-57432.0,25058.0
-57160.0,24986.0
-56884.0,25026.0
-57108.0,24950.0
-56744.0,24760.0
-56784.0,24690.0
-56488.0,24502.0
-56528.0,24324.0
-56720.0,24324.0
-57172.0,24620.0
-56940.0,24380.0
-56668.0,24346.0
-56860.0,24278.0
-56572.0,24186.0
-56488.0,24374.0
-56848.0,24114.0
-56988.0,24312.0
-56604.0,24132.0
-56472.0,24244.0
-56376.0,23994.0
-56776.0,24198.0
-56820.0,24150.0
-56660.0,24194.0
-56848.0,24058.0
-56164.0,23864.0
-56152.0,23678.0
-56660.0,23894.0
-56404.0,23800.0
-56776.0,23894.0
-57032.0,24050.0
-56660.0,23938.0
-57072.0,24086.0
-56956.0,24012.0
-56632.0,23740.0
-56904.0,24024.0
-56932.0,24142.0
-56692.0,24340.0
-57180.0,24560.0
-56720.0,24404.0
-56676.0,24418.0
-56716.0,24332.0
-56632.0,24324.0
-57268.0,24598.0
-56928.0,24522.0
-57216.0,24626.0
-57792.0,24718.0
-57540.0,24754.0
-56956.0,24600.0
-57120.0,24636.0
-57032.0,24882.0
-56944.0,24672.0
-56608.0,24422.0
-56600.0,24210.0
-56664.0,24230.0
-56648.0,24036.0
-56544.0,23942.0
-56532.0,23702.0
-56580.0,23646.0
-56672.0,23520.0
-56608.0,23546.0
-56728.0,23784.0
-56484.0,23774.0
-56596.0,23962.0
-57212.0,23902.0
-57284.0,24020.0
-57148.0,23824.0
-57032.0,23672.0
-57236.0,23834.0
-57124.0,23862.0
-56872.0,23952.0
-56932.0,23904.0
-56768.0,23878.0
-57220.0,23948.0
-56912.0,23726.0
-57100.0,23848.0
-56972.0,23556.0
-57376.0,23762.0
-57192.0,23698.0
-57096.0,23528.0
-56784.0,23614.0
-57252.0,23586.0
-57372.0,23574.0
-57336.0,23702.0
-57016.0,23664.0
-56760.0,23524.0
-57100.0,23496.0
-57480.0,23518.0
-57636.0,23658.0
-57396.0,23582.0
-57320.0,23740.0
-57280.0,23734.0
-57608.0,23688.0
-56740.0,23424.0
-57428.0,23716.0
-57352.0,23684.0
-57204.0,23546.0
-56596.0,23236.0
-57280.0,23302.0
-56960.0,23148.0
-57288.0,23198.0
-56748.0,23260.0
-56416.0,23132.0
-56384.0,23078.0
-56868.0,23196.0
-56624.0,23124.0
-56200.0,23014.0
-56264.0,22780.0
-56496.0,22936.0
-56404.0,23030.0
-56388.0,22690.0
-56684.0,22632.0
-56768.0,22612.0
-56584.0,22540.0
-56456.0,22656.0
-56448.0,22564.0
-56216.0,22450.0
-56152.0,22354.0
-56252.0,22704.0
-56508.0,22742.0
-56652.0,22596.0
-57088.0,22744.0
-56940.0,22604.0
-56568.0,22510.0
-57048.0,22478.0
-56424.0,22388.0
-56784.0,22480.0
-56984.0,22356.0
-57416.0,22684.0
-57336.0,22482.0
-57196.0,22218.0
-56900.0,22212.0
-57228.0,22444.0
-56880.0,22504.0
-56992.0,22264.0
-56740.0,22260.0
-56788.0,22272.0
-56572.0,22114.0
-56560.0,22286.0
-56664.0,22206.0
-56576.0,22390.0
-56852.0,22326.0
-56380.0,22132.0
-56352.0,22068.0
-56544.0,22124.0
-56536.0,22272.0
-56712.0,22308.0
-56736.0,22380.0
-56168.0,22386.0
-55992.0,22392.0
-56464.0,22418.0
-56164.0,22426.0
-55804.0,22308.0
-55840.0,22082.0
-56036.0,22174.0
-56176.0,22210.0
-55904.0,22246.0
-56164.0,22258.0
-56012.0,22218.0
-56356.0,22174.0
-56024.0,21958.0
-55804.0,21858.0
-56276.0,22046.0
-56656.0,22114.0
-57080.0,22320.0
-56568.0,22096.0
-56708.0,22378.0
-56736.0,22438.0
-56788.0,22410.0
-57012.0,22442.0
-56724.0,22372.0
-57288.0,22468.0
-56748.0,22364.0
-57276.0,22470.0
-57052.0,22620.0
-57428.0,22624.0
-57352.0,22580.0
-57024.0,22524.0
-56800.0,22674.0
-56676.0,22546.0
-56660.0,22412.0
-57692.0,22710.0
-57120.0,22394.0
-56252.0,22038.0
-55668.0,21780.0
-55484.0,21590.0
-55908.0,21510.0
-55780.0,21180.0
-56076.0,21472.0
-56776.0,21648.0
-56536.0,21824.0
-55948.0,21858.0
-55960.0,21894.0
-56272.0,22270.0
-56776.0,22264.0
-56508.0,22258.0
-56224.0,22102.0
-56480.0,22170.0
-56328.0,21894.0
-56632.0,21644.0
-56904.0,21846.0
-56892.0,21670.0
-56372.0,21506.0
-55996.0,21380.0
-55964.0,21204.0
-55784.0,21102.0
-55996.0,21228.0
-55776.0,21344.0
-56164.0,21584.0
-56044.0,21514.0
-55500.0,21348.0
-55676.0,21354.0
-55656.0,21340.0
-55760.0,21350.0
-55988.0,21420.0
-55964.0,21372.0
-55780.0,21344.0
-55288.0,21160.0
-55324.0,21228.0
-55872.0,21100.0
-56384.0,21262.0
-56152.0,20954.0
-56160.0,20804.0
-56276.0,20764.0
-56208.0,20846.0
-56304.0,20904.0
-56128.0,20988.0
-56924.0,21226.0
-55720.0,20838.0
-55952.0,21096.0
-55880.0,21018.0
-56112.0,20912.0
-55824.0,20660.0
-55736.0,20806.0
-55528.0,20816.0
-55592.0,20994.0
-55704.0,21020.0
-55780.0,20952.0
-55896.0,20972.0
-55840.0,21034.0
-56352.0,21112.0
-56656.0,21082.0
-57004.0,21358.0
-56660.0,21262.0
-56556.0,21396.0
-56144.0,21400.0
-56792.0,21392.0
-57072.0,21296.0
-57032.0,21316.0
-56928.0,21084.0
-56728.0,20776.0
-56588.0,20752.0
-56672.0,20732.0
-56512.0,20852.0
-57052.0,20780.0
-56884.0,20786.0
-56840.0,20764.0
-56600.0,20662.0
-56732.0,20638.0
-56360.0,20468.0
-56208.0,20228.0
-56468.0,20440.0
-56140.0,20486.0
-55804.0,20346.0
-55964.0,20310.0
-56408.0,20112.0
-56632.0,20406.0
-56764.0,20778.0
-56452.0,20428.0
-56696.0,20418.0
-56328.0,20002.0
-56260.0,20146.0
-56344.0,20012.0
-56076.0,19996.0
-56172.0,19924.0
-56668.0,19912.0
-56660.0,19994.0
-56776.0,19948.0
-55972.0,20070.0
-56360.0,20296.0
-56148.0,20256.0
-55932.0,20238.0
-56516.0,20342.0
-56604.0,20384.0
-56472.0,20444.0
-56656.0,20394.0
-56572.0,20184.0
-55980.0,20110.0
-56248.0,20262.0
-56188.0,20396.0
-56264.0,20228.0
-55628.0,19936.0
-55884.0,19960.0
-56076.0,19710.0
-55832.0,19694.0
-55864.0,19784.0
-55568.0,19830.0
-55972.0,19838.0
-56324.0,19960.0
-56852.0,20450.0
-56668.0,20384.0
-56844.0,20660.0
-57076.0,20506.0
-57404.0,20582.0
-57900.0,20820.0
-57884.0,20846.0
-57168.0,20656.0
-57548.0,20826.0
-57784.0,20804.0
-57356.0,20640.0
-57068.0,20290.0
-57092.0,20158.0
-57016.0,20018.0
-56844.0,19702.0
-56716.0,20108.0
-56952.0,20232.0
-56692.0,20300.0
-56764.0,20178.0
-57024.0,20424.0
-57088.0,20516.0
-56700.0,20566.0
-56972.0,20666.0
-57256.0,20862.0
-56676.0,20822.0
-56356.0,21036.0
-56628.0,20864.0
-56724.0,20778.0
-57248.0,21040.0
-57196.0,21256.0
-57368.0,21266.0
-57708.0,21370.0
-57156.0,21160.0
-56904.0,21346.0
-56772.0,21250.0
-56844.0,21370.0
-56796.0,21224.0
-56736.0,21396.0
-56708.0,21610.0
-56352.0,21642.0
-56776.0,21618.0
-56776.0,21728.0
-57200.0,21746.0
-57320.0,21714.0
-57216.0,21506.0
-56900.0,21366.0
-56764.0,21336.0
-56900.0,21432.0
-57368.0,21766.0
-56612.0,21562.0
-56272.0,21608.0
-56076.0,21198.0
-55936.0,21384.0
-56472.0,21522.0
-56460.0,21528.0
-56912.0,21552.0
-57124.0,21582.0
-57228.0,21646.0
-56912.0,21618.0
-56752.0,21600.0
-57212.0,21858.0
-56952.0,21740.0
-57272.0,21910.0
-57056.0,22018.0
-57016.0,22018.0
-57248.0,22280.0
-57976.0,22420.0
-58212.0,22602.0
-58016.0,22712.0
-57028.0,22518.0
-57352.0,22852.0
-57168.0,22726.0
-57272.0,22710.0
-57448.0,22726.0
-57296.0,22796.0
-56904.0,22716.0
-57216.0,22758.0
-57328.0,22908.0
-57512.0,22712.0
-57304.0,22542.0
-56988.0,22488.0
-56872.0,22372.0
-56820.0,22256.0
-56860.0,22242.0
-56604.0,21906.0
-56648.0,22170.0
-57232.0,22376.0
-57388.0,22366.0
-57920.0,22050.0
-57740.0,22194.0
-57260.0,21980.0
-57276.0,21986.0
-57192.0,21942.0
-56728.0,22042.0
-57088.0,21862.0
-57184.0,21812.0
-56568.0,21558.0
-56920.0,21512.0
-56572.0,21240.0
-57080.0,21234.0
-56564.0,21392.0
-57080.0,21386.0
-56636.0,21370.0
-56780.0,21314.0
-56820.0,21156.0
-56752.0,21198.0
-56476.0,20910.0
-56588.0,20724.0
-56576.0,20956.0
-56444.0,20474.0
-56484.0,20428.0
-56720.0,20626.0
-55840.0,20452.0
-55628.0,20254.0
-55828.0,20264.0
-55708.0,19954.0
-56044.0,20112.0
-55948.0,20050.0
-56288.0,20376.0
-56368.0,20184.0
-56520.0,20288.0
-56764.0,20340.0
-56828.0,20334.0
-56776.0,20142.0
-56764.0,20274.0
-56844.0,20512.0
-56636.0,20624.0
-56360.0,20450.0
-56604.0,20318.0
-56684.0,20394.0
-56828.0,20084.0
-57004.0,20030.0
-57264.0,20386.0
-56788.0,20032.0
-56180.0,19902.0
-56356.0,19832.0
-56356.0,19896.0
-56444.0,19880.0
-55912.0,19626.0
-55896.0,19824.0
-56240.0,19838.0
-56676.0,19954.0
-56556.0,20294.0
-56832.0,20240.0
-56696.0,20038.0
-56908.0,19926.0
-57068.0,19808.0
-56376.0,19860.0
-56260.0,19694.0
-56132.0,19670.0
-56580.0,19778.0
-56648.0,19806.0
-56496.0,19822.0
-56676.0,19870.0
-56968.0,20140.0
-56780.0,19978.0
-56828.0,19968.0
-56476.0,19948.0
-56868.0,19966.0
-56692.0,19976.0
-57024.0,19890.0
-56916.0,19870.0
-56500.0,19872.0
-57212.0,20000.0
-57592.0,20092.0
-57280.0,20040.0
-57592.0,19986.0
-57532.0,19836.0
-57356.0,19742.0
-57392.0,19786.0
-56904.0,19564.0
-56700.0,19318.0
-56952.0,19188.0
-57024.0,19200.0
-57328.0,19406.0
-56844.0,19280.0
-56884.0,19492.0
-56864.0,19402.0
-57400.0,19584.0
-57456.0,19492.0
-57052.0,19312.0
-56884.0,19406.0
-57080.0,19544.0
-56764.0,19216.0
-57148.0,19374.0
-57344.0,19420.0
-57172.0,19356.0
-57480.0,19688.0
-57148.0,19534.0
-56556.0,19264.0
-56152.0,19118.0
-56500.0,19176.0
-56740.0,19230.0
-57000.0,19344.0
-56752.0,19652.0
-57228.0,19938.0
-56780.0,19744.0
-56452.0,19680.0
-56428.0,19994.0
-56264.0,19972.0
-57096.0,20074.0
-57192.0,19932.0
-56688.0,19772.0
-56436.0,19364.0
-56604.0,19450.0
-56396.0,19456.0
-56696.0,19388.0
-56976.0,19502.0
-56368.0,19040.0
-56516.0,18992.0
-56376.0,18854.0
-56316.0,18910.0
-55920.0,19014.0
-56408.0,19158.0
-56200.0,19108.0
-56324.0,19352.0
-55892.0,19444.0
-56340.0,19408.0
-56064.0,19578.0
-56388.0,19510.0
-56560.0,19436.0
-56316.0,19348.0
-56240.0,19090.0
-56296.0,19450.0
-55892.0,19494.0
-55956.0,19774.0
-56344.0,19864.0
-56668.0,19758.0
-57388.0,20092.0
-56564.0,19830.0
-56224.0,19690.0
-56020.0,19658.0
-56192.0,19752.0
-56676.0,19880.0
-57004.0,19630.0
-56652.0,19846.0
-57044.0,19886.0
-56928.0,19620.0
-56544.0,19330.0
-56264.0,19106.0
-56372.0,19144.0
-56296.0,19194.0
-56592.0,19500.0
-56672.0,19836.0
-56600.0,19612.0
-56960.0,19596.0
-56856.0,19618.0
-56844.0,19252.0
-56840.0,19188.0
-56360.0,19056.0
-56760.0,18938.0
-56888.0,18898.0
-56692.0,18754.0
-56660.0,18668.0
-57368.0,18816.0
-57456.0,18850.0
-57456.0,18630.0
-56688.0,18240.0
-56568.0,18212.0
-56376.0,18210.0
-56556.0,18368.0
-56916.0,18140.0
-56432.0,18076.0
-56792.0,18026.0
-56440.0,17862.0
-56740.0,18004.0
-56428.0,18054.0
-56712.0,18116.0
-57616.0,18238.0
-56984.0,18180.0
-56432.0,18062.0
-57136.0,18220.0
-56844.0,18096.0
-57360.0,18428.0
-57168.0,18336.0
-57400.0,18680.0
-57028.0,18682.0
-56924.0,18496.0
-57160.0,18580.0
-56944.0,18406.0
-56500.0,18200.0
-56648.0,18160.0
-56124.0,18102.0
-56068.0,18054.0
-55436.0,17954.0
-55984.0,17966.0
-56024.0,18130.0
-56488.0,18162.0
-56588.0,18656.0
-56672.0,18804.0
-56320.0,18658.0
-56352.0,18550.0
-56220.0,18316.0
-56304.0,18350.0
-56364.0,18504.0
-55992.0,18552.0
-56100.0,18246.0
-55852.0,18294.0
-55860.0,18332.0
-56144.0,18506.0
-55884.0,18300.0
-55892.0,18118.0
-56540.0,18206.0
-56164.0,18222.0
-56012.0,18114.0
-55756.0,18072.0
-56156.0,18650.0
-55532.0,18584.0
-55796.0,18388.0
-55792.0,18506.0
-55768.0,18256.0
-55924.0,18562.0
-56328.0,18418.0
-56016.0,18254.0
-56352.0,18484.0
-56152.0,18428.0
-56480.0,18216.0
-55920.0,18350.0
-56856.0,18382.0
-56704.0,18448.0
-56624.0,18644.0
-56512.0,18798.0
-56688.0,18526.0
-56516.0,18678.0
-56256.0,18800.0
-56800.0,19070.0
-56660.0,18714.0
-56380.0,18714.0
-56840.0,18888.0
-56844.0,18728.0
-56664.0,18742.0
-57096.0,18982.0
-56812.0,18720.0
-57084.0,18638.0
-57356.0,18884.0
-57028.0,18696.0
-56288.0,18572.0
-56088.0,18544.0
-56104.0,18380.0
-56088.0,18566.0
-56540.0,18744.0
-56616.0,18940.0
-56844.0,18888.0
-57244.0,18998.0
-57380.0,18878.0
-57080.0,18720.0
-56628.0,18534.0
-56164.0,18210.0
-56272.0,18430.0
-56260.0,18418.0
-56196.0,18382.0
-56544.0,18132.0
-56168.0,18350.0
-56360.0,18012.0
-56500.0,18052.0
-56736.0,18148.0
-56532.0,18072.0
-56612.0,18250.0
-56780.0,18538.0
-56564.0,18292.0
-56124.0,18080.0
-56464.0,17912.0
-56076.0,17936.0
-55832.0,17788.0
-56020.0,17760.0
-56284.0,17778.0
-56568.0,17948.0
-56548.0,17888.0
-56052.0,17848.0
-56228.0,17730.0
-56168.0,17806.0
-55556.0,17726.0
-55516.0,17612.0
-55304.0,17466.0
-55968.0,17412.0
-55684.0,17244.0
-55732.0,17360.0
-55300.0,17478.0
-55568.0,17628.0
-55520.0,17670.0
-55852.0,17798.0
-56452.0,18046.0
-56508.0,18180.0
-56240.0,18112.0
-56500.0,18346.0
-56296.0,18212.0
-56648.0,18022.0
-56308.0,17990.0
-55904.0,17860.0
-56044.0,17804.0
-55988.0,17774.0
-55852.0,17632.0
-56128.0,17904.0
-56588.0,17866.0
-56476.0,17928.0
-55924.0,17752.0
-56144.0,17866.0
-56904.0,17926.0
-56092.0,17758.0
-56016.0,17938.0
-55476.0,17532.0
-55472.0,17712.0
-55932.0,17838.0
-56144.0,18064.0
-55568.0,17820.0
-55752.0,17770.0
-55940.0,17690.0
-56124.0,17602.0
-55632.0,17416.0
-55748.0,17308.0
-56048.0,17504.0
-56348.0,17740.0
-55856.0,17268.0
-56132.0,17336.0
-56348.0,17316.0
-56328.0,17146.0
-56032.0,17094.0
-56544.0,17126.0
-56404.0,16842.0
-56292.0,16926.0
-55564.0,16822.0
-55672.0,16916.0
-55696.0,16644.0
-55960.0,16844.0
-55876.0,16540.0
-55784.0,16570.0
-55444.0,16212.0
-55480.0,16046.0
-54924.0,15814.0
-55588.0,15650.0
-55704.0,15662.0
-55452.0,15526.0
-56092.0,15728.0
-55956.0,15706.0
-56264.0,15632.0
-55844.0,15690.0
-55812.0,15444.0
-55412.0,15264.0
-55888.0,15424.0
-55508.0,15490.0
-55616.0,15470.0
-55412.0,15308.0
-55424.0,15670.0
-55500.0,15980.0
-55720.0,15848.0
-55572.0,15816.0
-55244.0,15776.0
-55440.0,15898.0
-55392.0,15776.0
-55940.0,15872.0
-55760.0,15882.0
-55756.0,16096.0
-55348.0,15792.0
-55136.0,15714.0
-55056.0,16022.0
-55420.0,15824.0
-55684.0,15850.0
-55288.0,16174.0
-55440.0,16184.0
-54876.0,15838.0
-54940.0,15940.0
-55124.0,15842.0
-54892.0,15746.0
-54980.0,16020.0
-55244.0,16094.0
-55040.0,16234.0
-54912.0,16022.0
-55188.0,16096.0
-55468.0,16126.0
-55124.0,15820.0
-55380.0,16112.0
-55760.0,16264.0
-55936.0,16386.0
-56096.0,16424.0
-55804.0,16506.0
-55524.0,16238.0
-55684.0,16178.0
-55516.0,16058.0
-55248.0,16150.0
-55340.0,16210.0
-55988.0,16562.0
-55848.0,16612.0
-56288.0,16808.0
-56128.0,16952.0
-55992.0,16958.0
-55484.0,16882.0
-55072.0,16718.0
-55064.0,16578.0
-54948.0,16704.0
-54984.0,16620.0
-55180.0,16788.0
-54992.0,16364.0
-54780.0,16182.0
-55400.0,16332.0
-55592.0,16252.0
-55108.0,16368.0
-55028.0,16328.0
-55048.0,16434.0
-54704.0,16244.0
-55100.0,16344.0
-55508.0,16298.0
-55348.0,16344.0
-55260.0,16288.0
-55700.0,16294.0
-55412.0,16206.0
-55724.0,16362.0
-55672.0,16296.0
-55656.0,16122.0
-55676.0,16062.0
-55748.0,16196.0
-55804.0,16210.0
-56104.0,16496.0
-55788.0,16456.0
-55448.0,16564.0
-55792.0,16940.0
-55724.0,16948.0
-56508.0,17120.0
-56560.0,16958.0
-55908.0,16958.0
-56120.0,17032.0
-55952.0,17270.0
-56204.0,17056.0
-56124.0,16998.0
-56832.0,17216.0
-56864.0,17564.0
-56120.0,17284.0
-56196.0,17480.0
-56152.0,17222.0
-56388.0,17480.0
-57052.0,17948.0
-57024.0,17884.0
-55968.0,17442.0
-56060.0,17588.0
-55876.0,17506.0
-56080.0,17566.0
-56756.0,17580.0
-57100.0,17672.0
-56732.0,17770.0
-56736.0,18012.0
-56376.0,17712.0
-56544.0,17964.0
-56428.0,18002.0
-56548.0,17942.0
-56992.0,18276.0
-56900.0,18414.0
-57084.0,18630.0
-56948.0,18628.0
-56536.0,18422.0
-56336.0,18338.0
-56068.0,18358.0
-56692.0,18282.0
-56336.0,18420.0
-56288.0,18406.0
-56372.0,18304.0
-56032.0,18092.0
-56372.0,18124.0
-56536.0,17990.0
-56732.0,17712.0
-57000.0,17952.0
-56416.0,17830.0
-56400.0,17856.0
-56236.0,17794.0
-56020.0,17734.0
-55924.0,17584.0
-55884.0,17520.0
-55580.0,17506.0
-55568.0,17560.0
-55776.0,17664.0
-55384.0,17720.0
-55736.0,17832.0
-55808.0,18094.0
-56064.0,17996.0
-55680.0,18062.0
-56204.0,17784.0
-56008.0,17492.0
-55716.0,17394.0
-55264.0,17300.0
-55148.0,17542.0
-55656.0,17834.0
-56176.0,17904.0
-55648.0,18082.0
-55440.0,18194.0
-55696.0,18104.0
-55948.0,18284.0
-56136.0,18222.0
-56312.0,18444.0
-56160.0,18312.0
-56008.0,18068.0
-55564.0,18052.0
-55380.0,17890.0
-55244.0,17808.0
-55448.0,17840.0
-55632.0,17716.0
-55388.0,17466.0
-55888.0,17400.0
-55824.0,17384.0
-56388.0,17636.0
-55976.0,17610.0
-56308.0,17676.0
-55976.0,17708.0
-55740.0,17442.0
-55740.0,17568.0
-55928.0,17830.0
-56044.0,17862.0
-56084.0,18028.0
-55904.0,18094.0
-55424.0,18240.0
-56008.0,18454.0
-56052.0,18450.0
-56020.0,18504.0
-56176.0,18752.0
-56720.0,18976.0
-56956.0,18892.0
-56776.0,18904.0
-56376.0,18780.0
-56512.0,18612.0
-56032.0,18490.0
-56140.0,18488.0
-55944.0,18522.0
-55644.0,18470.0
-55724.0,18422.0
-55848.0,18400.0
-56128.0,18324.0
-55956.0,18388.0
-56160.0,18682.0
-56220.0,18812.0
-55592.0,18596.0
-55984.0,18748.0
-56516.0,19000.0
-56888.0,19178.0
-56512.0,19154.0
-56492.0,19044.0
-56612.0,19044.0
-56588.0,18556.0
-56628.0,18774.0
-56756.0,18804.0
-56436.0,18590.0
-56812.0,18742.0
-56540.0,18418.0
-56984.0,18382.0
-56708.0,18136.0
-56396.0,18178.0
-56604.0,18472.0
-56180.0,18344.0
-56244.0,18548.0
-56192.0,18642.0
-55908.0,18816.0
-55956.0,18886.0
-56040.0,19064.0
-56304.0,19054.0
-56416.0,19218.0
-56384.0,19374.0
-56312.0,19474.0
-56324.0,19560.0
-56936.0,19820.0
-56896.0,19572.0
-56424.0,19488.0
-56572.0,19510.0
-56656.0,19340.0
-56968.0,19598.0
-57264.0,19516.0
-57152.0,19728.0
-57292.0,19760.0
-56448.0,19738.0
-56884.0,19792.0
-55892.0,19718.0
-56172.0,19560.0
-56656.0,19416.0
-56352.0,19560.0
-56348.0,19612.0
-56100.0,19198.0
-56264.0,19034.0
-56276.0,19252.0
-56324.0,19530.0
-56260.0,19540.0
-56060.0,19538.0
-56436.0,19802.0
-56604.0,19716.0
-56992.0,19868.0
-56708.0,19676.0
-56500.0,19656.0
-56932.0,19718.0
-57060.0,19688.0
-56956.0,19600.0
-56912.0,19548.0
-56660.0,19548.0
-57220.0,19738.0
-57304.0,19854.0
-57332.0,19568.0
-57452.0,19768.0
-57656.0,19852.0
-57272.0,19624.0
-57612.0,19890.0
-57436.0,19942.0
-56940.0,19766.0
-56860.0,19680.0
-57028.0,19544.0
-56880.0,19630.0
-56560.0,19258.0
-56044.0,19102.0
-56536.0,19010.0
-56312.0,18478.0
-56612.0,18254.0
-56804.0,18436.0
-56164.0,18252.0
-56796.0,18442.0
-57068.0,18394.0
-57232.0,18686.0
-57016.0,18384.0
-56992.0,18456.0
-56796.0,18376.0
-56396.0,18174.0
-56440.0,18196.0
-57024.0,18206.0
-56840.0,17948.0
-56672.0,17748.0
-56812.0,17602.0
-56388.0,17452.0
-56304.0,17586.0
-56368.0,17432.0
-56460.0,17698.0
-56292.0,17580.0
-56244.0,17320.0
-56360.0,17344.0
-56500.0,17228.0
-56564.0,17338.0
-55740.0,17310.0
-56468.0,17124.0
-56700.0,17370.0
-56320.0,17342.0
-57084.0,17588.0
-56844.0,17612.0
-56568.0,17362.0
-57008.0,17566.0
-56780.0,17718.0
-56812.0,17956.0
-56712.0,18124.0
-56776.0,18156.0
-56684.0,18214.0
-56420.0,18080.0
-56468.0,17956.0
-56504.0,17908.0
-56124.0,17948.0
-56876.0,17650.0
-56584.0,17682.0
-56772.0,17786.0
-56568.0,17638.0
-56368.0,17836.0
-56196.0,17892.0
-56516.0,18096.0
-56444.0,18178.0
-56848.0,18330.0
-56796.0,18132.0
-56780.0,18126.0
-56708.0,17868.0
-56756.0,18040.0
-57220.0,18118.0
-56604.0,17864.0
-56348.0,17500.0
-56572.0,17514.0
-56688.0,17508.0
-56464.0,17526.0
-56496.0,17636.0
-56168.0,17636.0
-56076.0,17698.0
-56056.0,17850.0
-55844.0,17786.0
-56296.0,18046.0
-55900.0,18000.0
-56300.0,17752.0
-55976.0,17678.0
-55984.0,17702.0
-55864.0,17826.0
-56212.0,17874.0
-55752.0,17792.0
-56512.0,17968.0
-56256.0,18010.0
-56232.0,18088.0
-56200.0,18100.0
-56596.0,18020.0
-56168.0,18056.0
-56516.0,18026.0
-56468.0,17768.0
-56052.0,17656.0
-56040.0,17426.0
-56568.0,17768.0
-56432.0,17764.0
-55840.0,17834.0
-56096.0,17796.0
-56468.0,17696.0
-56136.0,17786.0
-55532.0,17684.0
-55636.0,17640.0
-55888.0,17716.0
-55676.0,17538.0
-56312.0,17768.0
-56108.0,17800.0
-56384.0,17684.0
-56764.0,17904.0
-56092.0,17756.0
-56404.0,17982.0
-56568.0,18132.0
-56004.0,18054.0
-56028.0,18110.0
-55536.0,18008.0
-55884.0,17986.0
-55644.0,17960.0
-55944.0,17778.0
-55412.0,17668.0
-55228.0,17552.0
-54988.0,17606.0
-55860.0,17874.0
-56348.0,18110.0
-56220.0,18420.0
-55760.0,18480.0
-56328.0,18398.0
-56168.0,18574.0
-56504.0,18564.0
-56664.0,18752.0
-56524.0,18638.0
-56152.0,18200.0
-56268.0,18636.0
-56028.0,18520.0
-55808.0,18376.0
-56136.0,18366.0
-56300.0,18542.0
-55584.0,18578.0
-56036.0,18576.0
-56112.0,18476.0
-55848.0,18238.0
-56068.0,18156.0
-55900.0,18382.0
-56492.0,18402.0
-56492.0,18590.0
-56648.0,18790.0
-56556.0,18792.0
-56344.0,18676.0
-55908.0,18428.0
-55040.0,18120.0
-55608.0,18138.0
-55964.0,18410.0
-55720.0,18132.0
-55488.0,18296.0
-55292.0,18174.0
-55832.0,18662.0
-56176.0,18640.0
-56200.0,18578.0
-56152.0,18624.0
-56104.0,18500.0
-56172.0,18240.0
-55928.0,18520.0
-56120.0,19010.0
-56272.0,19202.0
-56404.0,19082.0
-56752.0,19102.0
-56516.0,18876.0
-55784.0,19072.0
-55796.0,18892.0
-55664.0,18850.0
-55612.0,18870.0
-55292.0,18608.0
-55960.0,18766.0
-55800.0,18864.0
-55476.0,18760.0
-55648.0,18570.0
-55656.0,18580.0
-55456.0,18598.0
-55368.0,18700.0
-55376.0,18406.0
-55444.0,18384.0
-55852.0,18452.0
-56256.0,18492.0
-55776.0,18564.0
-56124.0,18564.0
-56048.0,18538.0
-55928.0,18748.0
-56396.0,18602.0
-56296.0,18528.0
-56348.0,18846.0
-56468.0,18852.0
-56060.0,18654.0
-56352.0,18596.0
-56716.0,18934.0
-56304.0,18994.0
-56608.0,19398.0
-56520.0,19542.0
-56204.0,19532.0
-56472.0,19540.0
-56288.0,19276.0
-56308.0,19178.0
-56164.0,19152.0
-56228.0,19390.0
-55924.0,19042.0
-56724.0,19384.0
-56600.0,19530.0
-56668.0,19516.0
-56244.0,19440.0
-56676.0,19690.0
-57168.0,19760.0
-57172.0,19842.0
-56732.0,19546.0
-56512.0,19408.0
-56544.0,19658.0
-56760.0,19434.0
-56252.0,19200.0
-56888.0,19474.0
-57588.0,19556.0
-57724.0,19810.0
-57324.0,19802.0
-56872.0,19596.0
-57040.0,19696.0
-57264.0,19990.0
-57392.0,20166.0
-56984.0,19856.0
-57184.0,19978.0
-57108.0,19788.0
-57104.0,19668.0
-56988.0,19434.0
-56916.0,19102.0
-56524.0,19068.0
-56076.0,19002.0
-56196.0,18958.0
-56596.0,18858.0
-56556.0,19064.0
-56776.0,19256.0
-56876.0,19332.0
-56924.0,19144.0
-57260.0,19190.0
-57364.0,19580.0
-57456.0,19566.0
-56668.0,19272.0
-56788.0,19158.0
-57268.0,19458.0
-56724.0,19164.0
-55832.0,19056.0
-55840.0,18860.0
-56072.0,18892.0
-55964.0,18832.0
-55396.0,18830.0
-55268.0,18446.0
-55612.0,18186.0
-55172.0,17886.0
-55792.0,18278.0
-55944.0,18550.0
-56200.0,18640.0
-55764.0,18434.0
-55648.0,18456.0
-55688.0,18494.0
-55572.0,18494.0
-55628.0,18278.0
-55180.0,18312.0
-55328.0,18326.0
-55512.0,18746.0
-55484.0,18676.0
-55504.0,18906.0
-55780.0,18904.0
-55592.0,18868.0
-55712.0,18836.0
-55556.0,18826.0
-55576.0,18630.0
-55616.0,18540.0
-56260.0,18974.0
-55784.0,18924.0
-55524.0,18866.0
-55708.0,19282.0
-55888.0,19224.0
-56072.0,19382.0
-55876.0,19304.0
-56240.0,19412.0
-56312.0,19354.0
-56484.0,19608.0
-56432.0,19632.0
-56940.0,19622.0
-56520.0,19542.0
-56348.0,19550.0
-56056.0,19184.0
-56444.0,18996.0
-56324.0,19028.0
-56324.0,19050.0
-56412.0,18806.0
-55952.0,18894.0
-56220.0,19006.0
-56240.0,18876.0
-56672.0,18868.0
-56676.0,18890.0
-56464.0,18754.0
-56188.0,18592.0
-56172.0,18642.0
-56208.0,18560.0
-56516.0,18460.0
-56688.0,18684.0
-56792.0,18850.0
-57284.0,19032.0
-56304.0,19058.0
-56208.0,19178.0
-56284.0,19164.0
-56464.0,19396.0
-56248.0,19256.0
-55988.0,19364.0
-55904.0,19286.0
-55748.0,19298.0
-55556.0,18960.0
-55636.0,18640.0
-55364.0,18468.0
-55820.0,18568.0
-55636.0,18462.0
-55488.0,18768.0
-55604.0,18712.0
-55664.0,18820.0
-55360.0,18648.0
-55084.0,18832.0
-55480.0,19162.0
-55836.0,19330.0
-56100.0,19280.0
-55984.0,19168.0
-55868.0,19160.0
-56164.0,19132.0
-56272.0,19150.0
-56272.0,18964.0
-55964.0,18614.0
-55664.0,18298.0
-55388.0,18306.0
-55012.0,18278.0
-55656.0,18444.0
-55560.0,18602.0
-55680.0,18642.0
-56184.0,18978.0
-56024.0,18748.0
-56076.0,18602.0
-56000.0,18678.0
-56080.0,18722.0
-55720.0,18592.0
-55292.0,18298.0
-55384.0,18290.0
-55628.0,18218.0
-55356.0,18172.0
-56168.0,18446.0
-55832.0,18154.0
-55956.0,18580.0
-55824.0,18704.0
-56088.0,18708.0
-56288.0,18802.0
-56384.0,18676.0
-55980.0,18636.0
-56000.0,18768.0
-55992.0,18538.0
-55896.0,18326.0
-55924.0,18224.0
-56080.0,18188.0
-55688.0,18294.0
-55224.0,18068.0
-55364.0,17778.0
-54952.0,17414.0
-55504.0,17484.0
-55700.0,17806.0
-55796.0,17814.0
-55512.0,17652.0
-55024.0,17514.0
-54844.0,17480.0
-54600.0,17236.0
-55208.0,17264.0
-55048.0,17596.0
-54592.0,17514.0
-54976.0,17428.0
-54612.0,17574.0
-54988.0,17658.0
-55116.0,17962.0
-55380.0,18084.0
-55332.0,18190.0
-55108.0,17882.0
-55228.0,18252.0
-55264.0,18164.0
-55112.0,18416.0
-54820.0,18362.0
-55556.0,18252.0
-55488.0,18494.0
-55804.0,18698.0
-55692.0,18786.0
-55576.0,18846.0
-55612.0,18992.0
-55932.0,18780.0
-55992.0,18890.0
-55824.0,18764.0
-55932.0,18988.0
-55804.0,18852.0
-56284.0,19094.0
-56164.0,19204.0
-56080.0,19046.0
-55940.0,19078.0
-56160.0,18826.0
-55664.0,18628.0
-55500.0,18382.0
-55872.0,18348.0
-56004.0,18584.0
-56240.0,18734.0
-56036.0,18574.0
-55868.0,18348.0
-55764.0,18300.0
-56444.0,18670.0
-55836.0,18458.0
-55652.0,18558.0
-56136.0,18900.0
-55772.0,18884.0
-55596.0,18556.0
-55240.0,18390.0
-55104.0,18270.0
-55332.0,18270.0
-55868.0,18270.0
-55660.0,18168.0
-55588.0,18164.0
-56320.0,18462.0
-56284.0,18252.0
-56012.0,18112.0
-55788.0,18072.0
-56048.0,18152.0
-56008.0,17902.0
-55744.0,17830.0
-55320.0,17832.0
-55164.0,17940.0
-54924.0,18036.0
-54872.0,18016.0
-55480.0,18102.0
-55432.0,18332.0
-55976.0,18670.0
-56132.0,18448.0
-56064.0,18454.0
-56308.0,18198.0
-55820.0,18020.0
-55988.0,17850.0
-55760.0,17874.0
-55672.0,18148.0
-55336.0,18110.0
-55372.0,18000.0
-55728.0,18018.0
-55112.0,17720.0
-55696.0,17870.0
-55260.0,17872.0
-55916.0,18084.0
-55808.0,18064.0
-55632.0,17732.0
-55372.0,17814.0
-55320.0,17878.0
-55004.0,18052.0
-55184.0,18252.0
-55736.0,18662.0
-55468.0,18524.0
-55844.0,18830.0
-55620.0,18836.0
-55652.0,18858.0
-56020.0,19010.0
-56080.0,18792.0
-55584.0,18698.0
-55764.0,18674.0
-55848.0,18734.0
-55468.0,18572.0
-56072.0,18596.0
-55756.0,18396.0
-55512.0,18438.0
-55672.0,18444.0
-55424.0,18460.0
-55028.0,18028.0
-55676.0,18158.0
-55904.0,17994.0
-55580.0,17920.0
-55552.0,18214.0
-56200.0,18376.0
-56236.0,18192.0
-56312.0,18344.0
-56312.0,18546.0
-55808.0,18582.0
-55892.0,18718.0
-55948.0,18286.0
-55952.0,18282.0
-56048.0,18508.0
-55720.0,18294.0
-55860.0,18280.0
-55780.0,18482.0
-55692.0,18232.0
-55440.0,18208.0
-55920.0,18528.0
-56228.0,18490.0
-56364.0,18352.0
-56368.0,18236.0
-56076.0,17914.0
-56352.0,17812.0
-55820.0,17756.0
-55736.0,17740.0
-55960.0,17734.0
-55592.0,17606.0
-55424.0,17454.0
-55428.0,17596.0
-55896.0,17856.0
-55384.0,17634.0
-55328.0,17528.0
-55484.0,17644.0
-56116.0,17754.0
-56332.0,17778.0
-56276.0,17824.0
-56216.0,18010.0
-55820.0,18284.0
-55368.0,18194.0
-55696.0,18096.0
-55352.0,18112.0
-56208.0,18258.0
-56552.0,18436.0
-56528.0,18596.0
-56156.0,18678.0
-56060.0,18578.0
-56212.0,18912.0
-55984.0,18738.0
-55708.0,18648.0
-55660.0,18530.0
-55956.0,18340.0
-55996.0,18212.0
-55856.0,18370.0
-55636.0,18458.0
-55856.0,18528.0
-55912.0,18506.0
-56248.0,18674.0
-56636.0,18504.0
-56592.0,18696.0
-56268.0,18730.0
-55856.0,18668.0
-55748.0,18712.0
-55932.0,18788.0
-56272.0,18898.0
-56136.0,18804.0
-56008.0,18508.0
-56292.0,18632.0
-56440.0,18548.0
-56316.0,18536.0
-56428.0,18826.0
-56320.0,18786.0
-56784.0,18656.0
-56784.0,18748.0
-56488.0,18860.0
-56656.0,18950.0
-57048.0,18998.0
-56476.0,19020.0
-57080.0,19004.0
-57132.0,19032.0
-56504.0,18842.0
-56836.0,18748.0
-55948.0,18674.0
-56760.0,18840.0
-56876.0,18984.0
-56900.0,18884.0
-56364.0,18596.0
-56384.0,18750.0
-56600.0,18786.0
-56408.0,18436.0
-56672.0,18570.0
-56496.0,18658.0
-57056.0,18862.0
-56872.0,18814.0
-56608.0,18908.0
-57100.0,18910.0
-56568.0,18614.0
-56340.0,18828.0
-56164.0,18396.0
-55888.0,18512.0
-55488.0,18340.0
-55760.0,18494.0
-55492.0,18346.0
-55656.0,18606.0
-55540.0,18726.0
-55340.0,18716.0
-55100.0,18500.0
-55960.0,18448.0
-56532.0,18722.0
-56472.0,18434.0
-56256.0,18434.0
-57128.0,18352.0
-57136.0,18638.0
-56568.0,18592.0
-56796.0,18292.0
-56684.0,18334.0
-56208.0,18268.0
-56184.0,18416.0
-56320.0,18482.0
-56240.0,18422.0
-56284.0,18262.0
-56468.0,18268.0
-55956.0,18258.0
-55592.0,18164.0
-56028.0,17938.0
-56052.0,17810.0
-56332.0,17864.0
-56412.0,18052.0
-56412.0,18140.0
-56292.0,17990.0
-56444.0,17866.0
-57124.0,18014.0
-57008.0,18256.0
-56536.0,18250.0
-56660.0,18314.0
-56252.0,18092.0
-55984.0,18120.0
-56012.0,18018.0
-56448.0,18270.0
-56064.0,18494.0
-56460.0,18620.0
-56752.0,18590.0
-56724.0,18890.0
-56880.0,18870.0
-56600.0,18916.0
-56668.0,18982.0
-57124.0,19138.0
-56836.0,19174.0
-56892.0,19352.0
-56368.0,19190.0
-56128.0,19010.0
-56240.0,19238.0
-56620.0,19292.0
-56516.0,19028.0
-56804.0,19128.0
-56564.0,19148.0
-56876.0,19142.0
-56776.0,19178.0
-56460.0,19334.0
-56536.0,19284.0
-56652.0,19268.0
-56348.0,19010.0
-57004.0,19154.0
-56872.0,19034.0
-56632.0,18896.0
-56324.0,18722.0
-56220.0,18600.0
-57020.0,18824.0
-56480.0,18664.0
-57048.0,18990.0
-57112.0,19172.0
-57108.0,19242.0
-57408.0,19114.0
-57704.0,19382.0
-57068.0,19480.0
-57480.0,19368.0
-57196.0,19314.0
-57036.0,19224.0
-56760.0,18974.0
-56624.0,18738.0
-56136.0,18540.0
-56284.0,18630.0
-55888.0,18740.0
-55848.0,18794.0
-56312.0,18476.0
-56020.0,18322.0
-56184.0,18408.0
-56136.0,18600.0
-56520.0,18772.0
-56660.0,18736.0
-56648.0,18948.0
-56752.0,18972.0
-56608.0,18860.0
-56120.0,18974.0
-56504.0,19302.0
-56108.0,19060.0
-56212.0,19156.0
-56028.0,18918.0
-56268.0,19048.0
-56396.0,19100.0
-56532.0,19182.0
-56644.0,19182.0
-57080.0,19328.0
-56668.0,19214.0
-56496.0,19156.0
-56564.0,19114.0
-56880.0,19098.0
-56952.0,18980.0
-57048.0,19196.0
-56972.0,19082.0
-56788.0,19034.0
-56240.0,18934.0
-56608.0,18944.0
-56580.0,19084.0
-55924.0,18824.0
-56308.0,18772.0
-56176.0,19000.0
-56388.0,18986.0
-56376.0,19122.0
-55956.0,18992.0
-56432.0,18974.0
-56656.0,18920.0
-56812.0,19248.0
-56632.0,19250.0
-56336.0,19274.0
-55980.0,19214.0
-55872.0,18810.0
-56304.0,18900.0
-55968.0,18776.0
-56180.0,19018.0
-56280.0,18918.0
-56124.0,18930.0
-55880.0,19008.0
-55760.0,18876.0
-55628.0,18678.0
-55700.0,18664.0
-56128.0,18790.0
-56540.0,19114.0
-56520.0,18958.0
-56252.0,18958.0
-55928.0,18844.0
-55476.0,18772.0
-55488.0,18598.0
-55568.0,18658.0
-55408.0,18756.0
-55020.0,18780.0
-55432.0,18704.0
-55816.0,18716.0
-56132.0,18736.0
-56076.0,18812.0
-56476.0,19020.0
-55948.0,18912.0
-55548.0,18788.0
-56416.0,19004.0
-56736.0,19060.0
-56868.0,19426.0
-57300.0,19316.0
-57136.0,19164.0
-56928.0,18920.0
-56220.0,18786.0
-56304.0,18878.0
-56300.0,18808.0
-56488.0,18844.0
-56068.0,18736.0
-56100.0,18792.0
-56164.0,18994.0
-56584.0,19106.0
-56652.0,19224.0
-56628.0,19220.0
-56784.0,19388.0
-56284.0,19068.0
-56536.0,19212.0
-56924.0,19382.0
-56704.0,19350.0
-56232.0,19398.0
-56452.0,19446.0
-56708.0,19596.0
-56908.0,19742.0
-56792.0,19752.0
-56692.0,19654.0
-56636.0,19744.0
-56516.0,20020.0
-56700.0,20280.0
-56312.0,20288.0
-56096.0,20298.0
-56224.0,20318.0
-55892.0,20068.0
-56460.0,20188.0
-56384.0,20094.0
-56684.0,20206.0
-56724.0,20380.0
-56844.0,20454.0
-56656.0,20474.0
-56736.0,20688.0
-56668.0,20666.0
-56860.0,20658.0
-56516.0,20714.0
-56756.0,20710.0
-56204.0,20674.0
-55964.0,20642.0
-56276.0,20584.0
-56668.0,20822.0
-57264.0,20900.0
-56792.0,20702.0
-56748.0,20678.0
-56424.0,20348.0
-56428.0,20446.0
-56728.0,20492.0
-56732.0,20608.0
-56340.0,20664.0
-56448.0,20834.0
-56300.0,21068.0
-56348.0,21138.0
-56872.0,21376.0
-56852.0,21276.0
-56928.0,21466.0
-57344.0,21594.0
-57472.0,21598.0
-56652.0,21310.0
-56956.0,21426.0
-56404.0,21490.0
-56520.0,21678.0
-57144.0,21688.0
-57508.0,21716.0
-57504.0,21874.0
-57364.0,21740.0
-57244.0,21690.0
-57080.0,21748.0
-56464.0,21506.0
-57020.0,21610.0
-57376.0,21706.0
-56720.0,21664.0
-57400.0,21880.0
-57492.0,21900.0
-57068.0,21966.0
-57632.0,22194.0
-57512.0,22246.0
-57488.0,22116.0
-57352.0,22152.0
-57404.0,22076.0
-57156.0,22032.0
-57160.0,22050.0
-56728.0,22060.0
-57028.0,21990.0
-56892.0,22120.0
-56928.0,22302.0
-57184.0,22266.0
-57552.0,22488.0
-57644.0,22510.0
-57324.0,22344.0
-57188.0,22288.0
-57320.0,22488.0
-57324.0,22414.0
-56832.0,22500.0
-57324.0,22716.0
-57072.0,22570.0
-57524.0,22536.0
-57276.0,22548.0
-57120.0,22494.0
-57704.0,22358.0
-57860.0,22498.0
-57928.0,22512.0
-57680.0,22498.0
-57904.0,22674.0
-57456.0,22296.0
-57540.0,22436.0
-57216.0,22528.0
-57676.0,22612.0
-57320.0,22222.0
-57036.0,22532.0
-57084.0,22314.0
-57024.0,22456.0
-56684.0,22480.0
-57212.0,22500.0
-56968.0,22612.0
-56864.0,22528.0
-57168.0,22602.0
-56940.0,22588.0
-56948.0,22548.0
-57284.0,22860.0
-56864.0,22482.0
-57236.0,22696.0
-57600.0,22892.0
-57580.0,22974.0
-57516.0,22972.0
-57668.0,22898.0
-57672.0,23128.0
-57684.0,23242.0
-57616.0,23176.0
-57388.0,22982.0
-57364.0,22798.0
-57684.0,22934.0
-57488.0,23012.0
-57092.0,22914.0
-57540.0,22918.0
-57596.0,22790.0
-57504.0,22676.0
-57000.0,22426.0
-56876.0,22564.0
-57240.0,22938.0
-57212.0,22796.0
-57284.0,22784.0
-56644.0,22520.0
-56420.0,22602.0
-56420.0,22564.0
-56200.0,22668.0
-56520.0,22750.0
-56676.0,22682.0
-56776.0,22754.0
-56880.0,22846.0
-57104.0,22976.0
-56976.0,23246.0
-57164.0,23438.0
-57452.0,23440.0
-57400.0,23308.0
-57252.0,23286.0
-57088.0,23272.0
-57340.0,23208.0
-57584.0,23254.0
-57268.0,23418.0
-57224.0,23624.0
-57028.0,23502.0
-57172.0,23514.0
-57080.0,23650.0
-57004.0,23644.0
-57284.0,23798.0
-57428.0,23818.0
-57956.0,23812.0
-57372.0,23940.0
-57516.0,24248.0
-58148.0,24550.0
-58052.0,24376.0
-58344.0,24452.0
-58284.0,24446.0
-58592.0,24624.0
-58964.0,24768.0
-58568.0,24556.0
-58180.0,24356.0
-57944.0,24282.0
-57880.0,24176.0
-57852.0,24340.0
-57448.0,24202.0
-57488.0,24178.0
-57408.0,24000.0
-57456.0,24178.0
-57828.0,24170.0
-56928.0,23784.0
-56980.0,23694.0
-56936.0,23690.0
-56540.0,23424.0
-56360.0,23214.0
-56464.0,23254.0
-56740.0,23198.0
-56528.0,23208.0
-57020.0,23110.0
-57456.0,23122.0
-57092.0,22948.0
-56692.0,22764.0
-56552.0,22708.0
-56608.0,22870.0
-56508.0,22838.0
-57264.0,23210.0
-57116.0,23206.0
-56920.0,23222.0
-57092.0,23268.0
-57392.0,23252.0
-57268.0,23294.0
-57224.0,23360.0
-57048.0,23294.0
-57360.0,23580.0
-57336.0,23676.0
-57332.0,23538.0
-56892.0,23514.0
-57068.0,23722.0
-57536.0,23850.0
-57092.0,23812.0
-57608.0,23764.0
-57428.0,23690.0
-57180.0,23804.0
-57176.0,23756.0
-56996.0,23706.0
-57224.0,23528.0
-57460.0,23744.0
-56780.0,23554.0
-56892.0,23680.0
-56908.0,23876.0
-56916.0,23804.0
-57088.0,23844.0
-57592.0,24070.0
-57256.0,23856.0
-57256.0,23916.0
-57516.0,23858.0
-57864.0,23984.0
-57476.0,23680.0
-56984.0,23724.0
-56696.0,23382.0
-56432.0,23364.0
-56712.0,23498.0
-56436.0,23256.0
-56404.0,23254.0
-56496.0,23148.0
-57184.0,23604.0
-57036.0,23588.0
-57124.0,23462.0
-56556.0,23228.0
-57052.0,23432.0
-56220.0,23248.0
-56576.0,23352.0
-56384.0,23436.0
-56516.0,23360.0
-56952.0,23718.0
-56596.0,23640.0
-56688.0,23494.0
-57192.0,23458.0
-56812.0,23222.0
-56880.0,23384.0
-56828.0,23254.0
-57108.0,23364.0
-57292.0,23630.0
-57364.0,23364.0
-56796.0,23254.0
-56544.0,23026.0
-57048.0,23148.0
-57468.0,22998.0
-57144.0,22966.0
-56972.0,22856.0
-56472.0,22730.0
-56804.0,22518.0
-56516.0,22418.0
-56788.0,22830.0
-57032.0,22888.0
-56848.0,22722.0
-56328.0,22798.0
-56420.0,22632.0
-56296.0,22682.0
-56852.0,22808.0
-56644.0,22948.0
-56536.0,23354.0
-56184.0,23192.0
-56320.0,23162.0
-56368.0,22894.0
-55896.0,22714.0
-56268.0,22696.0
-56704.0,22804.0
-56748.0,22808.0
-56840.0,22878.0
-56636.0,22790.0
-56336.0,22640.0
-56420.0,22612.0
-56968.0,22750.0
-57240.0,22850.0
-57468.0,22904.0
-57872.0,23212.0
-56800.0,22764.0
-56780.0,22886.0
-57020.0,23180.0
-57000.0,22998.0
-57440.0,23172.0
-57288.0,23106.0
-57148.0,22938.0
-56876.0,22880.0
-56880.0,23012.0
-57168.0,23064.0
-56832.0,22804.0
-56608.0,22442.0
-56108.0,22320.0
-56296.0,22034.0
-56428.0,22256.0
-56800.0,22460.0
-56736.0,22232.0
-56504.0,22086.0
-56856.0,22254.0
-57084.0,22274.0
-56788.0,22336.0
-56788.0,22484.0
-56764.0,22434.0
-56688.0,22282.0
-57072.0,22212.0
-56548.0,22422.0
-56724.0,22504.0
-56812.0,22736.0
-56696.0,22686.0
-57152.0,22984.0
-57420.0,23192.0
-57396.0,23164.0
-57068.0,23208.0
-57600.0,23302.0
-58008.0,23252.0
-57676.0,23268.0
-57388.0,23044.0
-57212.0,22882.0
-57152.0,22780.0
-57236.0,22562.0
-57824.0,22808.0
-57432.0,22694.0
-57480.0,22666.0
-57332.0,22706.0
-57328.0,22664.0
-57300.0,22770.0
-56972.0,22532.0
-57020.0,22514.0
-56656.0,22272.0
-56688.0,22134.0
-56984.0,22214.0
-56808.0,22220.0
-57024.0,22414.0
-56404.0,22096.0
-56320.0,22184.0
-56100.0,22114.0
-56172.0,22170.0
-56460.0,22424.0
-56656.0,22370.0
-56196.0,22456.0
-56480.0,22660.0
-56172.0,22330.0
-56528.0,22272.0
-57196.0,22576.0
-57304.0,22480.0
-56848.0,22272.0
-56924.0,22554.0
-56688.0,22634.0
-56680.0,22384.0
-56548.0,22344.0
-56348.0,22410.0
-56376.0,22530.0
-56404.0,22486.0
-56584.0,22600.0
-56764.0,22620.0
-56532.0,22474.0
-57060.0,22458.0
-56748.0,22578.0
-56408.0,22218.0
-56172.0,22112.0
-56120.0,22216.0
-55896.0,22346.0
-56436.0,22402.0
-56396.0,22596.0
-56104.0,22486.0
-56180.0,22220.0
-56400.0,22340.0
-56552.0,22350.0
-56744.0,22498.0
-56264.0,22372.0
-56108.0,22372.0
-56116.0,22442.0
-56188.0,22576.0
-56916.0,22882.0
-56744.0,22874.0
-57048.0,23108.0
-56940.0,23256.0
-57032.0,23422.0
-57564.0,23540.0
-57360.0,23522.0
-57240.0,23510.0
-56896.0,23656.0
-56644.0,23806.0
-56492.0,23658.0
-56092.0,23360.0
-56292.0,23530.0
-56636.0,23734.0
-56396.0,23684.0
-56616.0,23696.0
-56316.0,23740.0
-56260.0,23840.0
-57332.0,24028.0
-57532.0,24220.0
-57212.0,24036.0
-57052.0,23908.0
-56972.0,23826.0
-56740.0,23624.0
-56664.0,23378.0
-56748.0,23568.0
-57436.0,23804.0
-57436.0,23624.0
-57272.0,23590.0
-56736.0,23430.0
-56428.0,23326.0
-56524.0,23232.0
-56980.0,23390.0
-56912.0,23290.0
-56776.0,23148.0
-56776.0,23122.0
-57116.0,23020.0
-56676.0,22930.0
-56648.0,22740.0
-56776.0,22814.0
-56676.0,22720.0
-56972.0,22678.0
-57648.0,23090.0
-57048.0,23064.0
-56968.0,23150.0
-56920.0,23166.0
-57060.0,23038.0
-57032.0,22940.0
-57236.0,22754.0
-56916.0,22896.0
-57116.0,22634.0
-56964.0,22610.0
-57252.0,22822.0
-56896.0,23078.0
-56648.0,22864.0
-57068.0,23212.0
-57064.0,23240.0
-57096.0,22988.0
-57000.0,22994.0
-56644.0,22876.0
-56964.0,22886.0
-57096.0,22896.0
-56920.0,22882.0
-57140.0,22822.0
-57316.0,22792.0
-57468.0,22890.0
-57424.0,22918.0
-57292.0,22942.0
-57416.0,22856.0
-57080.0,22910.0
-57460.0,23104.0
-57572.0,23104.0
-57280.0,23248.0
-57496.0,23222.0
-57268.0,23144.0
-57428.0,23306.0
-57308.0,23300.0
-57196.0,22952.0
-57448.0,23128.0
-57372.0,22990.0
-57392.0,23060.0
-56872.0,22964.0
-57448.0,23276.0
-57464.0,23362.0
-56680.0,23394.0
-56800.0,23064.0
-56832.0,23070.0
-57268.0,23168.0
-56588.0,23102.0
-56692.0,23122.0
-57144.0,23370.0
-56668.0,23190.0
-56668.0,23180.0
-56748.0,23212.0
-56904.0,23516.0
-56920.0,23364.0
-57168.0,23268.0
-56624.0,23128.0
-56256.0,23234.0
-56428.0,23236.0
-56352.0,22926.0
-56612.0,23202.0
-57668.0,23650.0
-56900.0,23586.0
-56980.0,23340.0
-56548.0,23270.0
-56768.0,23318.0
-56604.0,23236.0
-56740.0,23216.0
-57128.0,23360.0
-56928.0,23302.0
-56552.0,23158.0
-56496.0,23118.0
-56588.0,23160.0
-56948.0,22962.0
-56620.0,22996.0
-56588.0,22912.0
-56780.0,22908.0
-57028.0,22706.0
-57336.0,22740.0
-57504.0,22738.0
-57556.0,22836.0
-57120.0,22824.0
-56800.0,22732.0
-57292.0,22902.0
-56808.0,22668.0
-56528.0,22682.0
-56820.0,22666.0
-55860.0,22214.0
-55568.0,22286.0
-56024.0,22320.0
-55996.0,22140.0
-55804.0,22124.0
-56280.0,22276.0
-56088.0,22154.0
-56460.0,22340.0
-56568.0,22638.0
-56100.0,22230.0
-55932.0,22038.0
-55536.0,21976.0
-56160.0,22084.0
-56256.0,22016.0
-56416.0,21990.0
-56064.0,21756.0
-56136.0,21780.0
-56448.0,22148.0
-56248.0,22246.0
-56584.0,22202.0
-56408.0,21774.0
-56320.0,21668.0
-56380.0,21720.0
-56644.0,22068.0
-56944.0,22156.0
-57376.0,22386.0
-57152.0,22296.0
-56516.0,22054.0
-57224.0,22266.0
-56704.0,22294.0
-56656.0,22332.0
-56876.0,22354.0
-56596.0,22234.0
-56500.0,22236.0
-56392.0,22250.0
-56876.0,22444.0
-56672.0,22402.0
-56304.0,22302.0
-56324.0,22110.0
-55932.0,21620.0
-56260.0,21786.0
-56484.0,22116.0
-55960.0,21834.0
-55544.0,21752.0
-56152.0,21798.0
-56856.0,22092.0
-56604.0,22054.0
-56736.0,22324.0
-57148.0,22194.0
-56304.0,21944.0
-56056.0,21758.0
-56204.0,21998.0
-55720.0,21802.0
-56020.0,21798.0
-56204.0,21600.0
-56204.0,21892.0
-56128.0,21748.0
-56124.0,21736.0
-56176.0,21828.0
-55860.0,21690.0
-56024.0,21512.0
-55768.0,21500.0
-55500.0,21490.0
-56036.0,21884.0
-55564.0,21782.0
-56116.0,22100.0
-56744.0,22322.0
-56212.0,22340.0
-56908.0,22692.0
-56192.0,22532.0
-56668.0,22456.0
-55956.0,22288.0
-55800.0,22226.0
-55896.0,22524.0
-56028.0,22680.0
-56044.0,22182.0
-55904.0,22322.0
-55980.0,22458.0
-55900.0,22478.0
-55704.0,22630.0
-55972.0,22770.0
-56168.0,23060.0
-55768.0,22732.0
-55764.0,22742.0
-56224.0,22860.0
-56560.0,23044.0
-56228.0,22950.0
-56308.0,22768.0
-55932.0,22492.0
-55928.0,22518.0
-55508.0,22284.0
-55816.0,22238.0
-55848.0,22150.0
-55944.0,22178.0
-55452.0,22150.0
-55456.0,22230.0
-56412.0,22584.0
-56476.0,22650.0
-56080.0,22444.0
-55984.0,22422.0
-56276.0,22426.0
-56520.0,22450.0
-56512.0,22510.0
-56508.0,22760.0
-56644.0,22878.0
-56476.0,22876.0
-56540.0,23384.0
-56676.0,23376.0
-57056.0,23466.0
-56912.0,23258.0
-56868.0,23304.0
-56840.0,23710.0
-57512.0,24032.0
-57596.0,24026.0
-57200.0,23956.0
-57048.0,23838.0
-57144.0,23756.0
-57000.0,23500.0
-57260.0,23922.0
-57364.0,24022.0
-57124.0,23828.0
-57608.0,23808.0
-58216.0,23998.0
-58248.0,24054.0
-57852.0,23950.0
-57208.0,23532.0
-57300.0,23724.0
-57120.0,23444.0
-56772.0,23472.0
-57440.0,23848.0
-57148.0,23548.0
-57072.0,23466.0
-56940.0,23564.0
-56944.0,23496.0
-57396.0,23478.0
-56604.0,23218.0
-56560.0,23210.0
-56692.0,23350.0
-56416.0,23376.0
-56308.0,23446.0
-56332.0,23502.0
-56856.0,23556.0
-57136.0,23686.0
-57216.0,23818.0
-56980.0,23512.0
-57076.0,23466.0
-56856.0,23406.0
-56964.0,23548.0
-57112.0,23554.0
-57000.0,23502.0
-56832.0,23518.0
-57020.0,23656.0
-57236.0,23596.0
-57196.0,23456.0
-57140.0,23514.0
-57524.0,23506.0
-57780.0,23978.0
-57348.0,23620.0
-57324.0,23368.0
-57108.0,23480.0
-56840.0,23342.0
-56880.0,23358.0
-57024.0,23058.0
-56884.0,23104.0
-57532.0,23324.0
-57352.0,23492.0
-57284.0,23336.0
-57436.0,23458.0
-57444.0,23422.0
-57348.0,23216.0
-56776.0,23186.0
-56824.0,23156.0
-56792.0,23156.0
-57280.0,23440.0
-57332.0,23584.0
-57536.0,23332.0
-57408.0,23736.0
-57696.0,23762.0
-58088.0,23956.0
-57836.0,23924.0
-57660.0,23800.0
-57928.0,23892.0
-58544.0,24176.0
-58816.0,24486.0
-58628.0,24554.0
-58644.0,24502.0
-58240.0,24126.0
-58428.0,24040.0
-58064.0,23882.0
-57800.0,23696.0
-57144.0,23386.0
-57628.0,23672.0
-57484.0,23598.0
-57604.0,23522.0
-57672.0,23698.0
-57752.0,23654.0
-57328.0,23694.0
-56784.0,23432.0
-56876.0,23400.0
-56972.0,23446.0
-57032.0,23240.0
-56792.0,22958.0
-56352.0,23012.0
-56768.0,23128.0
-57144.0,23500.0
-56460.0,23384.0
-56572.0,23350.0
-56508.0,23360.0
-56920.0,23210.0
-57124.0,23136.0
-57324.0,23004.0
-57432.0,23042.0
-57328.0,22974.0
-57576.0,23154.0
-57484.0,23038.0
-57276.0,23030.0
-57404.0,23014.0
-57352.0,23162.0
-57184.0,23070.0
-57720.0,23176.0
-57420.0,23204.0
-57476.0,23372.0
-57844.0,23256.0
-57252.0,23016.0
-57264.0,22986.0
-57376.0,23004.0
-56636.0,22776.0
-56612.0,22584.0
-56728.0,22768.0
-56668.0,22854.0
-56428.0,22634.0
-56396.0,22832.0
-56548.0,22980.0
-57088.0,23348.0
-57452.0,23480.0
-57200.0,23188.0
-56796.0,23026.0
-56380.0,22760.0
-56708.0,22930.0
-57336.0,22810.0
-57264.0,22874.0
-57252.0,22842.0
-57140.0,22750.0
-56808.0,22410.0
-56396.0,22136.0
-56572.0,22364.0
-56168.0,22126.0
-56212.0,22170.0
-56420.0,22352.0
-56236.0,22210.0
-55936.0,22140.0
-56276.0,22094.0
-56176.0,22256.0
-56800.0,22664.0
-57076.0,22722.0
-56880.0,22620.0
-56736.0,22460.0
-56632.0,22396.0
-56712.0,22514.0
-56684.0,22634.0
-56420.0,22536.0
-56548.0,22542.0
-55892.0,22280.0
-56024.0,22324.0
-56296.0,22178.0
-56740.0,22244.0
-56512.0,22442.0
-56436.0,22346.0
-56036.0,22312.0
-55984.0,22294.0
-56080.0,22438.0
-56716.0,22300.0
-56624.0,22188.0
-55996.0,22016.0
-56380.0,21968.0
-56304.0,22036.0
-56176.0,22204.0
-56864.0,22490.0
-56916.0,22604.0
-56524.0,22610.0
-57052.0,22882.0
-56712.0,22716.0
-56280.0,22340.0
-56844.0,22618.0
-56388.0,22404.0
-56992.0,22478.0
-57192.0,22688.0
-57080.0,22788.0
-56432.0,22816.0
-56996.0,22452.0
-56640.0,22072.0
-56696.0,22288.0
-57196.0,22420.0
-56620.0,22398.0
-57084.0,22838.0
-57136.0,22954.0
-57512.0,23280.0
-57152.0,23204.0
-56948.0,23176.0
-56824.0,23016.0
-57216.0,23110.0
-56836.0,23128.0
-56384.0,22982.0
-56980.0,23136.0
-56332.0,22626.0
-56328.0,22828.0
-56276.0,22852.0
-56568.0,23060.0
-56244.0,22886.0
-56248.0,22974.0
-56692.0,22904.0
-56948.0,22860.0
-56260.0,22664.0
-56392.0,22552.0
-56732.0,23038.0
-57028.0,23068.0
-56964.0,23108.0
-57376.0,23380.0
-57744.0,23556.0
-57412.0,23540.0
-57576.0,23558.0
-57364.0,23576.0
-56956.0,23628.0
-57820.0,23950.0
-57788.0,23836.0
-57636.0,23764.0
-57628.0,23616.0
-57424.0,23516.0
-57404.0,23612.0
-57284.0,23508.0
-57008.0,23540.0
-56920.0,23394.0
-56884.0,23626.0
-57288.0,23930.0
-57740.0,23994.0
-57636.0,24190.0
-57508.0,23978.0
-57560.0,23856.0
-57628.0,24048.0
-57172.0,23876.0
-56892.0,24110.0
-56764.0,24134.0
-56984.0,24188.0
-56904.0,24100.0
-57252.0,24210.0
-57272.0,24146.0
-57456.0,24414.0
-57620.0,24460.0
-57284.0,24268.0
-57096.0,24588.0
-57436.0,24746.0
-57400.0,24584.0
-57832.0,24676.0
-57556.0,24778.0
-57668.0,24694.0
-57760.0,24572.0
-57616.0,24540.0
-57672.0,24434.0
-57188.0,24452.0
-57272.0,24224.0
-57788.0,24442.0
-57536.0,24322.0
-57496.0,24096.0
-57284.0,24270.0
-57460.0,24312.0
-57196.0,24142.0
-57244.0,23976.0
-57652.0,24094.0
-57884.0,24116.0
-57556.0,24120.0
-57716.0,24204.0
-57660.0,24222.0
-57500.0,23982.0
-57620.0,23984.0
-57404.0,24078.0
-57236.0,23920.0
-57152.0,23868.0
-57140.0,23850.0
-57436.0,24176.0
-57844.0,24178.0
-57708.0,24080.0
-57568.0,24160.0
-58280.0,24336.0
-58312.0,24032.0
-57476.0,23740.0
-57588.0,23640.0
-57288.0,23246.0
-57364.0,23306.0
-57652.0,23352.0
-57976.0,23504.0
-57956.0,23420.0
-58332.0,23382.0
-57840.0,23568.0
-57872.0,23578.0
-57904.0,23558.0
-57852.0,23466.0
-57480.0,23250.0
-57176.0,23288.0
-57024.0,22998.0
-57164.0,22976.0
-57148.0,22900.0
-57496.0,23264.0
-57772.0,23588.0
-57264.0,23278.0
-57644.0,23178.0
-57768.0,23368.0
-57448.0,23164.0
-57680.0,23336.0
-57872.0,23510.0
-57564.0,23508.0
-57648.0,23424.0
-57476.0,23378.0
-57016.0,23140.0
-56796.0,22786.0
-56832.0,22986.0
-56752.0,23234.0
-57128.0,23404.0
-57976.0,23644.0
-58732.0,23680.0
-58424.0,23476.0
-57884.0,23236.0
-57808.0,23284.0
-57416.0,23158.0
-58024.0,23404.0
-57836.0,23474.0
-57812.0,23272.0
-57388.0,23120.0
-57016.0,22946.0
-57104.0,22864.0
-56812.0,22606.0
-57172.0,22702.0
-57132.0,22708.0
-57344.0,22846.0
-57584.0,23276.0
-57508.0,23228.0
-57520.0,23074.0
-57708.0,23064.0
-57464.0,23162.0
-57124.0,22988.0
-57384.0,23174.0
-57652.0,23190.0
-57340.0,23072.0
-57364.0,22960.0
-57252.0,22944.0
-56964.0,22808.0
-57120.0,22666.0
-57444.0,22684.0
-57256.0,22478.0
-57308.0,22490.0
-57456.0,22700.0
-57792.0,22494.0
-57408.0,22608.0
-57388.0,22898.0
-57376.0,22820.0
-57372.0,22842.0
-57308.0,22932.0
-57720.0,23408.0
-57628.0,23340.0
-57604.0,23304.0
-57804.0,22982.0
-57620.0,22694.0
-57596.0,22490.0
-56972.0,22386.0
-57124.0,22504.0
-57220.0,22552.0
-56876.0,22446.0
-56712.0,22256.0
-55792.0,21950.0
-56292.0,21932.0
-56240.0,21792.0
-56592.0,21670.0
-56192.0,21606.0
-56580.0,21542.0
-56612.0,21540.0
-56828.0,21712.0
-56960.0,21812.0
-57244.0,21864.0
-57112.0,21772.0
-57492.0,21968.0
-57840.0,21978.0
-57444.0,21822.0
-56912.0,21720.0
-57040.0,21502.0
-57372.0,21550.0
-57272.0,21472.0
-57112.0,21388.0
-56724.0,21342.0
-56964.0,21428.0
-56336.0,20926.0
-56940.0,21072.0
-56472.0,20934.0
-57128.0,21102.0
-56880.0,20928.0
-57432.0,21312.0
-57608.0,21460.0
-57032.0,21148.0
-56776.0,21022.0
-56788.0,21002.0
-56960.0,21272.0
-56920.0,21010.0
-56952.0,21222.0
-56936.0,21020.0
-57188.0,20926.0
-57112.0,21300.0
-57148.0,21104.0
-56888.0,20992.0
-56836.0,20896.0
-56752.0,21178.0
-57172.0,21020.0
-57520.0,21136.0
-56944.0,21090.0
-56480.0,21108.0
-56676.0,21292.0
-56704.0,21422.0
-56744.0,21400.0
-56748.0,21522.0
-56808.0,21550.0
-56620.0,21648.0
-56168.0,21692.0
-56536.0,21670.0
-56932.0,21850.0
-57136.0,22106.0
-56680.0,22006.0
-57196.0,22374.0
-57248.0,22366.0
-57696.0,22372.0
-57736.0,22244.0
-57512.0,22204.0
-56988.0,22050.0
-56732.0,22250.0
-56824.0,22330.0
-56344.0,22086.0
-56316.0,21898.0
-56076.0,21614.0
-56028.0,21534.0
-56284.0,21732.0
-56064.0,21634.0
-56124.0,21354.0
-56544.0,21694.0
-56580.0,21876.0
-57180.0,21920.0
-56624.0,21746.0
-57132.0,22038.0
-57260.0,22306.0
-57252.0,22420.0
-57180.0,22584.0
-57208.0,22536.0
-57424.0,22620.0
-57196.0,22354.0
-57560.0,22350.0
-58004.0,22500.0
-57664.0,22332.0
-57628.0,22378.0
-57584.0,22378.0
-57432.0,22258.0
-57812.0,22278.0
-57308.0,22056.0
-57600.0,22086.0
-57732.0,22068.0
-57532.0,21928.0
-57764.0,21876.0
-57712.0,21758.0
-57204.0,21728.0
-57484.0,21842.0
-57516.0,21812.0
-57468.0,21796.0
-57440.0,21660.0
-57644.0,21676.0
-57396.0,21608.0
-57164.0,21296.0
-57168.0,21328.0
-56856.0,21152.0
-56912.0,21138.0
-56976.0,21154.0
-57212.0,21302.0
-57128.0,21228.0
-57124.0,21004.0
-56840.0,20880.0
-56752.0,20716.0
-56096.0,20674.0
-56764.0,20806.0
-57100.0,20650.0
-57160.0,20524.0
-56640.0,20276.0
-56368.0,20468.0
-56780.0,20512.0
-56448.0,20330.0
-56032.0,19826.0
-56544.0,19892.0
-56560.0,20106.0
-56616.0,20144.0
-56464.0,19834.0
-56068.0,19612.0
-56276.0,19774.0
-56556.0,19624.0
-56492.0,19666.0
-57128.0,19766.0
-56248.0,19740.0
-56356.0,19604.0
-56876.0,19812.0
-57188.0,19918.0
-56880.0,19826.0
-57168.0,19878.0
-57412.0,20222.0
-57128.0,19988.0
-57120.0,19950.0
-56996.0,19956.0
-57068.0,20082.0
-57204.0,20164.0
-56696.0,20162.0
-56312.0,20074.0
-56600.0,19974.0
-56660.0,19812.0
-57024.0,20054.0
-57328.0,20190.0
-57700.0,20332.0
-57364.0,20312.0
-57244.0,20246.0
-57336.0,20300.0
-57216.0,20176.0
-57396.0,20144.0
-57480.0,19998.0
-57496.0,19940.0
-57112.0,19888.0
-56628.0,19962.0
-56916.0,20008.0
-56552.0,20022.0
-56748.0,19762.0
-56748.0,19816.0
-56676.0,19770.0
-56248.0,19468.0
-56504.0,19686.0
-56236.0,19776.0
-56456.0,19530.0
-56040.0,19634.0
-55820.0,19446.0
-55796.0,19452.0
-56236.0,19754.0
-56064.0,19906.0
-56352.0,20028.0
-57040.0,20424.0
-56392.0,20144.0
-56128.0,20010.0
-56900.0,20234.0
-56672.0,20018.0
-56316.0,19878.0
-56476.0,19816.0
-56460.0,19742.0
-55972.0,19912.0
-56348.0,20098.0
-56744.0,20168.0
-55940.0,20066.0
-56152.0,20086.0
-56716.0,20098.0
-57024.0,20352.0
-57096.0,20210.0
-56692.0,20148.0
-56792.0,20060.0
-56856.0,19880.0
-56592.0,19776.0
-56776.0,19564.0
-56552.0,19730.0
-56456.0,19720.0
-56224.0,19484.0
-56220.0,19320.0
-56724.0,19400.0
-56616.0,19576.0
-56308.0,19650.0
-56352.0,19640.0
-55824.0,19506.0
-56296.0,19550.0
-56520.0,19514.0
-56572.0,19624.0
-56300.0,19538.0
-56668.0,19898.0
-56564.0,19856.0
-56488.0,19956.0
-56004.0,19798.0
-55888.0,19754.0
-56112.0,19680.0
-56484.0,19596.0
-56316.0,19594.0
-56220.0,19458.0
-56256.0,19378.0
-55992.0,19420.0
-55848.0,19250.0
-56688.0,19478.0
-56544.0,19482.0
-56172.0,19598.0
-56104.0,19364.0
-56304.0,19706.0
-56052.0,19432.0
-56240.0,19270.0
-56804.0,19372.0
-56428.0,19152.0
-56496.0,19190.0
-56304.0,19134.0
-56412.0,19084.0
-56776.0,18918.0
-56524.0,18960.0
-56372.0,18920.0
-56368.0,19056.0
-56768.0,19148.0
-56372.0,19056.0
-56348.0,18982.0
-56296.0,18978.0
-56548.0,19222.0
-56728.0,19194.0
-56724.0,19076.0
-57140.0,19174.0
-56820.0,18892.0
-56484.0,18910.0
-56684.0,18938.0
-56896.0,19114.0
-56704.0,19030.0
-56368.0,19148.0
-56800.0,19678.0
-56656.0,19420.0
-56704.0,19230.0
-56556.0,18954.0
-56120.0,18694.0
-55812.0,18566.0
-56248.0,18974.0
-55924.0,18582.0
-55528.0,18734.0
-55496.0,18714.0
-56376.0,18794.0
-56248.0,19084.0
-56472.0,19080.0
-56604.0,19284.0
-56340.0,19382.0
-56584.0,19392.0
-56424.0,19226.0
-56264.0,19424.0
-56232.0,19560.0
-56388.0,19450.0
-56164.0,19344.0
-56204.0,19268.0
-55464.0,19054.0
-55436.0,19322.0
-55512.0,19092.0
-55520.0,19160.0
-55404.0,19284.0
-55252.0,19182.0
-55536.0,19212.0
-55384.0,19120.0
-55800.0,19244.0
-55708.0,19372.0
-56052.0,19356.0
-55992.0,19164.0
-56496.0,19246.0
-56884.0,19416.0
-56956.0,19458.0
-57344.0,19446.0
-56628.0,19290.0
-57032.0,19478.0
-56812.0,19380.0
-56632.0,19386.0
-57140.0,19670.0
-57076.0,19988.0
-57192.0,20318.0
-56836.0,20060.0
-57196.0,20288.0
-57280.0,20370.0
-57712.0,20480.0
-57452.0,20432.0
-57076.0,20452.0
-57156.0,20430.0
-57376.0,20338.0
-57336.0,20146.0
-57440.0,20344.0
-57628.0,20436.0
-57852.0,20668.0
-57724.0,20734.0
-57236.0,20636.0
-57500.0,20530.0
-57192.0,20438.0
-56908.0,20034.0
-56880.0,20252.0
-56828.0,20368.0
-56984.0,20804.0
-56620.0,20626.0
-56972.0,20762.0
-56816.0,20792.0
-57048.0,20990.0
-57184.0,21240.0
-57136.0,21142.0
-57392.0,21266.0
-57764.0,21408.0
-57900.0,21442.0
-57484.0,21240.0
-58128.0,21584.0
-57956.0,21770.0
-58004.0,21948.0
-58316.0,22016.0
-58128.0,21904.0
-57796.0,21758.0
-57680.0,21924.0
-57940.0,21684.0
-57588.0,21518.0
-58136.0,21618.0
-58404.0,21726.0
-58484.0,21870.0
-57652.0,21714.0
-57628.0,21640.0
-57636.0,21634.0
-57544.0,21690.0
-57664.0,21992.0
-57812.0,21922.0
-57844.0,21816.0
-57852.0,21512.0
-57740.0,21272.0
-57124.0,21062.0
-56704.0,21034.0
-56616.0,21020.0
-57300.0,21452.0
-57072.0,21386.0
-56772.0,21284.0
-56884.0,21348.0
-57036.0,21618.0
-56976.0,21550.0
-57116.0,21652.0
-57176.0,21888.0
-57448.0,21768.0
-57204.0,21750.0
-57316.0,21966.0
-58100.0,21868.0
-57768.0,21974.0
-57464.0,21542.0
-57460.0,21366.0
-57076.0,21242.0
-56800.0,21328.0
-56396.0,21164.0
-56588.0,21334.0
-56384.0,21414.0
-56456.0,21380.0
-56496.0,21298.0
-56668.0,21466.0
-56844.0,21170.0
-56988.0,21264.0
-56584.0,20854.0
-57116.0,21308.0
-57148.0,21344.0
-56748.0,21398.0
-56952.0,21460.0
-56624.0,21542.0
-56236.0,21126.0
-56684.0,21032.0
-56124.0,20846.0
-56244.0,20630.0
-56420.0,20742.0
-55944.0,20300.0
-56220.0,20246.0
-56280.0,20314.0
-56460.0,20142.0
-55892.0,19994.0
-55704.0,19962.0
-55960.0,20232.0
-56592.0,20656.0
-56296.0,20276.0
-56704.0,20438.0
-56932.0,20588.0
-56732.0,20268.0
-56268.0,20272.0
-56512.0,20302.0
-57244.0,20712.0
-56800.0,20480.0
-56688.0,20470.0
-56264.0,20186.0
-55372.0,19866.0
-55948.0,19986.0
-56092.0,19954.0
-56336.0,19768.0
-55912.0,19912.0
-55820.0,19910.0
-55940.0,19674.0
-56044.0,19642.0
-55784.0,19596.0
-55780.0,19554.0
-55780.0,19562.0
-55640.0,19376.0
-55960.0,19436.0
-56204.0,19422.0
-56220.0,19416.0
-56136.0,19430.0
-56188.0,19302.0
-56576.0,19502.0
-56300.0,19626.0
-56224.0,19352.0
-56228.0,19752.0
-55924.0,19534.0
-55960.0,19540.0
-55768.0,19350.0
-56308.0,19274.0
-56272.0,19378.0
-56284.0,19540.0
-56620.0,19764.0
-56572.0,19378.0
-56320.0,19100.0
-56248.0,18860.0
-55912.0,18736.0
-56028.0,18802.0
-55812.0,18688.0
-56080.0,18690.0
-56132.0,18620.0
-55736.0,18296.0
-55644.0,18388.0
-55604.0,18246.0
-55552.0,18354.0
-55544.0,18362.0
-55480.0,17968.0
-55372.0,18114.0
-55648.0,18208.0
-55976.0,18204.0
-55804.0,18318.0
-55800.0,18114.0
-55852.0,18206.0
-55804.0,18072.0
-55816.0,18164.0
-56100.0,18204.0
-56308.0,18192.0
-56768.0,18566.0
-57052.0,18590.0
-57100.0,18836.0
-56704.0,18652.0
-56284.0,18566.0
-56388.0,18670.0
-56432.0,18590.0
-56348.0,18676.0
-56736.0,18756.0
-56480.0,18548.0
-56344.0,18548.0
-56216.0,18696.0
-56024.0,18870.0
-56048.0,18760.0
-56484.0,18794.0
-56360.0,18964.0
-56564.0,18800.0
-56112.0,18842.0
-56232.0,18670.0
-55944.0,18698.0
-55724.0,18350.0
-55848.0,18496.0
-56008.0,18426.0
-55364.0,18180.0
-55024.0,18160.0
-55244.0,18526.0
-55232.0,18464.0
-55532.0,18510.0
-55340.0,18310.0
-55744.0,18446.0
-56084.0,18508.0
-55952.0,18686.0
-55724.0,18666.0
-55388.0,18516.0
-54852.0,18362.0
-55316.0,18610.0
-55320.0,18584.0
-56016.0,18868.0
-56416.0,18722.0
-56216.0,18904.0
-56380.0,18950.0
-55864.0,18684.0
-56352.0,18652.0
-56280.0,18830.0
-56196.0,18796.0
-55780.0,18272.0
-55660.0,18282.0
-55500.0,17894.0
-55392.0,18070.0
-55524.0,17922.0
-55388.0,17840.0
-55268.0,17982.0
-55308.0,17934.0
-55764.0,18054.0
-55660.0,17928.0
-55904.0,18082.0
-56056.0,18154.0
-55664.0,17814.0
-55560.0,18090.0
-55964.0,18034.0
-56252.0,18168.0
-56048.0,18172.0
-56096.0,18080.0
-55892.0,18290.0
-55864.0,18110.0
-55580.0,18398.0
-55596.0,18408.0
-55984.0,18390.0
-56220.0,18486.0
-55700.0,18192.0
-55740.0,18218.0
-56056.0,18226.0
-55864.0,17874.0
-56068.0,18102.0
-56128.0,17922.0
-55936.0,17794.0
-55492.0,17672.0
-55252.0,17592.0
-55656.0,17834.0
-55596.0,17848.0
-55880.0,17622.0
-55732.0,17376.0
-55960.0,17266.0
-55920.0,17508.0
-55916.0,17628.0
-55964.0,17862.0
-56292.0,17986.0
-56556.0,18076.0
-57152.0,18056.0
-56728.0,17750.0
-56812.0,17482.0
-56456.0,17208.0
-56196.0,17122.0
-56704.0,17398.0
-56492.0,17400.0
-56212.0,17412.0
-55568.0,17324.0
-55892.0,17348.0
-56128.0,17448.0
-55684.0,17188.0
-56108.0,17402.0
-56184.0,17198.0
-55920.0,17210.0
-56464.0,17286.0
-56276.0,17036.0
-56156.0,16972.0
-56140.0,16790.0
-56116.0,16804.0
-55852.0,16846.0
-55596.0,16956.0
-55668.0,17150.0
-56228.0,17116.0
-56368.0,17244.0
-56204.0,16982.0
-56348.0,17012.0
-55672.0,17126.0
-56312.0,17232.0
-56788.0,17582.0
-56784.0,17498.0
-56772.0,17452.0
-56652.0,17530.0
-56616.0,17298.0
-56324.0,16684.0
-56492.0,16972.0
-56452.0,17018.0
-56712.0,16998.0
-56552.0,16996.0
-56216.0,16938.0
-56440.0,16932.0
-56380.0,16964.0
-56356.0,17070.0
-56728.0,17464.0
-57060.0,17678.0
-56628.0,17530.0
-56364.0,17434.0
-56748.0,17172.0
-56876.0,16994.0
-57248.0,16896.0
-56624.0,16596.0
-56588.0,16500.0
-56352.0,16324.0
-56756.0,16524.0
-56744.0,16602.0
-56780.0,16550.0
-56272.0,16580.0
-56288.0,16420.0
-56296.0,16214.0
-56532.0,16194.0
-56456.0,16036.0
-57268.0,16368.0
-57244.0,16146.0
-56636.0,15800.0
-56604.0,15948.0
-56780.0,16062.0
-56636.0,16008.0
-56096.0,15890.0
-56688.0,16174.0
-56476.0,16262.0
-56812.0,16162.0
-56524.0,16176.0
-56768.0,16370.0
-56872.0,16192.0
-56760.0,16154.0
-56744.0,16098.0
-56892.0,16044.0
-56928.0,16092.0
-56564.0,16206.0
-56336.0,16006.0
-56188.0,15950.0
-56356.0,15958.0
-56736.0,15708.0
-56484.0,16028.0
-56684.0,16176.0
-56540.0,16264.0
-56560.0,16012.0
-56640.0,16032.0
-57000.0,15966.0
-56820.0,15964.0
-56408.0,15948.0
-56584.0,15862.0
-56652.0,15880.0
-57008.0,16176.0
-56652.0,16098.0
-56556.0,15982.0
-56772.0,16302.0
-56840.0,16622.0
-56508.0,16604.0
-56844.0,16420.0
-56744.0,16566.0
-56844.0,16360.0
-56664.0,16264.0
-56592.0,16190.0
-56332.0,16096.0
-56228.0,16152.0
-56432.0,16248.0
-56612.0,16164.0
-56956.0,16094.0
-56980.0,16242.0
-56872.0,16232.0
-56696.0,15972.0
-56416.0,15874.0
-56540.0,15894.0
-56000.0,16052.0
-56528.0,16036.0
-56368.0,16022.0
-56128.0,15958.0
-56196.0,16230.0
-56180.0,16314.0
-56092.0,16436.0
-56132.0,16442.0
-56256.0,16154.0
-56224.0,16066.0
-56268.0,16144.0
-56680.0,16240.0
-56756.0,16308.0
-56208.0,16226.0
-56252.0,16218.0
-56220.0,16146.0
-56348.0,16164.0
-56436.0,16140.0
-57372.0,16342.0
-57316.0,16384.0
-57280.0,16338.0
-57136.0,16450.0
-56576.0,16526.0
-57340.0,16682.0
-57544.0,16504.0
-57068.0,16450.0
-57380.0,16476.0
-57156.0,16316.0
-57292.0,16226.0
-57320.0,15868.0
-57628.0,16096.0
-57024.0,15918.0
-57208.0,16034.0
-56724.0,16088.0
-57128.0,15714.0
-57208.0,15676.0
-57284.0,15820.0
-56620.0,15532.0
-56956.0,15410.0
-57140.0,15476.0
-56564.0,15340.0
-56440.0,15082.0
-56312.0,15112.0
-56688.0,14664.0
-56912.0,14662.0
-57112.0,14488.0
-57340.0,14454.0
-57096.0,14434.0
-56948.0,13888.0
-56212.0,13654.0
-56468.0,13834.0
-56664.0,13934.0
-56312.0,14198.0
-55960.0,14088.0
-56216.0,14050.0
-56316.0,14214.0
-56652.0,14226.0
-56460.0,14264.0
-56468.0,14412.0
-56912.0,14426.0
-56232.0,14064.0
-56644.0,14236.0
-56628.0,14392.0
-56292.0,14404.0
-56528.0,14508.0
-56840.0,14474.0
-57292.0,14682.0
-57092.0,14662.0
-56928.0,14686.0
-56972.0,14808.0
-56804.0,14984.0
-57048.0,14980.0
-57292.0,14952.0
-56592.0,14816.0
-55696.0,14580.0
-55944.0,14364.0
-55988.0,14400.0
-56188.0,14594.0
-56216.0,14206.0
-56144.0,14142.0
-56176.0,13906.0
-56340.0,13940.0
-55832.0,13880.0
-55800.0,13646.0
-55688.0,13664.0
-56152.0,13808.0
-56000.0,13666.0
-56408.0,13784.0
-56076.0,13596.0
-55700.0,13178.0
-56212.0,13432.0
-56064.0,13754.0
-56000.0,13894.0
-56280.0,14096.0
-56172.0,13960.0
-56704.0,13748.0
-57068.0,13988.0
-56660.0,14130.0
-56392.0,13990.0
-57008.0,14198.0
-57048.0,14186.0
-57192.0,14062.0
-57164.0,13834.0
-56940.0,13856.0
-56668.0,13326.0
-56604.0,13496.0
-56388.0,13520.0
-56472.0,13606.0
-56696.0,13606.0
-56392.0,13862.0
-56604.0,13816.0
-56592.0,13628.0
-56380.0,13712.0
-56520.0,13736.0
-56680.0,13400.0
-56992.0,13752.0
-57192.0,13538.0
-56416.0,13288.0
-56832.0,13270.0
-56832.0,13382.0
-56716.0,13514.0
-57168.0,13664.0
-57440.0,13714.0
-57388.0,13686.0
-57364.0,13708.0
-56832.0,13750.0
-56692.0,13876.0
-56784.0,13750.0
-57056.0,13632.0
-57500.0,13932.0
-56768.0,14120.0
-57020.0,14236.0
-56668.0,14020.0
-57000.0,14250.0
-56644.0,14080.0
-56340.0,13870.0
-56964.0,13886.0
-56620.0,14012.0
-56324.0,13814.0
-56456.0,13684.0
-56876.0,14200.0
-56508.0,14350.0
-56792.0,14110.0
-57200.0,13736.0
-56608.0,13420.0
-56920.0,13700.0
-56352.0,13708.0
-56264.0,13550.0
-56284.0,13718.0
-55976.0,13670.0
-55768.0,13774.0
-55972.0,13870.0
-56048.0,13882.0
-55700.0,13918.0
-56064.0,13688.0
-55588.0,13382.0
-55936.0,13748.0
-56496.0,14022.0
-56796.0,14250.0
-56628.0,14164.0
-56608.0,14188.0
-56772.0,14274.0
-56960.0,14404.0
-56792.0,14228.0
-56824.0,13988.0
-56600.0,13972.0
-56640.0,13476.0
-56460.0,13332.0
-56176.0,13352.0
-56184.0,13294.0
-56388.0,13258.0
-56164.0,13150.0
-56284.0,13250.0
-56296.0,13330.0
-56732.0,13416.0
-56600.0,13474.0
-56544.0,13358.0
-55960.0,13156.0
-56416.0,13166.0
-56636.0,13226.0
-56084.0,13114.0
-56248.0,13276.0
-56176.0,13336.0
-56272.0,13590.0
-56440.0,13692.0
-56076.0,14038.0
-55988.0,14334.0
-56692.0,14270.0
-55924.0,14204.0
-55812.0,14068.0
-56552.0,14116.0
-56344.0,14222.0
-56512.0,14242.0
-56212.0,14020.0
-55828.0,13914.0
-55904.0,13866.0
-55864.0,13990.0
-55612.0,13998.0
-55304.0,13966.0
-55944.0,14168.0
-56440.0,14186.0
-55768.0,13812.0
-55652.0,13738.0
-55992.0,14028.0
-56088.0,13898.0
-55972.0,13972.0
-55744.0,13968.0
-55304.0,14168.0
-55680.0,14442.0
-55912.0,14438.0
-55956.0,14478.0
-56456.0,14584.0
-56028.0,14036.0
-56084.0,14368.0
-55880.0,14226.0
-55484.0,14364.0
-56140.0,14518.0
-56460.0,14706.0
-56060.0,14416.0
-55952.0,14258.0
-56136.0,14102.0
-56252.0,14094.0
-55716.0,13634.0
-55700.0,13554.0
-56172.0,13754.0
-56064.0,13758.0
-56108.0,13998.0
-56108.0,13674.0
-55504.0,13486.0
-55876.0,13504.0
-54980.0,13574.0
-55304.0,13666.0
-55528.0,13562.0
-55868.0,13600.0
-55628.0,13438.0
-56132.0,13298.0
-55952.0,13250.0
-55728.0,13242.0
-55788.0,13434.0
-55732.0,13450.0
-56016.0,13308.0
-56196.0,13472.0
-56256.0,13224.0
-55744.0,13336.0
-55864.0,13192.0
-55376.0,12946.0
-55440.0,12814.0
-55216.0,12700.0
-55536.0,12788.0
-55644.0,12756.0
-55784.0,13016.0
-55700.0,13100.0
-55060.0,13056.0
-55532.0,13254.0
-55592.0,13408.0
-55724.0,13496.0
-55860.0,13852.0
-56028.0,13598.0
-55668.0,13626.0
-55852.0,13592.0
-55976.0,13598.0
-56080.0,13430.0
-56048.0,13658.0
-55940.0,13720.0
-55832.0,13730.0
-55740.0,13580.0
-55448.0,13480.0
-55972.0,13412.0
-55972.0,13336.0
-55608.0,13180.0
-55216.0,13120.0
-55444.0,13036.0
-55040.0,13084.0
-55372.0,13024.0
-55576.0,13066.0
-55328.0,12940.0
-55304.0,13096.0
-55984.0,13154.0
-55128.0,12782.0
-56084.0,13082.0
-56292.0,13086.0
-56740.0,12932.0
-56852.0,13010.0
-56296.0,13016.0
-56140.0,13008.0
-56200.0,13496.0
-56208.0,13476.0
-56332.0,13626.0
-56552.0,13616.0
-56888.0,13766.0
-56640.0,13654.0
-56576.0,13492.0
-56656.0,13424.0
-56540.0,13386.0
-57228.0,13606.0
-56992.0,13356.0
-57240.0,12958.0
-56876.0,13030.0
-56344.0,13102.0
-56304.0,12968.0
-56000.0,13340.0
-56204.0,13384.0
-56736.0,13490.0
-56604.0,13494.0
-56868.0,13380.0
-57020.0,13388.0
-56932.0,13124.0
-56716.0,13086.0
-56936.0,12970.0
-56872.0,12934.0
-56632.0,12922.0
-56696.0,12824.0
-56676.0,12896.0
-56576.0,12938.0
-56204.0,12758.0
-56108.0,12720.0
-56020.0,12792.0
-56248.0,12480.0
-56512.0,12442.0
-56164.0,12502.0
-56172.0,12602.0
-56220.0,12912.0
-56552.0,12834.0
-56508.0,12848.0
-56048.0,12976.0
-56660.0,12916.0
-56984.0,12854.0
-56908.0,12838.0
-56872.0,12992.0
-56664.0,12756.0
-56780.0,12858.0
-56884.0,12882.0
-56472.0,13034.0
-56352.0,12886.0
-56232.0,13032.0
-56340.0,13030.0
-56028.0,13142.0
-56208.0,12884.0
-56516.0,13014.0
-56292.0,13190.0
-56204.0,12916.0
-56112.0,13046.0
-55572.0,13182.0
-55860.0,12946.0
-55776.0,13128.0
-56008.0,13136.0
-55756.0,13054.0
-55796.0,12952.0
-55804.0,12824.0
-55840.0,12926.0
-55944.0,13118.0
-56400.0,13284.0
-56656.0,13520.0
-56168.0,13424.0
-56296.0,13240.0
-56072.0,13012.0
-55888.0,12806.0
-56632.0,12800.0
-56340.0,12666.0
-56416.0,12914.0
-56260.0,12670.0
-56256.0,12796.0
-55932.0,12614.0
-55832.0,12614.0
-55876.0,12788.0
-55828.0,12974.0
-55680.0,12846.0
-55560.0,12494.0
-55500.0,12444.0
-55668.0,12622.0
-56056.0,12470.0
-55748.0,12460.0
-56572.0,12408.0
-56560.0,12508.0
-56448.0,12524.0
-56416.0,12592.0
-56932.0,12712.0
-56664.0,12678.0
-56332.0,12420.0
-57032.0,12844.0
-56840.0,12708.0
-56556.0,12968.0
-56848.0,13106.0
-56712.0,13004.0
-56164.0,12658.0
-56248.0,12456.0
-56468.0,12262.0
-56876.0,12198.0
-56404.0,12154.0
-56416.0,12128.0
-56324.0,12134.0
-56360.0,12204.0
-56500.0,12494.0
-56348.0,12510.0
-56128.0,12398.0
-55764.0,12454.0
-56000.0,12442.0
-55852.0,12588.0
-55600.0,12408.0
-55232.0,12044.0
-55616.0,12190.0
-55220.0,12356.0
-55488.0,12284.0
-55800.0,12208.0
-56040.0,12362.0
-55980.0,12270.0
-56172.0,12498.0
-56164.0,12474.0
-55936.0,12284.0
-55964.0,12298.0
-56356.0,12582.0
-56108.0,12662.0
-56280.0,12690.0
-56480.0,12904.0
-57016.0,12672.0
-56948.0,12994.0
-56836.0,13050.0
-56732.0,13110.0
-56500.0,13262.0
-56432.0,13260.0
-56564.0,13200.0
-56896.0,13108.0
-56272.0,13160.0
-56332.0,13188.0
-56748.0,13186.0
-56808.0,13124.0
-56528.0,12948.0
-56900.0,12960.0
-56512.0,12948.0
-56260.0,12572.0
-56440.0,12740.0
-56444.0,13432.0
-56216.0,13298.0
-56112.0,13088.0
-56268.0,13088.0
-55960.0,12582.0
-56116.0,12392.0
-55808.0,12252.0
-56024.0,12212.0
-55796.0,12148.0
-55672.0,11862.0
-55668.0,11616.0
-56184.0,11892.0
-56436.0,11760.0
-55932.0,11936.0
-56488.0,11912.0
-56300.0,11820.0
-55976.0,11594.0
-56080.0,11630.0
-56228.0,11760.0
-56344.0,11700.0
-56136.0,11824.0
-56108.0,11794.0
-56424.0,11872.0
-56184.0,11466.0
-56308.0,11504.0
-56360.0,11530.0
-56336.0,11414.0
-56028.0,11420.0
-56320.0,11468.0
-56632.0,11528.0
-56748.0,11776.0
-56848.0,11488.0
-56204.0,11486.0
-55968.0,11612.0
-56328.0,11814.0
-55604.0,11604.0
-55672.0,11478.0
-55740.0,11398.0
-56228.0,11278.0
-56060.0,10822.0
-56100.0,11182.0
-55872.0,10852.0
-55264.0,10924.0
-55548.0,10870.0
-55900.0,11088.0
-55916.0,10874.0
-55840.0,10846.0
-55824.0,10840.0
-56116.0,10904.0
-56284.0,10952.0
-56624.0,10886.0
-56640.0,10810.0
-56836.0,11044.0
-56872.0,10944.0
-56788.0,11234.0
-56344.0,11202.0
-56172.0,11166.0
-55860.0,11006.0
-56216.0,11200.0
-56476.0,11176.0
-56532.0,11080.0
-56872.0,11180.0
-56624.0,11132.0
-56796.0,10806.0
-56648.0,11072.0
-56396.0,10988.0
-56256.0,10864.0
-56832.0,11040.0
-56124.0,10944.0
-56368.0,11248.0
-56396.0,11120.0
-56672.0,10916.0
-56232.0,10928.0
-56204.0,10702.0
-56080.0,10734.0
-55720.0,10946.0
-56312.0,11070.0
-56388.0,11014.0
-56736.0,11066.0
-57012.0,11140.0
-56532.0,11210.0
-56076.0,11408.0
-55864.0,11644.0
-55716.0,11508.0
-56164.0,11652.0
-55712.0,11486.0
-55912.0,11330.0
-56056.0,11246.0
-56032.0,11136.0
-56352.0,11372.0
-56160.0,11308.0
-55596.0,11224.0
-55648.0,10950.0
-55256.0,10860.0
-55336.0,10872.0
-55468.0,10486.0
-55412.0,10422.0
-55624.0,10498.0
-55476.0,10304.0
-55612.0,10370.0
-55324.0,10450.0
-55352.0,10522.0
-55612.0,10494.0
-55596.0,10566.0
-55192.0,10404.0
-55592.0,10742.0
-55836.0,10624.0
-55684.0,10332.0
-55536.0,10348.0
-55656.0,10298.0
-56116.0,10544.0
-55848.0,10872.0
-55848.0,10798.0
-55732.0,10986.0
-56104.0,11254.0
-56044.0,11280.0
-56112.0,11028.0
-56252.0,11216.0
-57032.0,11480.0
-56188.0,11206.0
-56496.0,11212.0
-56436.0,11338.0
-56028.0,11066.0
-56168.0,11116.0
-56200.0,10960.0
-56584.0,11164.0
-56512.0,11200.0
-56500.0,11106.0
-56384.0,11164.0
-56432.0,11284.0
-56528.0,11432.0
-56692.0,11664.0
-56492.0,11702.0
-56140.0,11694.0
-55628.0,11646.0
-55868.0,11534.0
-56096.0,11502.0
-55892.0,11228.0
-55604.0,11018.0
-56212.0,11078.0
-56112.0,11162.0
-56152.0,11088.0
-56168.0,11352.0
-56172.0,11328.0
-56284.0,11430.0
-55912.0,11476.0
-56464.0,11500.0
-55956.0,11394.0
-55532.0,11220.0
-55640.0,11094.0
-56100.0,11254.0
-56312.0,11264.0
-56736.0,11060.0
-56688.0,11104.0
-55880.0,11078.0
-56008.0,11144.0
-56264.0,11078.0
-56236.0,10910.0
-56400.0,11056.0
-56300.0,10966.0
-56568.0,10942.0
-56328.0,10948.0
-56460.0,10940.0
-56120.0,10874.0
-56140.0,11166.0
-56220.0,11240.0
-56268.0,11120.0
-56212.0,11172.0
-56556.0,11456.0
-56380.0,11462.0
-56044.0,11218.0
-55996.0,11352.0
-56472.0,11624.0
-56320.0,11676.0
-56244.0,11550.0
-55692.0,11660.0
-55940.0,11494.0
-55776.0,11354.0
-55944.0,11084.0
-55996.0,10656.0
-55792.0,10672.0
-55960.0,10644.0
-55548.0,10408.0
-55484.0,10564.0
-55252.0,10698.0
-54908.0,10790.0
-55116.0,10646.0
-56044.0,11026.0
-55380.0,10654.0
-55336.0,10862.0
-55740.0,11016.0
-55624.0,11042.0
-55832.0,11176.0
-55844.0,11052.0
-56164.0,11506.0
-55764.0,11382.0
-56096.0,11178.0
-56344.0,11134.0
-56092.0,11010.0
-55664.0,10846.0
-55760.0,10836.0
-55696.0,10820.0
-56148.0,10814.0
-56044.0,11090.0
-55872.0,10976.0
-55464.0,11138.0
-55240.0,11206.0
-55700.0,11402.0
-56040.0,11342.0
-55432.0,11402.0
-55508.0,11614.0
-55788.0,11536.0
-56104.0,11778.0
-56444.0,12024.0
-56300.0,12190.0
-56648.0,12340.0
-56672.0,12272.0
-56668.0,12152.0
-56448.0,12312.0
-56276.0,12236.0
-56548.0,12442.0
-56420.0,12720.0
-56152.0,12794.0
-56288.0,12722.0
-56356.0,12916.0
-56104.0,12682.0
-56292.0,12526.0
-55836.0,12388.0
-55976.0,12106.0
-56172.0,12252.0
-56344.0,12696.0
-56228.0,12872.0
-55796.0,12674.0
-56280.0,12804.0
-56016.0,12794.0
-56336.0,12892.0
-56244.0,12974.0
-56204.0,12872.0
-56544.0,12764.0
-56636.0,12926.0
-56276.0,12708.0
-55756.0,12624.0
-56136.0,12670.0
-56052.0,12638.0
-55956.0,12850.0
-56408.0,12682.0
-55996.0,12596.0
-55944.0,12534.0
-55624.0,12238.0
-55716.0,12250.0
-56156.0,12374.0
-56032.0,12182.0
-55856.0,12540.0
-56016.0,12794.0
-56116.0,12704.0
-55724.0,12924.0
-55512.0,12892.0
-56180.0,13066.0
-56040.0,13048.0
-56012.0,13050.0
-56452.0,13216.0
-56164.0,13178.0
-56748.0,13184.0
-56212.0,13336.0
-56496.0,13262.0
-56372.0,13254.0
-56848.0,13522.0
-56136.0,13558.0
-56704.0,13684.0
-56716.0,13572.0
-56824.0,13514.0
-56456.0,13360.0
-56492.0,13386.0
-56740.0,13264.0
-56836.0,13124.0
-56308.0,13126.0
-56664.0,12820.0
-56408.0,12728.0
-56348.0,12616.0
-55772.0,12690.0
-56076.0,12774.0
-56008.0,12864.0
-56112.0,13088.0
-56640.0,13000.0
-56432.0,13046.0
-56672.0,13250.0
-56564.0,13452.0
-56480.0,13444.0
-56424.0,13622.0
-56624.0,13492.0
-56720.0,13608.0
-56776.0,13574.0
-55996.0,13366.0
-56336.0,13198.0
-56916.0,13330.0
-57064.0,13306.0
-56964.0,13432.0
-56588.0,12978.0
-56396.0,13000.0
-56592.0,13040.0
-56504.0,13220.0
-56552.0,13240.0
-56640.0,13728.0
-56560.0,13810.0
-56940.0,13728.0
-56756.0,13740.0
-56472.0,13690.0
-56932.0,13482.0
-56740.0,13620.0
-56416.0,13780.0
-56192.0,13330.0
-56384.0,13370.0
-56984.0,13522.0
-56568.0,13314.0
-56544.0,13212.0
-56808.0,13220.0
-56600.0,12960.0
-55840.0,13104.0
-55892.0,13100.0
-55972.0,12776.0
-55744.0,12744.0
-55920.0,12630.0
-55624.0,12664.0
-55996.0,12434.0
-56204.0,12880.0
-56088.0,12652.0
-55740.0,12994.0
-55948.0,13074.0
-55912.0,13350.0
-55652.0,13638.0
-56036.0,13718.0
-55744.0,13876.0
-55648.0,13634.0
-55860.0,13670.0
-55720.0,13858.0
-55800.0,14244.0
-55524.0,14330.0
-55860.0,14550.0
-56176.0,14562.0
-56080.0,14200.0
-55804.0,13946.0
-56348.0,14102.0
-56312.0,14128.0
-56796.0,14020.0
-56724.0,13866.0
-57356.0,13802.0
-57112.0,13926.0
-57372.0,13968.0
-57420.0,14062.0
-56956.0,13950.0
-57424.0,14070.0
-57096.0,13870.0
-57192.0,13856.0
-56924.0,13794.0
-56836.0,13848.0
-56868.0,13842.0
-56604.0,13878.0
-56224.0,13726.0
-56464.0,13756.0
-56088.0,13842.0
-56344.0,13986.0
-56172.0,13800.0
-56532.0,13902.0
-56896.0,14120.0
-56612.0,14254.0
-56328.0,14044.0
-56136.0,14146.0
-56276.0,14246.0
-56124.0,14206.0
-56344.0,13908.0
-56784.0,13894.0
-56440.0,13972.0
-56816.0,13984.0
-56676.0,13848.0
-56992.0,13732.0
-57080.0,13740.0
-57064.0,13804.0
-56928.0,13686.0
-57332.0,14022.0
-56904.0,13732.0
-56872.0,13604.0
-56616.0,13430.0
-56684.0,13590.0
-56500.0,13564.0
-56308.0,13578.0
-56456.0,13464.0
-56372.0,13496.0
-56216.0,13426.0
-56752.0,13514.0
-56564.0,13558.0
-57028.0,13620.0
-56972.0,13682.0
-56516.0,13788.0
-56292.0,13840.0
-56444.0,13882.0
-55676.0,13620.0
-56020.0,13460.0
-55928.0,13526.0
-55996.0,13798.0
-56036.0,13704.0
-55840.0,13620.0
-56184.0,13592.0
-56004.0,13684.0
-56276.0,13714.0
-56140.0,13716.0
-56916.0,13688.0
-56652.0,13532.0
-56644.0,13464.0
-56316.0,13676.0
-56544.0,13584.0
-56872.0,13406.0
-56716.0,13476.0
-56464.0,13122.0
-56224.0,13026.0
-56680.0,13262.0
-56028.0,13468.0
-56284.0,13390.0
-56512.0,13494.0
-56712.0,13494.0
-56640.0,13608.0
-56012.0,13440.0
-56084.0,13238.0
-56048.0,13222.0
-55456.0,13180.0
-55592.0,13140.0
-55856.0,13230.0
-55744.0,13516.0
-56000.0,13982.0
-55952.0,13812.0
-56332.0,13914.0
-55592.0,13512.0
-56000.0,13432.0
-56328.0,13178.0
-56888.0,13410.0
-56916.0,13804.0
-57172.0,13560.0
-57148.0,13550.0
-56936.0,13658.0
-57192.0,13950.0
-56920.0,13938.0
-56976.0,14198.0
-57100.0,14072.0
-56760.0,14004.0
-56560.0,13980.0
-56880.0,13940.0
-56484.0,14000.0
-56804.0,13862.0
-56240.0,13802.0
-56288.0,13752.0
-56524.0,13652.0
-56240.0,13400.0
-56500.0,13520.0
-56276.0,13382.0
-55992.0,13438.0
-56464.0,13490.0
-56600.0,13304.0
-56300.0,13128.0
-55524.0,13140.0
-55980.0,13024.0
-56180.0,12950.0
-55628.0,12788.0
-55604.0,12834.0
-55328.0,12822.0
-56044.0,12776.0
-55912.0,13202.0
-55748.0,12774.0
-55184.0,12670.0
-55484.0,12832.0
-55680.0,12818.0
-55696.0,12746.0
-55896.0,12668.0
-56176.0,12854.0
-55996.0,12828.0
-56408.0,12970.0
-56576.0,12842.0
-56208.0,13086.0
-56488.0,12994.0
-56024.0,13256.0
-55816.0,13146.0
-56252.0,13274.0
-55676.0,13242.0
-55776.0,13344.0
-55880.0,13322.0
-55224.0,13102.0
-55512.0,12886.0
-55300.0,12930.0
-54940.0,13038.0
-55400.0,13232.0
-54920.0,13002.0
-55100.0,13062.0
-55272.0,12796.0
-55652.0,12688.0
-55580.0,12764.0
-55360.0,12912.0
-55596.0,12720.0
-55636.0,12690.0
-55260.0,12710.0
-55528.0,12408.0
-56064.0,12598.0
-56396.0,12798.0
-55800.0,12818.0
-55528.0,12794.0
-55908.0,13072.0
-56316.0,13024.0
-55744.0,13356.0
-55776.0,13232.0
-56076.0,13404.0
-55820.0,13192.0
-55828.0,13254.0
-55816.0,13212.0
-55504.0,13346.0
-55920.0,13328.0
-55808.0,13328.0
-55480.0,13074.0
-55556.0,13232.0
-55400.0,12980.0
-55488.0,12846.0
-55704.0,12846.0
-55732.0,13146.0
-55548.0,13098.0
-55728.0,13388.0
-55460.0,13460.0
-55460.0,13422.0
-55984.0,13194.0
-56140.0,13366.0
-56076.0,13258.0
-55676.0,12906.0
-55920.0,13212.0
-55892.0,13114.0
-55596.0,12968.0
-55700.0,13084.0
-56052.0,13228.0
-56168.0,13338.0
-56400.0,13324.0
-55968.0,13200.0
-55860.0,13002.0
-55564.0,12810.0
-55956.0,12950.0
-55480.0,13026.0
-55804.0,13044.0
-55792.0,12884.0
-56084.0,12874.0
-55500.0,12856.0
-55400.0,12588.0
-55468.0,12652.0
-55788.0,12532.0
-56124.0,12620.0
-56092.0,12636.0
-55500.0,12468.0
-54984.0,12278.0
-55036.0,12192.0
-54892.0,12548.0
-54792.0,12686.0
-55400.0,12334.0
-55044.0,12026.0
-55488.0,12312.0
-55600.0,12208.0
-55500.0,12276.0
-55780.0,12246.0
-55240.0,12386.0
-55464.0,12546.0
-55220.0,12388.0
-54896.0,12388.0
-55112.0,12258.0
-55160.0,12364.0
-55084.0,12160.0
-54808.0,12402.0
-55028.0,12460.0
-55408.0,12334.0
-55344.0,12446.0
-55480.0,12512.0
-55760.0,12514.0
-56112.0,12516.0
-56304.0,12662.0
-56520.0,12614.0
-56336.0,12590.0
-56624.0,12644.0
-56504.0,12240.0
-56252.0,12160.0
-56052.0,11964.0
-55808.0,11728.0
-56052.0,11576.0
-56632.0,11808.0
-56476.0,11684.0
-56008.0,11738.0
-56244.0,11806.0
-55880.0,12224.0
-55792.0,12256.0
-55596.0,12156.0
-55352.0,12602.0
-55716.0,12718.0
-55588.0,12678.0
-55484.0,12432.0
-55396.0,12494.0
-55300.0,12378.0
-55724.0,12378.0
-55732.0,12272.0
-55612.0,12460.0
-55680.0,12300.0
-56108.0,12506.0
-55596.0,12196.0
-56024.0,12102.0
-56368.0,11928.0
-56204.0,11806.0
-56272.0,11600.0
-55956.0,11650.0
-55952.0,11442.0
-56188.0,11478.0
-55860.0,11478.0
-56416.0,11482.0
-56536.0,11572.0
-56296.0,11460.0
-56068.0,11422.0
-55952.0,11278.0
-55984.0,11316.0
-56124.0,11318.0
-56216.0,11336.0
-55832.0,11498.0
-55960.0,11286.0
-56404.0,11178.0
-56232.0,11418.0
-56216.0,11156.0
-56100.0,10962.0
-55816.0,10802.0
-56148.0,10936.0
-55960.0,11128.0
-55748.0,10926.0
-55700.0,11102.0
-55652.0,10986.0
-56144.0,11020.0
-56284.0,11238.0
-56204.0,11216.0
-56180.0,11536.0
-56204.0,11524.0
-56096.0,11544.0
-56196.0,11540.0
-56536.0,11598.0
-56716.0,11506.0
-56548.0,11498.0
-55900.0,11182.0
-55904.0,11046.0
-55792.0,10906.0
-55740.0,10556.0
-55500.0,10562.0
-55572.0,10538.0
-55852.0,10600.0
-56280.0,10462.0
-55984.0,10464.0
-55944.0,10304.0
-56076.0,10384.0
-56064.0,10896.0
-56404.0,10748.0
-55816.0,10588.0
-55700.0,10362.0
-56320.0,10412.0
-56520.0,10638.0
-56328.0,10704.0
-56032.0,10752.0
-56228.0,10604.0
-55968.0,10562.0
-55860.0,10476.0
-55968.0,10366.0
-55956.0,10262.0
-55948.0,10180.0
-56136.0,10392.0
-56408.0,10474.0
-56620.0,10308.0
-56632.0,10450.0
-56724.0,10496.0
-56048.0,10560.0
-56088.0,10536.0
-56452.0,10700.0
-56340.0,11108.0
-56640.0,11228.0
-56448.0,11086.0
-56036.0,10748.0
-56352.0,10660.0
-56404.0,10630.0
-56588.0,10746.0
-56452.0,10874.0
-55864.0,10632.0
-55756.0,10658.0
-55752.0,10722.0
-55500.0,10600.0
-55656.0,10804.0
-55988.0,10652.0
-55824.0,10564.0
-55888.0,10466.0
-56032.0,10534.0
-55568.0,10576.0
-55576.0,10510.0
-55428.0,10334.0
-55696.0,10272.0
-55808.0,10290.0
-55632.0,10260.0
-56100.0,10186.0
-55840.0,10218.0
-55800.0,10594.0
-55552.0,10672.0
-56012.0,10398.0
-55896.0,10318.0
-56164.0,10136.0
-56300.0,10232.0
-55996.0,10322.0
-55580.0,10340.0
-55896.0,10494.0
-55272.0,10262.0
-55488.0,10106.0
-55924.0,10092.0
-55876.0,10110.0
-56052.0,10114.0
-55484.0,10190.0
-55376.0,10378.0
-55340.0,10484.0
-55044.0,10654.0
-55100.0,10756.0
-55420.0,10506.0
-55404.0,10742.0
-55432.0,10624.0
-54712.0,10288.0
-55192.0,10366.0
-55060.0,10664.0
-54612.0,10240.0
-54984.0,10288.0
-55128.0,10136.0
-55104.0,9806.0
-54876.0,9744.0
-55072.0,9956.0
-55208.0,9936.0
-55412.0,9934.0
-55332.0,10096.0
-55528.0,10414.0
-55348.0,10686.0
-55376.0,10556.0
-55400.0,10366.0
-55752.0,10490.0
-55108.0,10430.0
-55680.0,10688.0
-55336.0,10560.0
-55196.0,10794.0
-55028.0,10764.0
-54868.0,10616.0
-55140.0,10774.0
-55244.0,11202.0
-55532.0,11126.0
-55812.0,11192.0
-56276.0,11032.0
-55844.0,11226.0
-55616.0,10718.0
-55816.0,11008.0
-55764.0,10710.0
-55892.0,10758.0
-55924.0,10760.0
-55288.0,10528.0
-55228.0,10440.0
-55440.0,10374.0
-55788.0,10242.0
-55592.0,10376.0
-55708.0,10388.0
-55340.0,10300.0
-56004.0,10194.0
-55808.0,10274.0
-55640.0,10454.0
-55624.0,10358.0
-55620.0,10182.0
-55260.0,10358.0
-55264.0,10220.0
-55840.0,10312.0
-56380.0,10378.0
-55612.0,10458.0
-55240.0,10528.0
-55264.0,10606.0
-55868.0,10402.0
-55536.0,10406.0
-55572.0,10194.0
-56128.0,10278.0
-56172.0,10674.0
-56552.0,10854.0
-56052.0,10982.0
-56092.0,10686.0
-55688.0,10872.0
-55360.0,10910.0
-55756.0,10984.0
-55484.0,10768.0
-55592.0,10626.0
-55028.0,10738.0
-55556.0,10660.0
-55188.0,10928.0
-55752.0,10852.0
-55212.0,10724.0
-55804.0,11106.0
-55476.0,11184.0
-55512.0,10880.0
-56300.0,10814.0
-56016.0,10842.0
-55448.0,10868.0
-55400.0,10948.0
-55940.0,10898.0
-55984.0,10938.0
-55564.0,10920.0
-55524.0,10358.0
-55248.0,10278.0
-55564.0,10196.0
-55284.0,10196.0
-55532.0,10416.0
-55808.0,10512.0
-55836.0,10748.0
-55504.0,10948.0
-55664.0,10932.0
-55868.0,11068.0
-56156.0,10926.0
-56036.0,10952.0
-56188.0,11298.0
-56216.0,11330.0
-56948.0,11634.0
-56908.0,11420.0
-56948.0,11332.0
-57044.0,11146.0
-56680.0,11172.0
-56872.0,11224.0
-57156.0,11498.0
-57256.0,11414.0
-57148.0,11540.0
-56960.0,11680.0
-56788.0,11946.0
-56996.0,11860.0
-56604.0,11924.0
-56188.0,11996.0
-55832.0,12032.0
-55972.0,12096.0
-55732.0,12302.0
-55496.0,12050.0
-55804.0,11836.0
-55520.0,11726.0
-55100.0,11590.0
-55324.0,11554.0
-55116.0,11276.0
-55088.0,11262.0
-55128.0,11144.0
-55408.0,11222.0
-55432.0,11322.0
-55316.0,11334.0
-54936.0,11102.0
-55440.0,11094.0
-54928.0,11006.0
-54764.0,10934.0
-55580.0,11246.0
-55296.0,11196.0
-55236.0,11578.0
-55484.0,11944.0
-55600.0,11942.0
-56196.0,11778.0
-56232.0,12000.0
-55820.0,11878.0
-55924.0,11930.0
-55676.0,11726.0
-55564.0,11748.0
-56080.0,11804.0
-56056.0,11790.0
-56424.0,11682.0
-55648.0,11578.0
-56020.0,11770.0
-56340.0,11650.0
-56192.0,11534.0
-55664.0,11278.0
-55472.0,11408.0
-55268.0,11228.0
-55044.0,10958.0
-55608.0,10896.0
-55636.0,11078.0
-55616.0,10892.0
-55220.0,10548.0
-54868.0,10342.0
-54500.0,9926.0
-54824.0,10068.0
-55036.0,9940.0
-54788.0,9906.0
-54836.0,9930.0
-54744.0,10156.0
-54612.0,10102.0
-55032.0,10142.0
-55052.0,10080.0
-55624.0,10340.0
-55032.0,10018.0
-55036.0,10242.0
-54788.0,10026.0
-55172.0,10192.0
-54924.0,10086.0
-55004.0,10160.0
-54736.0,10050.0
-54460.0,10264.0
-55268.0,10476.0
-55232.0,10522.0
-55740.0,10498.0
-55608.0,10704.0
-55124.0,10484.0
-55076.0,10544.0
-55568.0,10342.0
-55588.0,10412.0
-55356.0,10260.0
-55208.0,10286.0
-55024.0,9970.0
-55500.0,10054.0
-55188.0,10034.0
-54912.0,9922.0
-55068.0,9928.0
-55108.0,9868.0
-54932.0,10080.0
-55072.0,10280.0
-55248.0,10032.0
-55112.0,10012.0
-55236.0,10034.0
-55428.0,9712.0
-55428.0,9668.0
-55736.0,9878.0
-56352.0,9850.0
-56136.0,10044.0
-55976.0,9982.0
-56016.0,9840.0
-55356.0,9954.0
-55612.0,9662.0
-55640.0,9282.0
-56380.0,9164.0
-55920.0,9068.0
-55960.0,9240.0
-56104.0,9264.0
-56140.0,9254.0
-56068.0,9634.0
-55792.0,9268.0
-54852.0,9266.0
-55168.0,9030.0
-55016.0,8820.0
-55220.0,8802.0
-54572.0,8446.0
-54640.0,8206.0
-54364.0,7830.0
-54376.0,7888.0
-54392.0,8058.0
-54436.0,7766.0
-54384.0,7810.0
-54512.0,7808.0
-54656.0,7954.0
-54704.0,8000.0
-55016.0,7920.0
-55136.0,7878.0
-55296.0,8236.0
-54892.0,8198.0
-54684.0,7798.0
-54832.0,7660.0
-54876.0,7744.0
-54932.0,7604.0
-54736.0,7528.0
-54592.0,7418.0
-54984.0,7194.0
-54540.0,7286.0
-55008.0,7260.0
-54840.0,7166.0
-54136.0,7032.0
-54576.0,7040.0
-54556.0,7358.0
-55008.0,7270.0
-55208.0,7216.0
-55432.0,7188.0
-54876.0,7132.0
-55076.0,7178.0
-54660.0,7050.0
-55248.0,7128.0
-55220.0,7078.0
-55024.0,6966.0
-55276.0,6944.0
-55444.0,7050.0
-55156.0,6862.0
-54568.0,6772.0
-54832.0,6628.0
-54804.0,6710.0
-55080.0,6700.0
-55300.0,7002.0
-55688.0,7384.0
-55184.0,7246.0
-55616.0,6966.0
-55348.0,6948.0
-55424.0,7146.0
-55832.0,7528.0
-55696.0,7532.0
-55620.0,7670.0
-55708.0,7474.0
-55564.0,7524.0
-56308.0,7744.0
-56316.0,7426.0
-56160.0,7528.0
-55812.0,7654.0
-55556.0,7748.0
-55292.0,7524.0
-55060.0,7558.0
-54680.0,7490.0
-54912.0,7646.0
-54992.0,7996.0
-55256.0,7838.0
-54836.0,7764.0
-55460.0,8108.0
-55652.0,8258.0
-56148.0,8386.0
-55912.0,8262.0
-56104.0,8172.0
-55864.0,7984.0
-56224.0,7748.0
-55852.0,7726.0
-55844.0,7584.0
-55328.0,7836.0
-55300.0,8020.0
-55352.0,7888.0
-55552.0,8046.0
-54864.0,7880.0
-55000.0,7804.0
-55468.0,7954.0
-55388.0,8222.0
-55616.0,8234.0
-55492.0,8254.0
-55732.0,8258.0
-55604.0,8354.0
-55544.0,8326.0
-55972.0,8356.0
-56076.0,8072.0
-55964.0,8270.0
-56116.0,8580.0
-55696.0,8724.0
-55076.0,8818.0
-55496.0,8736.0
-55844.0,8738.0
-56196.0,8886.0
-56096.0,8782.0
-56248.0,8768.0
-55712.0,8454.0
-55632.0,8786.0
-56132.0,8896.0
-56360.0,8856.0
-55652.0,9108.0
-55492.0,9002.0
-55728.0,8706.0
-55032.0,8966.0
-55244.0,8544.0
-55452.0,8650.0
-55436.0,8674.0
-55580.0,8576.0
-55392.0,8386.0
-55736.0,8384.0
-56012.0,8388.0
-56164.0,8296.0
-56424.0,8616.0
-56180.0,8708.0
-56560.0,8718.0
-56068.0,8868.0
-56012.0,8844.0
-55412.0,8614.0
-55456.0,8284.0
-55656.0,8186.0
-55828.0,8714.0
-55756.0,8372.0
-55784.0,8178.0
-56000.0,8060.0
-55684.0,8094.0
-55536.0,8326.0
-55384.0,8422.0
-55264.0,8228.0
-55808.0,8376.0
-55936.0,8416.0
-55928.0,8204.0
-56056.0,8284.0
-56520.0,8034.0
-56244.0,7630.0
-56224.0,7940.0
-55648.0,8014.0
-55944.0,8052.0
-55556.0,8182.0
-55204.0,8470.0
-55468.0,8330.0
-55552.0,8482.0
-55648.0,8102.0
-55612.0,7934.0
-55344.0,8000.0
-55124.0,7826.0
-55316.0,7632.0
-54980.0,7706.0
-55716.0,7612.0
-56048.0,7394.0
-55832.0,7560.0
-55352.0,7550.0
-54920.0,7582.0
-55556.0,7784.0
-55888.0,7960.0
-55384.0,7946.0
-55572.0,8028.0
-55764.0,8126.0
-55776.0,8162.0
-55788.0,8064.0
-56092.0,8580.0
-56204.0,8596.0
-56248.0,8426.0
-56336.0,8546.0
-56348.0,8518.0
-56208.0,8470.0
-56480.0,8568.0
-56232.0,9110.0
-55988.0,8964.0
-55684.0,9150.0
-55656.0,9224.0
-55624.0,9334.0
-55936.0,9260.0
-55588.0,9114.0
-55780.0,8918.0
-55600.0,8742.0
-55248.0,8704.0
-55296.0,8504.0
-55872.0,8396.0
-55920.0,8618.0
-56700.0,8728.0
-55948.0,8386.0
-55824.0,8368.0
-56112.0,8244.0
-55344.0,8276.0
-55012.0,8256.0
-55184.0,8186.0
-55244.0,8258.0
-55484.0,8046.0
-54956.0,8060.0
-55084.0,7798.0
-55768.0,8218.0
-55912.0,8198.0
-55456.0,8082.0
-55336.0,8166.0
-55928.0,8090.0
-55916.0,8586.0
-56060.0,8698.0
-56260.0,8940.0
-56156.0,8824.0
-56336.0,8934.0
-56080.0,9016.0
-55760.0,9198.0
-56360.0,9290.0
-56004.0,9022.0
-56080.0,9178.0
-56432.0,8884.0
-56392.0,8698.0
-56036.0,8482.0
-56360.0,8656.0
-56408.0,8612.0
-55908.0,8696.0
-55968.0,8402.0
-56340.0,8246.0
-55900.0,8230.0
-55752.0,8072.0
-56352.0,7932.0
-56044.0,7996.0
-56076.0,8014.0
-56044.0,7986.0
-56100.0,8044.0
-56060.0,7992.0
-55648.0,7994.0
-55460.0,7880.0
-55728.0,7840.0
-55888.0,8204.0
-56244.0,8282.0
-56656.0,8784.0
-56860.0,9020.0
-56716.0,9010.0
-56512.0,9226.0
-56680.0,9348.0
-56848.0,9488.0
-56148.0,9344.0
-56408.0,8830.0
-56636.0,8832.0
-56268.0,8956.0
-56024.0,8570.0
-56388.0,8942.0
-56264.0,8600.0
-56156.0,8608.0
-56180.0,8840.0
-56420.0,8666.0
-56048.0,8584.0
-56048.0,8582.0
-57104.0,8566.0
-56944.0,8420.0
-56544.0,8290.0
-56540.0,8384.0
-56940.0,8384.0
-56972.0,8396.0
-56748.0,8262.0
-56760.0,8090.0
-56760.0,7994.0
-56508.0,7972.0
-56008.0,8246.0
-56132.0,8322.0
-56516.0,8206.0
-56936.0,8232.0
-56788.0,8026.0
-56728.0,8026.0
-56256.0,7926.0
-56332.0,7778.0
-56148.0,7636.0
-55540.0,7482.0
-56500.0,7550.0
-55552.0,7568.0
-55940.0,7572.0
-55736.0,7564.0
-56484.0,7900.0
-56036.0,7894.0
-56268.0,7992.0
-56032.0,7848.0
-56220.0,7788.0
-55788.0,7856.0
-55760.0,7900.0
-55592.0,7622.0
-56068.0,7352.0
-55292.0,7352.0
-55600.0,7480.0
-55880.0,7120.0
-56480.0,7328.0
-56324.0,6914.0
-55972.0,7116.0
-55728.0,6960.0
-55636.0,7158.0
-55804.0,7406.0
-55920.0,7566.0
-55616.0,7394.0
-55992.0,7406.0
-56724.0,7418.0
-56424.0,7682.0
-56996.0,7476.0
-56672.0,7624.0
-56804.0,7462.0
-56864.0,7382.0
-56376.0,7110.0
-56152.0,7506.0
-56168.0,7446.0
-56204.0,7224.0
-56584.0,7410.0
-56384.0,7702.0
-56224.0,7592.0
-56076.0,7610.0
-56168.0,7630.0
-56164.0,7488.0
-55800.0,7654.0
-55164.0,7586.0
-55780.0,7406.0
-55828.0,7548.0
-55840.0,7438.0
-55756.0,7312.0
-56104.0,7574.0
-55996.0,7716.0
-55732.0,7674.0
-56100.0,7708.0
-55952.0,7658.0
-55660.0,7720.0
-55640.0,7698.0
-55488.0,7646.0
-56036.0,7906.0
-56184.0,7862.0
-56324.0,7892.0
-56244.0,7780.0
-56028.0,7712.0
-56144.0,7614.0
-56092.0,7358.0
-55820.0,7224.0
-56316.0,7204.0
-56780.0,7226.0
-56476.0,7278.0
-56452.0,7292.0
-55644.0,6888.0
-56048.0,7062.0
-56168.0,7032.0
-55484.0,7014.0
-55648.0,7022.0
-55836.0,7016.0
-56044.0,6980.0
-56096.0,6922.0
-56044.0,6892.0
-55888.0,6850.0
-55768.0,7082.0
-56012.0,6994.0
-55636.0,6866.0
-55272.0,6818.0
-55668.0,7050.0
-55572.0,6620.0
-55920.0,6692.0
-55768.0,6612.0
-55924.0,6848.0
-55940.0,7296.0
-56064.0,7276.0
-56220.0,7036.0
-55500.0,7108.0
-55752.0,6954.0
-55568.0,7048.0
-55408.0,6782.0
-54828.0,7022.0
-55188.0,7026.0
-55584.0,7240.0
-55732.0,7262.0
-56008.0,7316.0
-55644.0,7526.0
-55504.0,7510.0
-55760.0,7476.0
-55720.0,7316.0
-55820.0,7546.0
-56288.0,7644.0
-56592.0,7440.0
-55864.0,7308.0
-56096.0,7124.0
-55704.0,6908.0
-55892.0,6948.0
-55852.0,6940.0
-55676.0,7114.0
-55468.0,7034.0
-55412.0,7264.0
-55848.0,7308.0
-55656.0,7368.0
-55576.0,7186.0
-54960.0,7056.0
-55076.0,6792.0
-55576.0,6580.0
-55756.0,6890.0
-55656.0,6908.0
-55652.0,6900.0
-55680.0,6866.0
-55408.0,6996.0
-55216.0,7106.0
-55512.0,6948.0
-55428.0,6976.0
-55232.0,6888.0
-55712.0,6754.0
-55832.0,6986.0
-56492.0,7128.0
-56428.0,6994.0
-56548.0,7086.0
-56640.0,7172.0
-56316.0,7216.0
-55916.0,7160.0
-55736.0,7014.0
-56000.0,7306.0
-56252.0,7302.0
-55928.0,7278.0
-55956.0,7150.0
-55916.0,7118.0
-56012.0,7024.0
-56248.0,7290.0
-56200.0,6934.0
-56076.0,7096.0
-56248.0,6798.0
-56460.0,6788.0
-56524.0,6660.0
-56708.0,6726.0
-55728.0,6532.0
-55900.0,6468.0
-56512.0,6520.0
-56552.0,6518.0
-56524.0,6588.0
-56312.0,6608.0
-56104.0,6400.0
-56180.0,6112.0
-56180.0,6206.0
-56356.0,6302.0
-56256.0,6290.0
-56652.0,6238.0
-56372.0,6288.0
-56372.0,5936.0
-56156.0,5572.0
-55712.0,5336.0
-56256.0,5522.0
-55968.0,5528.0
-56216.0,5524.0
-55960.0,5724.0
-55348.0,5678.0
-55588.0,5608.0
-55164.0,5748.0
-55216.0,5758.0
-55632.0,6072.0
-55540.0,5902.0
-55536.0,5984.0
-55796.0,5490.0
-55912.0,5624.0
-56292.0,5824.0
-56116.0,5834.0
-56616.0,5762.0
-56200.0,5744.0
-56284.0,5970.0
-56060.0,6270.0
-56328.0,6408.0
-56720.0,6312.0
-56948.0,6472.0
-56904.0,6382.0
-56652.0,6492.0
-57188.0,6558.0
-56464.0,6566.0
-56516.0,6534.0
-56332.0,6370.0
-56116.0,6534.0
-55940.0,6512.0
-55932.0,6408.0
-55712.0,6298.0
-55808.0,6392.0
-55704.0,6484.0
-55252.0,6528.0
-56068.0,6644.0
-55900.0,6736.0
-56064.0,6868.0
-56720.0,6726.0
-55888.0,6728.0
-56296.0,6996.0
-55952.0,7012.0
-55596.0,6638.0
-55840.0,6444.0
-55956.0,6022.0
-56032.0,6064.0
-56312.0,5894.0
-56600.0,5880.0
-56664.0,5842.0
-56160.0,5924.0
-56460.0,5960.0
-56504.0,5882.0
-56284.0,5998.0
-55764.0,5744.0
-55988.0,5576.0
-55912.0,5686.0
-56212.0,5386.0
-55784.0,5526.0
-55724.0,5466.0
-55924.0,5458.0
-55856.0,5536.0
-55468.0,5504.0
-55604.0,5170.0
-55880.0,5262.0
-55472.0,5080.0
-55836.0,5046.0
-56304.0,4808.0
-56372.0,4766.0
-55512.0,4856.0
-55832.0,5024.0
-55976.0,5006.0
-56276.0,5218.0
-55576.0,5258.0
-55720.0,5490.0
-55832.0,5484.0
-56392.0,5358.0
-56280.0,5336.0
-55568.0,5654.0
-55820.0,5534.0
-55784.0,5478.0
-55892.0,5710.0
-56020.0,5580.0
-56324.0,5374.0
-55316.0,5144.0
-55312.0,5486.0
-55560.0,5670.0
-55332.0,5646.0
-55692.0,5436.0
-55468.0,5674.0
-55864.0,5502.0
-55020.0,5894.0
-55176.0,5702.0
-55540.0,5894.0
-55500.0,5720.0
-55832.0,5424.0
-55212.0,5176.0
-55188.0,5454.0
-55264.0,5666.0
-54972.0,5612.0
-55460.0,5602.0
-54992.0,5310.0
-55312.0,5036.0
-55076.0,5018.0
-54568.0,5212.0
-55060.0,4928.0
-55316.0,4842.0
-55416.0,5000.0
-55564.0,4986.0
-55764.0,5016.0
-55536.0,4942.0
-55740.0,4942.0
-55920.0,4758.0
-55548.0,4824.0
-55632.0,5014.0
-55772.0,4898.0
-55948.0,5048.0
-56056.0,5018.0
-55576.0,5070.0
-55896.0,4896.0
-55784.0,4922.0
-56104.0,4904.0
-55676.0,4814.0
-55592.0,4568.0
-55924.0,4446.0
-55872.0,4256.0
-55668.0,4424.0
-56524.0,4548.0
-56368.0,4710.0
-55904.0,4666.0
-55712.0,4404.0
-55180.0,4582.0
-55388.0,4538.0
-56084.0,4836.0
-55960.0,4832.0
-56172.0,4918.0
-56100.0,5010.0
-55512.0,4986.0
-56252.0,5376.0
-56324.0,5478.0
-56068.0,5504.0
-55860.0,5444.0
-55528.0,5410.0
-55900.0,5088.0
-56080.0,5174.0
-55476.0,5244.0
-54964.0,4826.0
-54720.0,4738.0
-54300.0,4692.0
-54680.0,4382.0
-55080.0,4488.0
-55080.0,4750.0
-55624.0,4828.0
-55608.0,4738.0
-55884.0,4730.0
-55264.0,4652.0
-55228.0,4156.0
-55128.0,4318.0
-55168.0,4160.0
-55112.0,3906.0
-55572.0,3676.0
-55444.0,3604.0
-55836.0,3932.0
-55832.0,4072.0
-55816.0,4026.0
-55900.0,4128.0
-55832.0,4192.0
-55992.0,4288.0
-56296.0,4322.0
-56564.0,4354.0
-56400.0,4276.0
-56832.0,4468.0
-56332.0,4410.0
-55720.0,4448.0
-55316.0,4498.0
-55856.0,4692.0
-55816.0,4570.0
-55836.0,4346.0
-55548.0,4276.0
-55092.0,3918.0
-55428.0,3930.0
-55476.0,4044.0
-55568.0,4052.0
-55484.0,4030.0
-55356.0,4072.0
-55256.0,4416.0
-55344.0,4480.0
-55408.0,4504.0
-55104.0,4650.0
-55076.0,4420.0
-55132.0,4342.0
-55264.0,4350.0
-55252.0,4472.0
-55684.0,4472.0
-56184.0,4604.0
-55968.0,4476.0
-56424.0,4378.0
-56268.0,4500.0
-56252.0,4630.0
-56424.0,4698.0
-56548.0,4738.0
-55964.0,4662.0
-55812.0,4654.0
-55576.0,4582.0
-55904.0,4434.0
-56080.0,4268.0
-55692.0,4056.0
-55960.0,4424.0
-55836.0,4650.0
-55652.0,4786.0
-55472.0,4866.0
-55628.0,4808.0
-56040.0,4684.0
-56416.0,4710.0
-56432.0,4734.0
-56416.0,4870.0
-56540.0,4966.0
-56656.0,4968.0
-55676.0,4870.0
-55552.0,4962.0
-55880.0,5194.0
-55440.0,5394.0
-55516.0,5442.0
-55648.0,5478.0
-56176.0,5276.0
-55632.0,5094.0
-55616.0,4924.0
-55564.0,5024.0
-55300.0,5128.0
-55440.0,5072.0
-55524.0,4934.0
-55152.0,4892.0
-55136.0,4820.0
-55496.0,4604.0
-55840.0,4614.0
-55692.0,4742.0
-55892.0,4410.0
-55540.0,4252.0
-55404.0,4144.0
-55800.0,4148.0
-55472.0,4108.0
-55416.0,4238.0
-54980.0,4082.0
-55288.0,3876.0
-55448.0,3846.0
-55372.0,4120.0
-55460.0,4406.0
-55728.0,4256.0
-56156.0,4528.0
-55668.0,4326.0
-55792.0,4342.0
-55808.0,4464.0
-56016.0,4272.0
-55716.0,4130.0
-55828.0,3980.0
-55856.0,3948.0
-56400.0,4114.0
-56320.0,4218.0
-56336.0,4200.0
-56324.0,3994.0
-55676.0,3788.0
-56352.0,3716.0
-55872.0,3718.0
-55568.0,3792.0
-55736.0,3848.0
-55244.0,3784.0
-55064.0,4032.0
-55024.0,4064.0
-55040.0,4406.0
-55464.0,4142.0
-55228.0,4114.0
-55472.0,4176.0
-55432.0,3872.0
-55400.0,3852.0
-54976.0,3708.0
-55584.0,4048.0
-55668.0,3834.0
-55856.0,3504.0
-55736.0,3216.0
-56100.0,3260.0
-55588.0,3314.0
-55460.0,3016.0
-55476.0,2954.0
-55516.0,2652.0
-55596.0,2724.0
-55728.0,2358.0
-55704.0,2820.0
-55044.0,2908.0
-55064.0,3092.0
-55180.0,2904.0
-55156.0,2764.0
-55208.0,2762.0
-55660.0,2852.0
-55680.0,2904.0
-55864.0,2966.0
-56204.0,2986.0
-56116.0,3076.0
-56052.0,2950.0
-55812.0,2820.0
-56040.0,3086.0
-55620.0,2904.0
-56056.0,2526.0
-55840.0,2310.0
-55464.0,2328.0
-55512.0,2518.0
-55620.0,2788.0
-55348.0,2924.0
-55796.0,2978.0
-55808.0,3234.0
-55716.0,3150.0
-55952.0,3178.0
-55992.0,3262.0
-55556.0,3416.0
-55644.0,3254.0
-55928.0,3278.0
-55876.0,3012.0
-55552.0,3200.0
-55784.0,3228.0
-56072.0,3232.0
-56068.0,3172.0
-56432.0,3336.0
-56336.0,3302.0
-55924.0,3430.0
-55624.0,3118.0
-56088.0,2914.0
-56128.0,3170.0
-56196.0,3638.0
-55984.0,3862.0
-55972.0,3970.0
-55660.0,3468.0
-55228.0,3688.0
-55852.0,3772.0
-55440.0,3780.0
-54976.0,3744.0
-55132.0,4060.0
-55256.0,4284.0
-55556.0,4242.0
-55656.0,4358.0
-55492.0,4384.0
-55536.0,4360.0
-55156.0,4206.0
-55200.0,4072.0
-55476.0,4104.0
-55360.0,4146.0
-55324.0,3944.0
-55276.0,4018.0
-55104.0,4246.0
-55276.0,4258.0
-54764.0,4150.0
-55188.0,3598.0
-55304.0,3732.0
-54796.0,3552.0
-54228.0,3480.0
-54580.0,3678.0
-54608.0,3562.0
-55180.0,3284.0
-55296.0,3636.0
-55632.0,3662.0
-55232.0,3568.0
-55800.0,3488.0
-55272.0,3570.0
-55072.0,3206.0
-54880.0,3130.0
-55544.0,2962.0
-55164.0,2978.0
-55244.0,3120.0
-55412.0,2854.0
-55392.0,2844.0
-55204.0,2562.0
-55344.0,2232.0
-55792.0,2502.0
-55944.0,2394.0
-55812.0,2640.0
-55820.0,2578.0
-55816.0,2508.0
-55764.0,2662.0
-55788.0,2522.0
-56160.0,2488.0
-56040.0,2538.0
-56232.0,2492.0
-56292.0,2748.0
-56028.0,2974.0
-56080.0,2766.0
-56304.0,2438.0
-55796.0,2036.0
-56048.0,2104.0
-55160.0,2230.0
-55832.0,2202.0
-56280.0,2080.0
-56184.0,2268.0
-56024.0,2582.0
-55648.0,2402.0
-56320.0,2694.0
-56812.0,2790.0
-56428.0,2874.0
-56212.0,2714.0
-55928.0,2530.0
-56024.0,2406.0
-55736.0,2452.0
-55740.0,2296.0
-55416.0,2292.0
-56292.0,2576.0
-55836.0,2672.0
-55624.0,2514.0
-55764.0,2388.0
-55692.0,2184.0
-55648.0,2254.0
-56160.0,2144.0
-56308.0,2006.0
-56336.0,2328.0
-56088.0,2370.0
-55960.0,2584.0
-55864.0,2708.0
-55808.0,2780.0
-56052.0,2812.0
-55792.0,2684.0
-56016.0,2436.0
-55748.0,2244.0
-55804.0,1982.0
-55952.0,2066.0
-56156.0,2056.0
-55420.0,2108.0
-55264.0,2130.0
-55876.0,1790.0
-56064.0,1778.0
-56112.0,1592.0
-55552.0,1362.0
-55496.0,1836.0
-55732.0,1680.0
-55696.0,1708.0
-56108.0,1660.0
-55680.0,1536.0
-55616.0,1478.0
-55916.0,1252.0
-55680.0,1254.0
-55660.0,982.0
-56160.0,1014.0
-56200.0,840.0
-56244.0,500.0
-56136.0,584.0
-56080.0,226.0
-56008.0,326.0
-55708.0,260.0
-55560.0,438.0
-55456.0,502.0
-55248.0,580.0
-55156.0,848.0
-55404.0,534.0
-55356.0,396.0
-55488.0,598.0
-55400.0,512.0
-55404.0,704.0
-55468.0,514.0
-55648.0,544.0
-55356.0,628.0
-55760.0,760.0
-56288.0,808.0
-55948.0,858.0
-55976.0,974.0
-56044.0,908.0
-55920.0,808.0
-56092.0,704.0
-55964.0,742.0
-56092.0,608.0
-55872.0,402.0
-55692.0,716.0
-55616.0,1088.0
-55588.0,1012.0
-55652.0,1056.0
-55944.0,560.0
-55928.0,750.0
-55284.0,624.0
-55572.0,584.0
-55184.0,220.0
-55444.0,118.0
-55492.0,4.0
-55720.0,22.0
-55796.0,74.0
-56036.0,240.0
-56208.0,570.0
-56372.0,304.0
-56304.0,556.0
-56324.0,648.0
-56352.0,692.0
-56316.0,636.0
-55980.0,484.0
-55664.0,546.0
-56100.0,708.0
-56152.0,456.0
-55968.0,258.0
-56164.0,144.0
-55944.0,-34.0
-55588.0,-192.0
-55388.0,246.0
-55356.0,188.0
-55300.0,340.0
-55444.0,314.0
-55372.0,-194.0
-55820.0,-74.0
-56024.0,142.0
-55692.0,140.0
-56644.0,-256.0
-56256.0,-106.0
-56144.0,-228.0
-56460.0,-202.0
-56388.0,-144.0
-56260.0,-202.0
-55952.0,-102.0
-55788.0,-112.0
-55984.0,-176.0
-56052.0,-2.0
-56032.0,372.0
-56212.0,130.0
-56240.0,-92.0
-55928.0,-262.0
-55664.0,-272.0
-55304.0,-226.0
-55316.0,-314.0
-55472.0,-388.0
-55388.0,-212.0
-55232.0,118.0
-55452.0,-156.0
-55176.0,-394.0
-56204.0,-408.0
-55916.0,-222.0
-55820.0,-184.0
-55548.0,-48.0
-56044.0,68.0
-56284.0,320.0
-55660.0,296.0
-55672.0,440.0
-55232.0,154.0
-55756.0,112.0
-55756.0,316.0
-55380.0,0.0
-55424.0,-248.0
-55516.0,8.0
-54840.0,122.0
-55212.0,94.0
-55516.0,18.0
-55800.0,4.0
-55780.0,50.0
-56080.0,-78.0
-56120.0,-154.0
-55688.0,110.0
-55564.0,-266.0
-55320.0,-248.0
-56040.0,-298.0
-55636.0,-348.0
-55800.0,-178.0
-55508.0,-102.0
-55980.0,170.0
-55308.0,142.0
-55596.0,38.0
-55696.0,86.0
-56052.0,-194.0
-55528.0,-406.0
-55792.0,-520.0
-56232.0,-504.0
-56216.0,-426.0
-55656.0,-424.0
-56036.0,-432.0
-55740.0,-556.0
-55620.0,-22.0
-55880.0,128.0
-55644.0,-6.0
-56028.0,176.0
-55184.0,30.0
-54716.0,-246.0
-54772.0,-356.0
-54864.0,-652.0
-55472.0,-500.0
-55132.0,-478.0
-55196.0,-708.0
-55244.0,-754.0
-54716.0,-556.0
-55140.0,-660.0
-55144.0,-750.0
-54988.0,-592.0
-55628.0,-266.0
-55344.0,-216.0
-55940.0,-232.0
-56360.0,-20.0
-55896.0,-132.0
-55788.0,-218.0
-55868.0,-240.0
-56076.0,-262.0
-55504.0,-452.0
-55148.0,-430.0
-55272.0,-304.0
-55780.0,-396.0
-55424.0,-204.0
-55364.0,-110.0
-55764.0,46.0
-56056.0,50.0
-55232.0,38.0
-55756.0,-252.0
-55788.0,-448.0
-55688.0,-518.0
-55752.0,-340.0
-56052.0,-4.0
-56084.0,-22.0
-55688.0,392.0
-55892.0,538.0
-55508.0,626.0
-55560.0,808.0
-55416.0,600.0
-55876.0,184.0
-56128.0,-70.0
-55692.0,36.0
-55692.0,-80.0
-55520.0,150.0
-55468.0,270.0
-55592.0,306.0
-55392.0,430.0
-55540.0,342.0
-55384.0,384.0
-55908.0,564.0
-56160.0,540.0
-55904.0,470.0
-56340.0,760.0
-56216.0,626.0
-56044.0,924.0
-55608.0,814.0
-55284.0,678.0
-55640.0,774.0
-55608.0,1022.0
-55316.0,1232.0
-55624.0,1156.0
-55576.0,1188.0
-55524.0,1414.0
-55608.0,1406.0
-55520.0,1192.0
-55732.0,1402.0
-55336.0,1446.0
-55736.0,1640.0
-55756.0,1680.0
-55932.0,1904.0
-55728.0,2170.0
-55988.0,2282.0
-55896.0,2194.0
-56260.0,2432.0
-55384.0,2812.0
-55384.0,3164.0
-55788.0,2918.0
-55384.0,2850.0
-55192.0,2956.0
-55164.0,3178.0
-55172.0,3320.0
-55172.0,3182.0
-54992.0,3448.0
-54936.0,3454.0
-55256.0,3614.0
-55364.0,3754.0
-55488.0,3786.0
-55512.0,3742.0
-55616.0,3962.0
-55056.0,4134.0
-55244.0,4102.0
-54824.0,3796.0
-54764.0,3682.0
-55316.0,3712.0
-56000.0,3858.0
-56244.0,3738.0
-55812.0,3772.0
-55728.0,3492.0
-55664.0,3408.0
-55640.0,3394.0
-55136.0,3612.0
-55544.0,3536.0
-55252.0,3560.0
-55508.0,3530.0
-55376.0,3774.0
-55636.0,3432.0
-55820.0,3208.0
-55896.0,3168.0
-55572.0,3412.0
-56068.0,3332.0
-55980.0,3322.0
-55472.0,3436.0
-55336.0,3376.0
-55532.0,3294.0
-55572.0,3464.0
-55868.0,3306.0
-55912.0,2890.0
-55932.0,2796.0
-55888.0,2876.0
-55900.0,2654.0
-55920.0,2690.0
-55484.0,2760.0
-55580.0,2910.0
-55236.0,2902.0
-55420.0,3114.0
-55696.0,3030.0
-56136.0,3198.0
-55888.0,3156.0
-56000.0,2984.0
-55888.0,2942.0
-55868.0,2908.0
-55480.0,2814.0
-55932.0,2800.0
-55676.0,2552.0
-56064.0,2628.0
-56296.0,2570.0
-56780.0,2704.0
-56120.0,2878.0
-56708.0,2810.0
-56844.0,2776.0
-56656.0,3050.0
-56396.0,3166.0
-56312.0,3412.0
-56244.0,3552.0
-56380.0,3466.0
-56144.0,3702.0
-56720.0,3714.0
-56380.0,3654.0
-56432.0,3562.0
-56624.0,3520.0
-56652.0,3298.0
-56700.0,3332.0
-56608.0,3246.0
-56616.0,3290.0
-56572.0,3370.0
-56280.0,3242.0
-56152.0,3520.0
-56112.0,3538.0
-55588.0,3420.0
-55920.0,3600.0
-55440.0,3508.0
-55452.0,3270.0
-54684.0,3040.0
-55164.0,3106.0
-55220.0,3090.0
-55360.0,2844.0
-55316.0,3006.0
-55216.0,2954.0
-55288.0,3050.0
-54628.0,2792.0
-55080.0,2652.0
-55500.0,2558.0
-55468.0,2640.0
-54828.0,2500.0
-55272.0,2338.0
-55576.0,2366.0
-55272.0,2512.0
-55424.0,2526.0
-55472.0,2704.0
-55332.0,2974.0
-54668.0,2796.0
-55252.0,2848.0
-55104.0,2770.0
-54568.0,2226.0
-55108.0,2304.0
-55188.0,2360.0
-55292.0,2320.0
-55080.0,2356.0
-54668.0,2362.0
-54828.0,2402.0
-55316.0,2156.0
-55524.0,2156.0
-55960.0,2042.0
-55592.0,2084.0
-55736.0,2030.0
-55576.0,2056.0
-55204.0,2158.0
-55260.0,2562.0
-55728.0,2626.0
-55688.0,2482.0
-55952.0,2394.0
-56112.0,2286.0
-55996.0,2360.0
-56236.0,2220.0
-56384.0,2342.0
-56612.0,2418.0
-56240.0,2106.0
-55892.0,2026.0
-55852.0,2210.0
-56300.0,2146.0
-56048.0,2080.0
-56176.0,2108.0
-56340.0,1862.0
-56184.0,2152.0
-55948.0,2084.0
-55800.0,1908.0
-56392.0,1942.0
-56172.0,2020.0
-55780.0,1958.0
-55660.0,2102.0
-55972.0,2116.0
-55556.0,1800.0
-55600.0,1720.0
-55252.0,1816.0
-55332.0,1666.0
-56160.0,1536.0
-55648.0,1444.0
-55528.0,1542.0
-55092.0,1640.0
-55132.0,1812.0
-55148.0,1654.0
-55052.0,1652.0
-55048.0,1306.0
-55516.0,1364.0
-55376.0,1312.0
-55524.0,1266.0
-55536.0,1702.0
-55980.0,1576.0
-55800.0,1610.0
-55712.0,1636.0
-55756.0,1716.0
-55464.0,1870.0
-55456.0,1340.0
-55620.0,1262.0
-55588.0,1322.0
-55448.0,1428.0
-55400.0,1258.0
-55336.0,1288.0
-55616.0,1560.0
-55924.0,1644.0
-56300.0,1668.0
-56392.0,1696.0
-56108.0,1368.0
-55668.0,1396.0
-55840.0,1350.0
-55480.0,1070.0
-55752.0,1276.0
-55760.0,880.0
-55428.0,726.0
-55668.0,642.0
-55164.0,1042.0
-55460.0,650.0
-55572.0,618.0
-55428.0,666.0
-55372.0,684.0
-55536.0,554.0
-55328.0,634.0
-55552.0,626.0
-55096.0,654.0
-55188.0,530.0
-55084.0,58.0
-55092.0,-74.0
-54568.0,12.0
-54904.0,-50.0
-54780.0,-12.0
-54956.0,248.0
-55036.0,252.0
-54288.0,54.0
-54372.0,98.0
-54840.0,80.0
-55176.0,388.0
-55060.0,198.0
-54984.0,84.0
-55360.0,176.0
-55524.0,312.0
-55740.0,270.0
-55656.0,-16.0
-55768.0,-66.0
-55604.0,250.0
-55472.0,176.0
-55588.0,632.0
-55980.0,594.0
-55748.0,784.0
-55296.0,476.0
-55768.0,464.0
-55724.0,272.0
-55892.0,534.0
-55804.0,744.0
-55704.0,868.0
-56016.0,1054.0
-56056.0,724.0
-55916.0,872.0
-55640.0,810.0
-55804.0,768.0
-55896.0,662.0
-55956.0,464.0
-56104.0,522.0
-56240.0,516.0
-55776.0,320.0
-55864.0,122.0
-55884.0,340.0
-56528.0,110.0
-56312.0,242.0
-55812.0,86.0
-55784.0,172.0
-55964.0,128.0
-55964.0,404.0
-55696.0,500.0
-56116.0,828.0
-56232.0,802.0
-56092.0,786.0
-56084.0,618.0
-55772.0,632.0
-55752.0,728.0
-55928.0,600.0
-56120.0,596.0
-55976.0,558.0
-56008.0,404.0
-56528.0,542.0
-56064.0,784.0
-56928.0,624.0
-56212.0,484.0
-56068.0,228.0
-55636.0,176.0
-55928.0,222.0
-56036.0,410.0
-55892.0,546.0
-55672.0,576.0
-55708.0,734.0
-55884.0,570.0
-55876.0,610.0
-56656.0,500.0
-55612.0,348.0
-56340.0,308.0
-56480.0,104.0
-56540.0,300.0
-56276.0,340.0
-56356.0,368.0
-55888.0,372.0
-55764.0,414.0
-55704.0,596.0
-55376.0,678.0
-55268.0,562.0
-55264.0,772.0
-55428.0,1014.0
-55284.0,780.0
-55320.0,1132.0
-55152.0,1000.0
-55104.0,936.0
-55500.0,864.0
-55700.0,788.0
-55808.0,800.0
-55432.0,768.0
-56424.0,904.0
-56240.0,842.0
-56140.0,866.0
-55936.0,572.0
-56160.0,490.0
-56224.0,706.0
-55764.0,842.0
-56132.0,580.0
-55308.0,832.0
-55180.0,890.0
-55412.0,1038.0
-55776.0,1114.0
-55544.0,828.0
-55408.0,728.0
-55428.0,510.0
-55428.0,362.0
-55824.0,276.0
-55504.0,300.0
-55928.0,418.0
-55904.0,348.0
-56088.0,242.0
-55680.0,400.0
-55756.0,382.0
-55616.0,278.0
-55700.0,632.0
-55812.0,564.0
-55692.0,338.0
-55408.0,654.0
-55484.0,812.0
-55520.0,744.0
-54888.0,652.0
-54988.0,536.0
-55064.0,204.0
-55836.0,72.0
-55616.0,38.0
-55816.0,206.0
-56056.0,374.0
-56144.0,442.0
-55648.0,560.0
-55284.0,552.0
-55036.0,628.0
-55020.0,420.0
-55180.0,322.0
-54916.0,196.0
-55248.0,300.0
-55560.0,418.0
-55892.0,464.0
-54968.0,546.0
-55140.0,384.0
-55852.0,148.0
-55712.0,406.0
-55828.0,210.0
-55544.0,382.0
-55852.0,512.0
-55920.0,756.0
-55780.0,822.0
-55548.0,1092.0
-55688.0,772.0
-55736.0,1086.0
-55044.0,1034.0
-55476.0,1070.0
-55248.0,1218.0
-55472.0,1208.0
-55260.0,1180.0
-55160.0,1412.0
-55440.0,1564.0
-55324.0,1576.0
-55600.0,1672.0
-56032.0,1892.0
-55728.0,1954.0
-55812.0,1810.0
-56148.0,1854.0
-55984.0,1626.0
-56080.0,1504.0
-55724.0,1528.0
-55896.0,1636.0
-55768.0,1914.0
-55948.0,1750.0
-55588.0,1636.0
-55748.0,1652.0
-55796.0,2050.0
-55808.0,2280.0
-56152.0,2494.0
-56204.0,2486.0
-56156.0,2078.0
-56608.0,1874.0
-56252.0,1996.0
-55620.0,1996.0
-55748.0,2076.0
-56244.0,2140.0
-56104.0,1882.0
-55336.0,1880.0
-55200.0,1520.0
-55612.0,1716.0
-56196.0,1948.0
-56128.0,1714.0
-56044.0,1722.0
-56328.0,2004.0
-56536.0,2116.0
-56112.0,1978.0
-55736.0,1782.0
-55576.0,1850.0
-55992.0,2026.0
-55700.0,2120.0
-55832.0,2334.0
-55884.0,2442.0
-55512.0,2578.0
-55880.0,2884.0
-55588.0,3050.0
-55280.0,3122.0
-55580.0,3202.0
-55872.0,2878.0
-56200.0,2876.0
-55996.0,2754.0
-55880.0,2810.0
-55932.0,2932.0
-55404.0,2782.0
-55300.0,2762.0
-55684.0,2686.0
-55620.0,2722.0
-56000.0,2918.0
-55424.0,2670.0
-55696.0,2714.0
-55352.0,2786.0
-55428.0,2530.0
-55636.0,2478.0
-55732.0,2420.0
-55716.0,2322.0
-55560.0,2270.0
-55756.0,2092.0
-54988.0,2156.0
-55020.0,2264.0
-55156.0,2362.0
-54844.0,2182.0
-54688.0,2014.0
-55036.0,1906.0
-55184.0,2044.0
-55780.0,2134.0
-55860.0,2082.0
-55884.0,1690.0
-55336.0,1914.0
-55428.0,1552.0
-55836.0,1782.0
-55740.0,1778.0
-55952.0,1812.0
-56048.0,1872.0
-56684.0,1714.0
-56304.0,1580.0
-55680.0,1440.0
-55724.0,1510.0
-55464.0,1688.0
-55536.0,1754.0
-56004.0,1270.0
-55660.0,1250.0
-55564.0,1300.0
-55116.0,1306.0
-55280.0,1608.0
-55496.0,1704.0
-55648.0,1970.0
-56320.0,2042.0
-56080.0,1940.0
-56176.0,1898.0
-56196.0,2140.0
-56168.0,2132.0
-56088.0,2386.0
-56160.0,2190.0
-56372.0,2068.0
-55784.0,1890.0
-55392.0,1974.0
-55416.0,2068.0
-55440.0,2212.0
-55472.0,2160.0
-55484.0,2204.0
-55660.0,1962.0
-55968.0,2256.0
-55640.0,2338.0
-55524.0,2532.0
-55916.0,2792.0
-55788.0,2912.0
-55348.0,2760.0
-55112.0,2922.0
-55600.0,3094.0
-55552.0,3246.0
-55580.0,3148.0
-55936.0,3070.0
-55844.0,3000.0
-55804.0,2890.0
-55824.0,2726.0
-55572.0,2434.0
-55012.0,2508.0
-55488.0,2382.0
-55808.0,2360.0
-55740.0,2352.0
-56004.0,2512.0
-55588.0,2076.0
-55444.0,2114.0
-54920.0,2148.0
-54732.0,2262.0
-55296.0,2530.0
-54516.0,2308.0
-55776.0,2156.0
-54904.0,2252.0
-54664.0,2138.0
-55708.0,2140.0
-55472.0,2320.0
-56672.0,2624.0
-56260.0,2536.0
-55572.0,2700.0
-55496.0,2776.0
-55932.0,2664.0
-55872.0,2894.0
-55912.0,2860.0
-55720.0,2812.0
-55516.0,2670.0
-55880.0,2716.0
-55312.0,2832.0
-55564.0,3076.0
-55528.0,3228.0
-55840.0,3410.0
-56124.0,3410.0
-56276.0,3114.0
-55984.0,2804.0
-56472.0,2822.0
-56852.0,2640.0
-56544.0,2432.0
-56504.0,2396.0
-56816.0,1790.0
-56232.0,1504.0
-55884.0,1666.0
-55920.0,1650.0
-55784.0,1774.0
-55632.0,1786.0
-55560.0,1928.0
-55724.0,2018.0
-55440.0,2036.0
-55696.0,2230.0
-56208.0,2432.0
-56076.0,2278.0
-56128.0,2206.0
-55424.0,1976.0
-55300.0,1822.0
-55972.0,1846.0
-56248.0,1990.0
-55876.0,1858.0
-55904.0,1974.0
-55804.0,2164.0
-55888.0,2442.0
-56236.0,2710.0
-56476.0,2736.0
-56600.0,2720.0
-57072.0,2964.0
-56636.0,2904.0
-56680.0,3200.0
-56400.0,3202.0
-56472.0,3216.0
-56364.0,2996.0
-55824.0,3002.0
-55748.0,2760.0
-55684.0,2924.0
-56064.0,3042.0
-56416.0,2978.0
-55724.0,2862.0
-56020.0,2810.0
-56216.0,2812.0
-55820.0,2882.0
-55696.0,2968.0
-56004.0,3128.0
-56324.0,3164.0
-56412.0,3170.0
-56588.0,3112.0
-56284.0,3076.0
-55992.0,3108.0
-56172.0,3092.0
-56616.0,3000.0
-56104.0,3144.0
-56500.0,3054.0
-56644.0,2850.0
-55992.0,2808.0
-56208.0,3104.0
-56124.0,3126.0
-56504.0,3250.0
-56388.0,2994.0
-56132.0,2838.0
-56212.0,2864.0
-56200.0,2688.0
-56400.0,2692.0
-56604.0,2582.0
-56308.0,2796.0
-56108.0,3170.0
-56272.0,3444.0
-56404.0,3490.0
-56032.0,3584.0
-56048.0,3618.0
-55940.0,3462.0
-55900.0,3524.0
-56036.0,3240.0
-56812.0,3254.0
-56448.0,3148.0
-56440.0,3208.0
-56344.0,2884.0
-56704.0,3088.0
-56744.0,3002.0
-56584.0,3326.0
-56144.0,3632.0
-56200.0,3632.0
-56272.0,3516.0
-55980.0,3632.0
-56700.0,3878.0
-56688.0,3958.0
-56268.0,3798.0
-56976.0,3796.0
-56632.0,3912.0
-56768.0,3862.0
-56544.0,3944.0
-56788.0,3912.0
-56872.0,3934.0
-55796.0,3874.0
-56444.0,4024.0
-56136.0,4162.0
-56264.0,4202.0
-55708.0,4096.0
-56120.0,4214.0
-56376.0,4504.0
-56016.0,4276.0
-56756.0,4188.0
-56572.0,3808.0
-56600.0,3980.0
-56972.0,3834.0
-56880.0,3644.0
-56628.0,3186.0
-56512.0,3256.0
-56500.0,3356.0
-56552.0,3398.0
-56768.0,3274.0
-56676.0,3288.0
-56816.0,3108.0
-56220.0,3036.0
-55820.0,3096.0
-55752.0,2690.0
-55992.0,2794.0
-56044.0,2774.0
-56408.0,2914.0
-56248.0,3056.0
-56960.0,2888.0
-56284.0,3058.0
-55972.0,3188.0
-55700.0,2912.0
-56256.0,2626.0
-56840.0,2528.0
-56408.0,2702.0
-56368.0,2810.0
-56024.0,2694.0
-55628.0,2686.0
-55824.0,2612.0
-55876.0,2736.0
-55892.0,2550.0
-55936.0,2286.0
-55496.0,2536.0
-55392.0,2538.0
-55312.0,2726.0
-55432.0,2550.0
-54996.0,2426.0
-55124.0,2352.0
-55452.0,2448.0
-55452.0,2352.0
-55408.0,2184.0
-55092.0,2286.0
-55384.0,2476.0
-55808.0,2432.0
-55632.0,2470.0
-55360.0,2332.0
-55488.0,2288.0
-55372.0,1956.0
-56064.0,2214.0
-55764.0,2036.0
-55460.0,2000.0
-55016.0,1930.0
-55564.0,1904.0
-55176.0,1940.0
-55348.0,1772.0
-55152.0,1770.0
-56044.0,1642.0
-55972.0,1724.0
-56412.0,1936.0
-55788.0,1918.0
-55644.0,1994.0
-55964.0,1872.0
-55900.0,2076.0
-55544.0,1922.0
-56216.0,1776.0
-55704.0,1822.0
-55208.0,1562.0
-55424.0,1824.0
-55456.0,1958.0
-56112.0,1906.0
-56016.0,1802.0
-55620.0,2062.0
-55948.0,2312.0
-56272.0,2374.0
-55988.0,2282.0
-56128.0,2530.0
-55484.0,2504.0
-55664.0,2742.0
-55868.0,3006.0
-55736.0,2950.0
-55528.0,2776.0
-55288.0,2858.0
-55236.0,3064.0
-55448.0,3172.0
-55832.0,3134.0
-56020.0,3134.0
-56764.0,3212.0
-56492.0,3190.0
-56124.0,3172.0
-56064.0,2888.0
-55956.0,3020.0
-56116.0,2956.0
-55828.0,2470.0
-55968.0,2616.0
-55828.0,2090.0
-55928.0,2154.0
-55968.0,2576.0
-55808.0,2614.0
-56032.0,2488.0
-56040.0,2732.0
-55784.0,3038.0
-55244.0,2918.0
-54852.0,2822.0
-55112.0,2822.0
-55432.0,2784.0
-55640.0,2848.0
-55860.0,2896.0
-55904.0,3112.0
-55344.0,3252.0
-55676.0,3646.0
-55728.0,3730.0
-55672.0,3708.0
-55632.0,3492.0
-55428.0,3846.0
-55560.0,3774.0
-55676.0,3856.0
-55464.0,3794.0
-55144.0,3886.0
-55324.0,3984.0
-55060.0,3940.0
-55364.0,4244.0
-55292.0,4088.0
-55980.0,4248.0
-56040.0,4346.0
-55816.0,4434.0
-55640.0,4344.0
-55244.0,4260.0
-55692.0,3980.0
-55632.0,4034.0
-55156.0,4286.0
-55472.0,4744.0
-55936.0,4816.0
-55560.0,4292.0
-55288.0,4380.0
-55532.0,4406.0
-56132.0,4616.0
-55844.0,4706.0
-55456.0,4622.0
-55668.0,4700.0
-55808.0,5054.0
-55944.0,4994.0
-55916.0,4976.0
-55924.0,5154.0
-55960.0,5048.0
-55848.0,4878.0
-55688.0,5078.0
-56080.0,4676.0
-56156.0,4540.0
-56072.0,4494.0
-55980.0,4512.0
-55392.0,4118.0
-55484.0,4044.0
-55780.0,3926.0
-55764.0,4248.0
-55892.0,4464.0
-55780.0,4222.0
-55688.0,3914.0
-55548.0,3872.0
-55452.0,4116.0
-55096.0,4136.0
-55248.0,4200.0
-56296.0,4302.0
-55988.0,4372.0
-55292.0,4496.0
-55592.0,4404.0
-54968.0,4376.0
-54732.0,4026.0
-54492.0,3880.0
-54640.0,3618.0
-54984.0,3944.0
-55196.0,3786.0
-54896.0,3618.0
-54828.0,3664.0
-54940.0,3804.0
-54628.0,3888.0
-54884.0,4118.0
-54936.0,4296.0
-55364.0,4388.0
-55136.0,4474.0
-55380.0,4542.0
-55312.0,4644.0
-55092.0,4346.0
-54444.0,4112.0
-54784.0,3996.0
-55288.0,4206.0
-54640.0,4302.0
-54756.0,4468.0
-54176.0,4574.0
-54980.0,4892.0
-55340.0,4830.0
-55236.0,5014.0
-54432.0,4902.0
-54936.0,4710.0
-54688.0,4672.0
-54784.0,4446.0
-55468.0,4556.0
-54896.0,4322.0
-55136.0,4552.0
-55572.0,4938.0
-55316.0,4994.0
-55432.0,5098.0
-55372.0,4990.0
-55112.0,4654.0
-54864.0,4634.0
-54988.0,4414.0
-54700.0,4540.0
-54736.0,4700.0
-55224.0,4538.0
-55100.0,4226.0
-54844.0,4224.0
-55120.0,4330.0
-55148.0,4568.0
-55096.0,4658.0
-55052.0,4416.0
-55576.0,4362.0
-55092.0,4302.0
-54928.0,3870.0
-54916.0,3712.0
-55644.0,3826.0
-55556.0,3498.0
-55276.0,3252.0
-55264.0,3070.0
-55092.0,2900.0
-55348.0,2866.0
-55176.0,2236.0
-54716.0,1920.0
-55260.0,1922.0
-55112.0,2016.0
-55304.0,1998.0
-55336.0,2024.0
-55372.0,2078.0
-55492.0,2054.0
-55528.0,2124.0
-55472.0,1930.0
-55724.0,2286.0
-56208.0,2388.0
-55552.0,2628.0
-55432.0,2500.0
-55868.0,2652.0
-55988.0,2356.0
-55596.0,2536.0
-55196.0,2654.0
-55244.0,2438.0
-55028.0,2624.0
-55156.0,2730.0
-55300.0,2680.0
-55732.0,2532.0
-55788.0,2584.0
-56048.0,2790.0
-56168.0,2858.0
-55452.0,3000.0
-55912.0,2868.0
-55748.0,2856.0
-55544.0,2806.0
-55628.0,2836.0
-55344.0,2938.0
-55108.0,2732.0
-55320.0,2516.0
-55572.0,2594.0
-54972.0,2470.0
-55264.0,2284.0
-55372.0,2354.0
-55616.0,2304.0
-55360.0,2276.0
-54924.0,2288.0
-55148.0,2426.0
-55356.0,2298.0
-55164.0,2082.0
-55252.0,2072.0
-55680.0,1828.0
-55404.0,2110.0
-55352.0,2184.0
-54968.0,1930.0
-55072.0,2156.0
-55076.0,2204.0
-54752.0,2460.0
-55312.0,2484.0
-55512.0,2492.0
-55212.0,2484.0
-55552.0,2558.0
-55900.0,2414.0
-55896.0,2556.0
-55544.0,2650.0
-55616.0,2488.0
-55568.0,2614.0
-55372.0,2414.0
-55324.0,2232.0
-55448.0,2158.0
-56016.0,2268.0
-55572.0,1908.0
-55172.0,1652.0
-54644.0,1696.0
-54804.0,2002.0
-54492.0,2142.0
-54936.0,1980.0
-55528.0,1906.0
-55460.0,1890.0
-55244.0,1768.0
-55316.0,1682.0
-55192.0,1848.0
-55316.0,1844.0
-55972.0,1802.0
-55860.0,1686.0
-55632.0,1284.0
-55776.0,1334.0
-55508.0,1532.0
-55192.0,1484.0
-54868.0,1502.0
-54920.0,1624.0
-55508.0,1430.0
-55284.0,1262.0
-54996.0,1322.0
-55664.0,1314.0
-55648.0,1216.0
-56296.0,1214.0
-55908.0,1070.0
-55896.0,1256.0
-56208.0,1196.0
-56120.0,1176.0
-55708.0,1318.0
-55884.0,1268.0
-56020.0,1144.0
-56192.0,1090.0
-55744.0,644.0
-55904.0,592.0
-55632.0,536.0
-55924.0,522.0
-55448.0,782.0
-55516.0,890.0
-55428.0,1032.0
-55620.0,1106.0
-55476.0,1040.0
-55256.0,1218.0
-55484.0,1204.0
-55248.0,1122.0
-55316.0,976.0
-55052.0,966.0
-55164.0,770.0
-54892.0,576.0
-55164.0,488.0
-54844.0,624.0
-54716.0,774.0
-55084.0,736.0
-54520.0,920.0
-54716.0,1002.0
-55056.0,658.0
-54816.0,674.0
-55032.0,586.0
-55104.0,648.0
-54668.0,726.0
-55092.0,734.0
-55472.0,716.0
-54944.0,884.0
-54948.0,840.0
-55020.0,956.0
-55596.0,1006.0
-55960.0,1334.0
-55384.0,1226.0
-55260.0,960.0
-55372.0,706.0
-55624.0,902.0
-55824.0,1026.0
-55296.0,940.0
-55824.0,1112.0
-55548.0,1154.0
-56220.0,1274.0
-56072.0,1208.0
-55812.0,1556.0
-55740.0,1350.0
-55508.0,1300.0
-55688.0,1584.0
-56276.0,1688.0
-56364.0,1670.0
-56320.0,1604.0
-56168.0,1718.0
-55680.0,1810.0
-56060.0,1786.0
-56372.0,2086.0
-55908.0,2098.0
-55920.0,2162.0
-55824.0,2096.0
-55544.0,2284.0
-55696.0,2372.0
-55668.0,2406.0
-55824.0,2328.0
-55992.0,2180.0
-56100.0,1902.0
-55684.0,1846.0
-55420.0,1848.0
-55112.0,1962.0
-54996.0,2064.0
-55012.0,1866.0
-54720.0,1834.0
-54860.0,1828.0
-54588.0,1528.0
-54240.0,1284.0
-54752.0,1488.0
-54544.0,1998.0
-55072.0,2008.0
-55848.0,1962.0
-55532.0,2000.0
-54896.0,1804.0
-54748.0,1792.0
-54968.0,1592.0
-55332.0,1882.0
-55692.0,1774.0
-55172.0,1784.0
-55500.0,1604.0
-55076.0,1798.0
-54904.0,1878.0
-54768.0,1800.0
-55164.0,1772.0
-54920.0,1760.0
-55196.0,1722.0
-54936.0,1984.0
-55264.0,2022.0
-55144.0,1774.0
-54820.0,1482.0
-55108.0,1458.0
-54656.0,1416.0
-54964.0,1530.0
-54952.0,1570.0
-54404.0,1438.0
-54304.0,1578.0
-54812.0,1520.0
-55428.0,1446.0
-55080.0,1504.0
-55172.0,1722.0
-55144.0,1664.0
-55376.0,1548.0
-54672.0,1522.0
-55436.0,1522.0
-55508.0,1624.0
-55172.0,1380.0
-55896.0,1224.0
-55856.0,1794.0
-55900.0,1844.0
-56108.0,1602.0
-55628.0,1694.0
-55696.0,1342.0
-55660.0,1320.0
-55416.0,1428.0
-55492.0,1202.0
-55216.0,1484.0
-55184.0,1758.0
-55920.0,1910.0
-56108.0,1898.0
-55704.0,1932.0
-55444.0,1780.0
-55748.0,1832.0
-55732.0,1668.0
-55408.0,1600.0
-55480.0,1462.0
-54960.0,1376.0
-54892.0,1228.0
-55276.0,1128.0
-55056.0,910.0
-55108.0,1068.0
-55200.0,1272.0
-55244.0,1446.0
-54840.0,1360.0
-54680.0,1384.0
-54688.0,1272.0
-54704.0,1300.0
-54624.0,1262.0
-54940.0,1220.0
-54840.0,1192.0
-55040.0,1280.0
-55040.0,1156.0
-55200.0,1394.0
-54816.0,1126.0
-54816.0,952.0
-55004.0,896.0
-54740.0,620.0
-55284.0,512.0
-55260.0,402.0
-55364.0,312.0
-55388.0,422.0
-55292.0,788.0
-55256.0,940.0
-54592.0,1326.0
-55392.0,1160.0
-55684.0,910.0
-55164.0,750.0
-55104.0,1006.0
-55284.0,1114.0
-54584.0,1106.0
-54480.0,1290.0
-54504.0,1472.0
-55324.0,1632.0
-55856.0,1614.0
-55656.0,1414.0
-55744.0,1510.0
-55976.0,1850.0
-55828.0,1492.0
-55016.0,1510.0
-55320.0,1342.0
-55008.0,1136.0
-54568.0,1078.0
-54656.0,1030.0
-54860.0,1364.0
-54568.0,1380.0
-54976.0,1378.0
-54524.0,1610.0
-54728.0,1926.0
-55288.0,1776.0
-55344.0,1660.0
-54936.0,1850.0
-54752.0,1772.0
-54776.0,1892.0
-54572.0,1764.0
-54976.0,1592.0
-55144.0,1758.0
-55512.0,1946.0
-55556.0,2204.0
-55600.0,2022.0
-55796.0,1800.0
-55340.0,1762.0
-55636.0,1566.0
-55516.0,1540.0
-55308.0,1394.0
-54904.0,1522.0
-55176.0,1542.0
-54932.0,1398.0
-54936.0,1584.0
-54868.0,1768.0
-55312.0,1842.0
-55752.0,1770.0
-55568.0,1778.0
-55308.0,1832.0
-55496.0,1888.0
-55856.0,1812.0
-56204.0,1958.0
-55716.0,1584.0
-55440.0,1870.0
-55260.0,1816.0
-55420.0,1876.0
-55420.0,1968.0
-55648.0,1934.0
-56232.0,1862.0
-55896.0,1988.0
-55744.0,1760.0
-56016.0,1590.0
-55980.0,1690.0
-56008.0,1428.0
-55520.0,1478.0
-55320.0,1416.0
-55568.0,1418.0
-55492.0,1448.0
-55324.0,1370.0
-55468.0,1270.0
-55900.0,1108.0
-55684.0,998.0
-55184.0,874.0
-55444.0,1288.0
-55600.0,1150.0
-55864.0,1116.0
-55408.0,1032.0
-55484.0,1192.0
-55004.0,1074.0
-54764.0,1044.0
-54740.0,802.0
-54360.0,678.0
-54844.0,946.0
-54796.0,1256.0
-55000.0,1290.0
-55052.0,878.0
-55076.0,926.0
-55024.0,836.0
-55700.0,766.0
-55400.0,640.0
-55060.0,990.0
-55544.0,1126.0
-55660.0,792.0
-55388.0,1040.0
-54876.0,874.0
-55312.0,984.0
-55748.0,932.0
-55540.0,1084.0
-55692.0,1012.0
-55472.0,1208.0
-55476.0,1096.0
-56268.0,1236.0
-56304.0,1154.0
-56272.0,1588.0
-56136.0,1738.0
-56220.0,1612.0
-55660.0,1602.0
-55112.0,1486.0
-55080.0,1146.0
-55088.0,1224.0
-55836.0,1212.0
-55336.0,1116.0
-55288.0,1178.0
-55472.0,1142.0
-55316.0,986.0
-55744.0,852.0
-55520.0,1080.0
-55476.0,976.0
-55156.0,958.0
-55092.0,978.0
-55308.0,842.0
-55280.0,436.0
-55568.0,610.0
-55328.0,788.0
-55252.0,918.0
-55804.0,1124.0
-55524.0,810.0
-55468.0,778.0
-55604.0,482.0
-55780.0,750.0
-55364.0,344.0
-55804.0,394.0
-55328.0,590.0
-55596.0,808.0
-55492.0,1098.0
-55028.0,830.0
-54820.0,1166.0
-54956.0,1038.0
-55372.0,816.0
-55116.0,826.0
-55052.0,862.0
-55340.0,670.0
-55712.0,938.0
-55748.0,816.0
-56036.0,976.0
-56052.0,704.0
-56052.0,676.0
-56204.0,834.0
-56000.0,962.0
-56120.0,888.0
-55704.0,896.0
-55616.0,680.0
-55580.0,558.0
-55916.0,622.0
-55568.0,524.0
-56064.0,456.0
-55920.0,602.0
-55988.0,282.0
-56104.0,266.0
-55756.0,420.0
-56024.0,600.0
-55852.0,902.0
-55444.0,1010.0
-55212.0,1016.0
-54996.0,544.0
-55152.0,490.0
-54828.0,486.0
-55396.0,430.0
-55744.0,510.0
-55500.0,200.0
-55312.0,208.0
-54784.0,118.0
-54844.0,10.0
-55044.0,-220.0
-55212.0,10.0
-55232.0,24.0
-55672.0,-70.0
-56540.0,-36.0
-56928.0,-166.0
-56824.0,-352.0
-56512.0,-372.0
-56320.0,-148.0
-56220.0,-92.0
-55992.0,-222.0
-56140.0,-176.0
-56008.0,-180.0
-55624.0,-218.0
-55444.0,-120.0
-55400.0,10.0
-55648.0,-156.0
-55224.0,-266.0
-55260.0,-424.0
-55444.0,-390.0
-54812.0,-368.0
-54952.0,-388.0
-55216.0,-468.0
-55784.0,-382.0
-56072.0,-208.0
-56244.0,-202.0
-56488.0,-510.0
-56472.0,-374.0
-56212.0,-390.0
-56120.0,-574.0
-55752.0,-740.0
-55532.0,-502.0
-55780.0,-450.0
-55160.0,-556.0
-55596.0,-820.0
-55736.0,-868.0
-56184.0,-906.0
-55552.0,-1202.0
-55432.0,-892.0
-55572.0,-1120.0
-55836.0,-1138.0
-55704.0,-1086.0
-56056.0,-1244.0
-55756.0,-1236.0
-55688.0,-974.0
-55908.0,-1048.0
-56144.0,-944.0
-55728.0,-868.0
-55468.0,-876.0
-55700.0,-1014.0
-55636.0,-810.0
-55788.0,-872.0
-55960.0,-1054.0
-55520.0,-770.0
-55592.0,-966.0
-55480.0,-1198.0
-55500.0,-1030.0
-55308.0,-1000.0
-55432.0,-908.0
-55612.0,-906.0
-55516.0,-1126.0
-55776.0,-988.0
-55264.0,-1264.0
-55668.0,-1614.0
-56096.0,-1552.0
-55912.0,-1810.0
-55220.0,-1978.0
-55252.0,-1480.0
-55276.0,-1516.0
-55076.0,-1480.0
-54900.0,-1570.0
-55356.0,-1260.0
-54976.0,-1270.0
-55292.0,-1542.0
-55828.0,-1840.0
-55776.0,-1878.0
-55588.0,-2142.0
-55656.0,-2120.0
-55760.0,-1770.0
-55832.0,-1818.0
-55464.0,-1892.0
-55800.0,-1768.0
-55968.0,-1950.0
-55532.0,-1954.0
-55688.0,-1934.0
-55928.0,-1934.0
-55544.0,-1948.0
-55360.0,-1998.0
-55520.0,-2024.0
