Energy,Magnetization
-1144.0,140
-1320.0,146
-1540.0,80
-1444.0,152
-1396.0,36
-1372.0,94
-1388.0,52
-1480.0,44
-1516.0,2
-1400.0,140
-1232.0,62
-1364.0,80
-1512.0,72
-1440.0,58
-1360.0,90
-1276.0,144
-1368.0,20
-1280.0,-66
-1380.0,-58
-1552.0,-172
-1380.0,-118
-1232.0,-24
-1456.0,-66
-1348.0,2
-1292.0,102
-1388.0,148
-1336.0,12
-1356.0,-116
-1488.0,-96
-1456.0,-164
-1412.0,-174
-1356.0,-290
-1308.0,-154
-1496.0,-166
-1528.0,-112
-1424.0,-134
-1364.0,-264
-1304.0,-322
-1496.0,-296
-1520.0,-210
-1340.0,-184
-1288.0,-192
-1408.0,26
-1536.0,-52
-1344.0,-100
-1220.0,-78
-1320.0,-16
-1284.0,-78
-1288.0,-12
-1416.0,-14
-1400.0,40
-1344.0,98
-1280.0,-12
-1424.0,50
-1404.0,68
-1380.0,90
-1416.0,162
-1284.0,82
-1328.0,36
-1396.0,-102
-1344.0,-42
-1412.0,74
-1300.0,60
-1288.0,-88
-1460.0,-4
-1496.0,72
-1456.0,22
-1504.0,-110
-1440.0,-112
-1268.0,-140
-1276.0,-80
-1480.0,-30
-1404.0,-132
-1396.0,-36
-1320.0,-58
-1284.0,-102
-1260.0,-68
-1248.0,-2
-1364.0,86
-1356.0,50
-1448.0,106
-1472.0,68
-1388.0,30
-1372.0,-8
-1416.0,-16
-1376.0,-34
-1308.0,82
-1316.0,102
-1448.0,180
-1436.0,266
-1440.0,262
-1416.0,250
-1428.0,150
-1328.0,-76
-1280.0,-56
-1392.0,-40
-1444.0,-84
-1380.0,-58
-1344.0,-84
-1300.0,-12
-1324.0,-8
-1228.0,48
-1260.0,-78
-1420.0,-72
-1400.0,-188
-1344.0,-140
-1504.0,-16
-1516.0,-62
-1384.0,-96
-1404.0,-22
-1440.0,-6
-1472.0,-76
-1280.0,-28
-1264.0,-90
-1340.0,-126
-1308.0,-158
-1448.0,-46
-1328.0,-44
-1488.0,104
-1500.0,-18
-1344.0,-68
-1424.0,-48
-1416.0,36
-1352.0,30
-1380.0,-54
-1252.0,-70
-1320.0,-70
-1312.0,-90
-1308.0,-164
-1392.0,-136
-1368.0,-162
-1320.0,-148
-1376.0,-84
-1392.0,62
-1344.0,80
-1392.0,0
-1488.0,48
-1552.0,46
-1536.0,90
-1492.0,88
-1344.0,2
-1372.0,-56
-1432.0,-122
-1288.0,-78
-1220.0,-100
-1328.0,-32
-1320.0,-96
-1448.0,84
-1392.0,132
-1496.0,-2
-1432.0,-74
-1376.0,-182
-1304.0,-104
-1264.0,-64
-1424.0,-190
-1472.0,-64
-1484.0,-4
-1500.0,-130
-1436.0,-60
-1324.0,-52
-1328.0,-72
-1432.0,-14
-1480.0,-6
-1380.0,90
-1272.0,110
-1400.0,128
-1380.0,102
-1304.0,136
-1344.0,138
-1412.0,66
-1504.0,96
-1420.0,104
-1252.0,20
-1480.0,-36
-1304.0,-76
-1240.0,-102
-1340.0,-32
-1376.0,-14
-1272.0,-40
-1304.0,-32
-1452.0,-34
-1312.0,4
-1376.0,24
-1348.0,100
-1288.0,112
-1336.0,62
-1388.0,196
-1356.0,152
-1396.0,126
-1464.0,134
-1392.0,96
-1368.0,-42
-1444.0,34
-1356.0,68
-1312.0,6
-1368.0,66
-1644.0,52
-1420.0,44
-1344.0,-26
-1336.0,104
-1300.0,114
-1400.0,118
-1480.0,182
-1452.0,58
-1448.0,84
-1396.0,42
-1388.0,98
-1236.0,96
-1392.0,18
-1316.0,-56
-1440.0,-134
-1348.0,-120
-1312.0,-140
-1456.0,-156
-1432.0,2
-1332.0,-26
-1408.0,-14
-1408.0,-74
-1356.0,36
-1348.0,-60
-1416.0,-30
-1440.0,26
-1372.0,30
-1340.0,76
-1228.0,120
-1216.0,-34
-1460.0,-122
-1576.0,-144
-1444.0,-116
-1352.0,-136
-1504.0,-80
-1428.0,-58
-1488.0,58
-1420.0,50
-1544.0,50
-1396.0,66
-1504.0,134
-1364.0,86
-1216.0,-82
-1320.0,44
-1364.0,72
-1336.0,-24
-1268.0,16
-1372.0,-54
-1188.0,-30
-1292.0,-146
-1296.0,-68
-1332.0,-22
-1384.0,0
-1312.0,-60
-1280.0,-78
-1260.0,-64
-1400.0,12
-1524.0,-10
-1480.0,-32
-1328.0,-2
-1516.0,38
-1472.0,-32
-1480.0,22
-1584.0,74
-1472.0,68
-1288.0,-2
-1452.0,-64
-1504.0,-26
-1312.0,6
-1332.0,-80
-1192.0,-118
-1344.0,-62
-1424.0,84
-1484.0,6
-1264.0,-10
-1316.0,-44
-1404.0,-68
-1400.0,152
-1388.0,140
-1512.0,178
-1284.0,152
-1308.0,98
-1368.0,128
-1356.0,62
-1428.0,176
-1396.0,238
-1388.0,202
-1368.0,200
-1396.0,100
-1268.0,68
-1292.0,52
-1304.0,54
-1212.0,34
-1344.0,92
-1276.0,42
-1412.0,-54
-1256.0,-70
-1332.0,-128
-1220.0,-188
-1328.0,-28
-1508.0,28
-1556.0,-44
-1436.0,-118
-1356.0,-126
-1324.0,-154
-1284.0,-172
-1276.0,-68
-1300.0,64
-1408.0,100
-1400.0,118
-1432.0,88
-1324.0,32
-1616.0,74
-1380.0,78
-1340.0,40
-1424.0,26
-1500.0,112
-1444.0,48
-1384.0,28
-1388.0,-22
-1412.0,-64
-1468.0,-6
-1368.0,-10
-1312.0,-116
-1448.0,148
-1476.0,132
-1408.0,104
-1440.0,10
-1456.0,30
-1432.0,-82
-1460.0,16
-1380.0,-54
-1312.0,-142
-1364.0,-72
-1488.0,-80
-1336.0,-44
-1300.0,-142
-1264.0,-66
-1424.0,-28
-1512.0,12
-1496.0,-96
-1432.0,-72
-1392.0,-8
-1400.0,-118
-1388.0,-104
-1416.0,-32
-1248.0,12
-1380.0,-134
-1460.0,-44
-1396.0,2
-1428.0,-88
-1452.0,-140
-1500.0,-122
-1304.0,60
-1364.0,58
-1452.0,116
-1388.0,88
-1456.0,4
-1452.0,-74
-1444.0,34
-1472.0,-42
-1564.0,-128
-1476.0,-76
-1196.0,-38
-1364.0,-190
-1492.0,-128
-1276.0,-132
-1412.0,-134
-1372.0,-202
-1364.0,-174
-1420.0,-128
-1320.0,-92
-1484.0,-200
-1376.0,-122
-1428.0,-94
-1384.0,14
-1476.0,24
-1460.0,-64
-1456.0,24
-1400.0,68
-1356.0,60
-1568.0,130
-1420.0,114
-1324.0,136
-1464.0,120
-1400.0,80
-1524.0,58
-1392.0,68
-1292.0,58
-1372.0,200
-1348.0,192
-1396.0,142
-1360.0,46
-1324.0,116
-1188.0,8
-1216.0,-44
-1316.0,132
-1248.0,186
-1248.0,94
-1308.0,0
-1408.0,-48
-1352.0,-58
-1404.0,-148
-1272.0,-116
-1404.0,-158
-1396.0,-160
-1340.0,-72
-1496.0,20
-1440.0,34
-1324.0,84
-1320.0,172
-1492.0,206
-1288.0,158
-1400.0,142
-1404.0,78
-1572.0,88
-1544.0,96
-1532.0,68
-1512.0,72
-1368.0,108
-1620.0,152
-1444.0,172
-1584.0,184
-1424.0,222
-1536.0,210
-1416.0,264
-1552.0,214
-1452.0,226
-1448.0,224
-1364.0,200
-1296.0,46
-1360.0,34
-1368.0,64
-1452.0,44
-1364.0,34
-1492.0,96
-1364.0,50
-1392.0,42
-1476.0,-30
-1388.0,-4
-1328.0,-36
-1480.0,128
-1328.0,-14
-1292.0,12
-1332.0,-124
-1412.0,-188
-1456.0,-112
-1592.0,-42
-1560.0,34
-1364.0,2
-1444.0,-102
-1452.0,-278
-1360.0,-40
-1208.0,116
-1292.0,28
-1448.0,122
-1544.0,124
-1472.0,66
-1464.0,22
-1476.0,72
-1440.0,60
-1328.0,196
-1400.0,186
-1376.0,98
-1312.0,154
-1300.0,110
-1272.0,26
-1440.0,38
-1388.0,-14
-1500.0,-40
-1352.0,18
-1344.0,62
-1440.0,44
-1328.0,-24
-1364.0,-52
-1352.0,-8
-1308.0,-92
-1324.0,-36
-1384.0,80
-1504.0,50
-1392.0,22
-1412.0,34
-1388.0,18
-1376.0,98
-1540.0,202
-1412.0,180
-1276.0,44
-1376.0,20
-1380.0,-30
-1256.0,-38
-1480.0,-82
-1472.0,-68
-1560.0,-88
-1504.0,-70
-1588.0,-130
-1532.0,-148
-1380.0,-14
-1404.0,12
-1256.0,-34
-1296.0,-36
-1376.0,-56
-1272.0,-18
-1476.0,-16
-1392.0,92
-1360.0,-12
-1396.0,-8
-1580.0,-80
-1448.0,-36
-1428.0,32
-1368.0,-14
-1396.0,2
-1420.0,42
-1512.0,102
-1504.0,114
-1352.0,146
-1424.0,-58
-1420.0,-108
-1348.0,-62
-1416.0,-110
-1528.0,-16
-1428.0,-62
-1352.0,-64
-1348.0,-90
-1380.0,-50
-1360.0,70
-1396.0,70
-1456.0,-2
-1404.0,-154
-1376.0,-150
-1456.0,-116
-1408.0,-162
-1428.0,-54
-1276.0,-100
-1424.0,-166
-1376.0,-238
-1480.0,-208
-1600.0,-160
-1500.0,-144
-1460.0,-52
-1384.0,-128
-1504.0,-200
-1476.0,-250
-1412.0,-244
-1424.0,-178
-1508.0,-236
-1492.0,-222
-1436.0,-246
-1460.0,-68
-1472.0,-38
-1396.0,22
-1336.0,46
-1224.0,104
-1256.0,-60
-1328.0,18
-1308.0,-22
-1280.0,-64
-1460.0,-44
-1476.0,-8
-1492.0,40
-1480.0,20
-1492.0,-26
-1512.0,8
-1532.0,62
-1540.0,38
-1344.0,50
-1320.0,-20
-1420.0,-40
-1544.0,-98
-1416.0,-110
-1368.0,36
-1348.0,74
-1344.0,40
-1420.0,-38
-1436.0,22
-1432.0,94
-1400.0,132
-1464.0,82
-1340.0,60
-1312.0,156
-1372.0,32
-1464.0,-58
-1488.0,-82
-1428.0,-134
-1404.0,-140
-1396.0,-82
-1460.0,-72
-1332.0,108
-1388.0,20
-1404.0,-10
-1480.0,-30
-1352.0,-66
-1488.0,68
-1348.0,-50
-1332.0,38
-1288.0,16
-1336.0,52
-1320.0,24
-1332.0,104
-1260.0,32
-1300.0,28
-1496.0,-24
-1312.0,50
-1300.0,-2
-1344.0,96
-1316.0,102
-1344.0,18
-1460.0,-16
-1508.0,40
-1248.0,136
-1512.0,80
-1412.0,22
-1460.0,16
-1400.0,-42
-1292.0,-38
-1244.0,0
-1364.0,-20
-1388.0,-24
-1356.0,-64
-1412.0,-36
-1356.0,-106
-1448.0,-50
-1420.0,-16
-1332.0,-66
-1400.0,-38
-1288.0,-14
-1396.0,100
-1424.0,70
-1380.0,166
-1496.0,114
-1472.0,72
-1340.0,30
-1304.0,50
-1252.0,-174
-1404.0,-226
-1412.0,-320
-1460.0,-98
-1368.0,4
-1220.0,34
-1316.0,40
-1224.0,150
-1336.0,132
-1268.0,200
-1476.0,148
-1548.0,46
-1368.0,96
-1456.0,42
-1496.0,28
-1412.0,46
-1404.0,62
-1476.0,124
-1448.0,0
-1548.0,34
-1448.0,40
-1264.0,-40
-1408.0,-14
-1376.0,-50
-1504.0,-170
-1428.0,-44
-1280.0,24
-1456.0,-36
-1328.0,-48
-1312.0,-128
-1376.0,-86
-1500.0,6
-1464.0,-116
-1300.0,-74
-1444.0,-158
-1324.0,-206
-1380.0,-136
-1280.0,-80
-1148.0,24
-1460.0,152
-1444.0,152
-1568.0,106
-1404.0,48
-1432.0,72
-1344.0,96
-1412.0,104
-1384.0,94
-1400.0,214
-1552.0,0
-1492.0,20
-1368.0,44
-1416.0,98
-1468.0,116
-1320.0,80
-1388.0,30
-1484.0,138
-1360.0,58
-1408.0,144
-1388.0,28
-1372.0,0
-1592.0,-106
-1528.0,-98
-1400.0,-144
-1400.0,-96
-1356.0,-58
-1396.0,-86
-1464.0,-8
-1416.0,6
-1372.0,-136
-1488.0,-150
-1440.0,-40
-1384.0,-42
-1384.0,26
-1340.0,-2
-1340.0,138
-1456.0,144
-1456.0,28
-1348.0,2
-1380.0,-50
-1248.0,-88
-1328.0,-96
-1272.0,-76
-1200.0,0
-1240.0,54
-1332.0,36
-1448.0,30
-1420.0,-96
-1604.0,-164
-1536.0,-86
-1420.0,-146
-1380.0,-72
-1400.0,-128
-1412.0,-130
-1492.0,-154
-1424.0,-126
-1440.0,4
-1364.0,-62
-1212.0,-36
-1300.0,-4
-1432.0,124
-1520.0,106
-1384.0,156
-1296.0,116
-1460.0,36
-1500.0,-22
-1312.0,68
-1440.0,132
-1396.0,212
-1452.0,120
-1408.0,86
-1424.0,76
-1432.0,-22
-1384.0,18
-1312.0,64
-1380.0,104
-1340.0,14
-1344.0,-12
-1492.0,88
-1404.0,104
-1376.0,-4
-1532.0,-226
-1556.0,-348
-1364.0,-186
-1304.0,-132
-1380.0,0
-1572.0,140
-1424.0,98
-1424.0,16
-1440.0,46
-1516.0,150
-1608.0,124
-1392.0,36
-1408.0,20
-1532.0,-16
-1432.0,-6
-1276.0,82
-1336.0,-46
-1436.0,12
-1528.0,6
-1472.0,74
-1328.0,-30
-1260.0,-60
-1328.0,-92
-1468.0,-94
-1540.0,-46
-1436.0,-94
-1500.0,-28
-1540.0,-130
-1484.0,-64
-1336.0,-36
-1332.0,54
-1316.0,160
-1412.0,156
-1376.0,50
-1316.0,-40
-1452.0,-80
-1312.0,-82
-1356.0,-130
-1384.0,-88
-1248.0,0
-1336.0,48
-1312.0,-46
-1276.0,90
-1320.0,110
-1316.0,82
-1356.0,8
-1248.0,-64
-1284.0,-44
-1232.0,68
-1352.0,-104
-1440.0,-22
-1380.0,-36
-1292.0,-10
-1492.0,88
-1488.0,8
-1500.0,-86
-1444.0,-102
-1372.0,-66
-1340.0,-48
-1428.0,44
-1436.0,20
-1460.0,26
-1488.0,100
-1384.0,112
-1332.0,106
-1264.0,118
-1420.0,78
-1508.0,138
-1616.0,4
-1616.0,98
-1416.0,48
-1412.0,-90
-1352.0,-48
-1300.0,12
-1332.0,26
-1412.0,-24
-1472.0,-60
-1404.0,0
-1516.0,36
-1324.0,32
-1396.0,52
-1488.0,50
-1340.0,0
-1540.0,12
-1524.0,-52
-1340.0,-108
-1328.0,-58
-1360.0,-44
-1328.0,82
-1392.0,104
-1260.0,132
-1400.0,122
-1332.0,204
-1520.0,192
-1332.0,254
-1388.0,238
-1524.0,296
-1524.0,314
-1440.0,202
-1360.0,280
-1612.0,70
-1468.0,110
-1500.0,130
-1492.0,124
-1400.0,44
-1496.0,98
-1480.0,96
-1300.0,114
-1384.0,104
-1360.0,124
-1352.0,140
-1424.0,92
-1252.0,164
-1224.0,138
-1308.0,178
-1304.0,106
-1368.0,134
-1368.0,68
-1400.0,82
-1404.0,136
-1500.0,132
-1368.0,-20
-1644.0,-2
-1476.0,48
-1428.0,26
-1352.0,-6
-1408.0,-26
-1380.0,90
-1376.0,22
-1424.0,32
-1424.0,24
-1376.0,16
-1412.0,34
-1500.0,-30
-1484.0,-138
-1384.0,-252
-1508.0,-256
-1392.0,-160
-1416.0,-38
-1328.0,-238
-1368.0,-120
-1380.0,-46
-1372.0,-62
-1272.0,16
-1212.0,44
-1236.0,34
-1148.0,112
-1296.0,68
-1352.0,-6
-1284.0,-50
-1340.0,2
-1424.0,-16
-1412.0,-50
-1364.0,-54
-1348.0,-56
-1432.0,38
-1256.0,-22
-1248.0,-10
-1416.0,-22
-1380.0,44
-1428.0,32
-1380.0,52
-1396.0,-46
-1404.0,-42
-1312.0,32
-1352.0,-84
-1460.0,-8
-1344.0,-6
-1464.0,24
-1412.0,76
-1416.0,14
-1368.0,-2
-1480.0,96
-1376.0,-48
-1328.0,-98
-1476.0,-54
-1372.0,-62
-1220.0,30
-1364.0,-32
-1424.0,-70
-1472.0,2
-1384.0,-174
-1480.0,-86
-1552.0,-40
-1504.0,28
-1548.0,28
-1520.0,90
-1384.0,44
-1356.0,52
-1396.0,46
-1452.0,94
-1292.0,-58
-1208.0,-148
-1364.0,-34
-1400.0,50
-1416.0,24
-1536.0,40
-1416.0,-78
-1484.0,-44
-1296.0,-30
-1340.0,60
-1308.0,164
-1400.0,130
-1340.0,74
-1284.0,32
-1396.0,48
-1320.0,10
-1344.0,-46
-1332.0,-98
-1356.0,12
-1380.0,60
-1188.0,-18
-1428.0,112
-1376.0,94
-1380.0,50
-1372.0,36
-1376.0,52
-1320.0,184
-1296.0,66
-1416.0,54
-1416.0,70
-1364.0,-58
-1356.0,138
-1372.0,40
-1396.0,140
-1412.0,260
-1476.0,242
-1564.0,108
-1464.0,30
-1264.0,-40
-1260.0,-60
-1288.0,-34
-1364.0,12
-1420.0,-56
-1508.0,-92
-1540.0,-10
-1428.0,-54
-1420.0,-8
-1400.0,46
-1376.0,-98
-1324.0,-86
-1308.0,20
-1308.0,-52
-1340.0,-62
-1340.0,42
-1304.0,-16
-1236.0,0
-1356.0,-64
-1436.0,122
-1292.0,90
-1208.0,68
-1280.0,90
-1124.0,122
-1440.0,50
-1444.0,126
-1388.0,150
-1420.0,166
-1440.0,98
-1420.0,306
-1372.0,212
-1436.0,116
-1468.0,190
-1332.0,166
-1336.0,164
-1356.0,78
-1308.0,88
-1296.0,40
-1184.0,58
-1224.0,-74
-1472.0,-28
-1428.0,10
-1524.0,58
-1344.0,-32
-1448.0,-46
-1284.0,-46
-1384.0,4
-1424.0,50
-1324.0,-16
-1296.0,-22
-1480.0,126
-1572.0,174
-1580.0,134
-1348.0,88
-1244.0,112
-1312.0,94
-1416.0,80
-1464.0,20
-1312.0,-116
-1432.0,-192
-1372.0,-296
-1444.0,-320
-1328.0,-220
-1436.0,-244
-1360.0,-212
-1600.0,-276
-1604.0,-270
-1460.0,-270
-1408.0,-190
-1280.0,-212
-1456.0,-158
-1524.0,-90
-1344.0,-24
-1432.0,-84
-1288.0,0
-1480.0,14
-1324.0,108
-1276.0,100
-1396.0,40
-1236.0,74
-1252.0,130
-1376.0,120
-1376.0,2
-1512.0,-148
-1384.0,-216
-1320.0,-70
-1332.0,-118
-1460.0,-128
-1272.0,-172
-1296.0,-124
-1352.0,-40
-1304.0,-56
-1356.0,-22
-1348.0,-30
-1388.0,-2
-1548.0,-82
-1424.0,32
-1424.0,66
-1440.0,4
-1396.0,46
-1240.0,42
-1216.0,72
-1408.0,28
-1476.0,-36
-1408.0,-16
-1516.0,4
-1448.0,74
-1384.0,72
-1520.0,52
-1432.0,-20
-1460.0,-26
-1456.0,-34
-1360.0,24
-1404.0,-80
-1568.0,-66
-1496.0,-84
-1420.0,-34
-1372.0,-30
-1332.0,-56
-1276.0,-40
-1352.0,50
-1308.0,-8
-1268.0,192
-1236.0,154
-1452.0,98
-1364.0,104
-1336.0,-14
-1268.0,-28
-1356.0,140
-1396.0,118
-1316.0,18
-1396.0,128
-1388.0,204
-1436.0,162
-1476.0,138
-1356.0,152
-1128.0,34
-1324.0,2
-1396.0,-8
-1368.0,80
-1300.0,52
-1340.0,-44
-1340.0,22
-1340.0,40
-1448.0,-54
-1444.0,-80
-1360.0,18
-1400.0,-64
-1472.0,-46
-1224.0,-12
-1448.0,94
-1468.0,134
-1384.0,30
-1392.0,74
-1476.0,26
-1580.0,48
-1376.0,-34
-1428.0,-46
-1372.0,16
-1448.0,72
-1380.0,92
-1456.0,184
-1200.0,78
-1400.0,12
-1460.0,-12
-1484.0,-22
-1508.0,-76
-1244.0,54
-1316.0,114
-1360.0,114
-1488.0,166
-1380.0,146
-1284.0,170
-1408.0,116
-1360.0,118
-1292.0,44
-1348.0,86
-1468.0,196
-1396.0,210
-1384.0,188
-1400.0,234
-1292.0,176
-1388.0,112
-1440.0,110
-1340.0,152
-1504.0,100
-1396.0,28
-1372.0,-44
-1332.0,-26
-1448.0,24
-1416.0,-68
-1456.0,-44
-1356.0,100
-1392.0,116
-1344.0,50
-1384.0,26
-1332.0,-14
-1496.0,94
-1440.0,10
-1488.0,-104
-1392.0,-118
-1356.0,-104
-1496.0,-116
-1476.0,-136
-1516.0,-76
-1396.0,-188
-1348.0,-98
-1452.0,-100
-1256.0,6
-1380.0,36
-1264.0,12
-1384.0,110
-1356.0,62
-1368.0,130
-1452.0,-4
-1348.0,-48
-1388.0,-4
-1388.0,-52
-1288.0,-118
-1348.0,-42
-1444.0,-198
-1456.0,-120
-1332.0,-64
-1452.0,-112
-1428.0,-166
-1204.0,-62
-1408.0,-36
-1260.0,-142
-1252.0,-94
-1456.0,-162
-1352.0,-198
-1440.0,-88
-1280.0,-138
-1320.0,-98
-1364.0,-266
-1360.0,-212
-1560.0,-152
-1432.0,-90
-1424.0,-58
-1352.0,22
-1416.0,-96
-1380.0,-186
-1388.0,-94
-1512.0,-54
-1432.0,-36
-1420.0,-66
-1476.0,-16
-1352.0,-112
-1400.0,-66
-1376.0,-66
-1400.0,-118
-1428.0,-78
-1500.0,-98
-1384.0,-50
-1448.0,44
-1384.0,46
-1344.0,10
-1492.0,-64
-1488.0,-86
-1304.0,-8
-1376.0,-28
-1304.0,4
-1368.0,-36
-1296.0,84
-1404.0,54
-1416.0,32
-1368.0,24
-1408.0,22
-1560.0,-62
-1516.0,-90
-1500.0,-100
-1524.0,-92
-1528.0,-36
-1380.0,-44
-1500.0,94
-1332.0,82
-1360.0,74
-1484.0,62
-1452.0,-38
-1348.0,-124
-1348.0,-106
-1344.0,-90
-1232.0,22
-1424.0,96
-1460.0,110
-1360.0,-52
-1324.0,6
-1424.0,-22
-1428.0,-62
-1224.0,30
-1380.0,142
-1444.0,136
-1308.0,152
-1272.0,42
-1376.0,72
-1372.0,72
-1636.0,86
-1408.0,38
-1360.0,2
-1412.0,94
-1460.0,-14
-1380.0,-26
-1324.0,-122
-1364.0,-86
-1328.0,12
-1436.0,-18
-1384.0,-52
-1352.0,74
-1380.0,66
-1348.0,178
-1332.0,268
-1260.0,156
-1388.0,46
-1356.0,12
-1268.0,-66
-1268.0,-122
-1336.0,-134
-1240.0,-82
-1384.0,6
-1412.0,40
-1344.0,52
-1384.0,60
-1400.0,30
-1516.0,-48
-1412.0,-74
-1408.0,-68
-1340.0,-104
-1324.0,-66
-1276.0,-66
-1416.0,4
-1596.0,-2
-1556.0,116
-1548.0,26
-1452.0,-22
-1380.0,110
-1464.0,148
-1324.0,94
-1384.0,70
-1352.0,196
-1288.0,104
-1460.0,158
-1368.0,172
-1420.0,136
-1388.0,230
-1464.0,264
-1484.0,284
-1440.0,206
-1472.0,182
-1700.0,218
-1660.0,140
-1572.0,112
-1452.0,160
-1512.0,64
-1384.0,22
-1432.0,-142
-1396.0,-94
-1516.0,-162
-1392.0,-24
-1428.0,-132
-1368.0,-106
-1272.0,76
-1408.0,188
-1312.0,212
-1436.0,110
-1364.0,214
-1360.0,122
-1376.0,130
-1464.0,84
-1500.0,-16
-1724.0,94
-1564.0,60
-1452.0,126
-1424.0,142
-1412.0,150
-1308.0,146
-1384.0,10
-1252.0,-72
-1328.0,-120
-1216.0,-184
-1348.0,-64
-1368.0,-80
-1496.0,-104
-1640.0,22
-1380.0,80
-1388.0,98
-1344.0,92
-1432.0,80
-1444.0,-96
-1320.0,-28
-1232.0,2
-1260.0,0
-1468.0,18
-1556.0,130
-1428.0,148
-1216.0,242
-1340.0,200
-1380.0,16
-1456.0,110
-1440.0,178
-1620.0,100
-1640.0,66
-1484.0,44
-1396.0,8
-1252.0,-14
-1460.0,112
-1380.0,4
-1368.0,-76
-1396.0,-118
-1340.0,-266
-1400.0,-254
-1420.0,-154
-1476.0,-174
-1412.0,-84
-1412.0,-180
-1500.0,-224
-1452.0,-218
-1516.0,-206
-1472.0,-220
-1384.0,-156
-1436.0,-46
-1356.0,2
-1404.0,18
-1360.0,100
-1368.0,40
-1420.0,-80
-1460.0,-88
-1392.0,-78
-1364.0,10
-1420.0,54
-1340.0,128
-1284.0,-172
-1444.0,-200
-1324.0,-228
-1416.0,-140
-1360.0,-270
-1448.0,-236
-1476.0,-154
-1332.0,-166
-1376.0,-52
-1260.0,-56
-1348.0,-76
-1240.0,-200
-1348.0,-196
-1320.0,-126
-1304.0,-176
-1320.0,-112
-1372.0,84
-1448.0,56
-1364.0,58
-1336.0,76
-1396.0,86
-1392.0,30
-1368.0,-110
-1456.0,-44
-1324.0,-190
-1456.0,-224
-1496.0,-192
-1436.0,-166
-1312.0,-70
-1340.0,-46
-1264.0,52
-1340.0,-2
-1372.0,-154
-1560.0,-182
-1516.0,-104
-1456.0,-136
-1464.0,-104
-1504.0,-88
-1432.0,-36
-1196.0,16
-1276.0,0
-1312.0,74
-1464.0,-56
-1524.0,-72
-1500.0,-64
-1416.0,-40
-1308.0,-6
-1156.0,-14
-1256.0,-2
-1376.0,-12
-1460.0,48
-1512.0,-10
-1560.0,-74
-1452.0,24
-1296.0,-36
-1432.0,-32
-1572.0,-42
-1416.0,-64
-1384.0,-188
-1424.0,-166
-1444.0,-130
-1388.0,-130
-1440.0,50
-1288.0,2
-1248.0,66
-1392.0,88
-1364.0,20
-1356.0,60
-1440.0,8
-1484.0,6
-1508.0,26
-1360.0,186
-1500.0,24
-1352.0,126
-1472.0,30
-1328.0,34
-1168.0,36
-1468.0,60
-1416.0,58
-1412.0,102
-1388.0,6
-1344.0,36
-1300.0,116
-1360.0,186
-1336.0,100
-1260.0,-128
-1200.0,-66
-1416.0,-46
-1284.0,-74
-1460.0,26
-1384.0,-104
-1392.0,-88
-1392.0,-136
-1360.0,-50
-1392.0,-96
-1332.0,-106
-1364.0,4
-1328.0,-6
-1480.0,30
-1452.0,-58
-1432.0,-54
-1468.0,20
-1440.0,96
-1460.0,198
-1500.0,142
-1484.0,144
-1544.0,66
-1344.0,-22
-1452.0,84
-1416.0,-10
-1292.0,100
-1384.0,118
-1404.0,160
-1340.0,134
-1404.0,104
-1440.0,44
-1508.0,16
-1512.0,10
-1472.0,42
-1476.0,60
-1364.0,104
-1292.0,126
-1388.0,54
-1376.0,12
-1336.0,-50
-1512.0,-12
-1348.0,-84
-1332.0,-2
-1348.0,-48
-1236.0,-98
-1344.0,-58
-1400.0,-138
-1588.0,-94
-1460.0,-26
-1552.0,66
-1348.0,198
-1312.0,124
-1292.0,114
-1452.0,254
-1440.0,114
-1532.0,122
-1452.0,96
-1364.0,12
-1504.0,28
-1508.0,-14
-1500.0,62
-1476.0,62
-1536.0,172
-1504.0,218
-1364.0,206
-1352.0,110
-1544.0,-48
-1460.0,-78
-1544.0,-12
-1408.0,-42
-1404.0,94
-1404.0,122
-1248.0,142
-1392.0,226
-1316.0,54
-1484.0,130
-1464.0,26
-1264.0,-12
-1444.0,96
-1568.0,0
-1468.0,48
-1388.0,178
-1504.0,98
-1376.0,96
-1404.0,106
-1256.0,36
-1236.0,-32
-1512.0,-26
-1328.0,64
-1352.0,-36
-1192.0,-58
-1228.0,-134
-1468.0,-58
-1240.0,46
-1464.0,24
-1432.0,78
-1432.0,46
-1416.0,36
-1344.0,-94
-1384.0,-130
-1228.0,-84
-1364.0,-86
-1372.0,-38
-1464.0,-8
-1480.0,-28
-1424.0,2
-1412.0,54
-1284.0,22
-1144.0,-118
-1284.0,-126
-1376.0,-156
-1336.0,-120
-1392.0,62
-1336.0,34
-1448.0,50
-1460.0,84
-1432.0,-124
-1316.0,-150
-1360.0,-62
-1364.0,-52
-1152.0,-110
-1284.0,-40
-1436.0,-178
-1396.0,-116
-1376.0,-196
-1340.0,-202
-1264.0,-156
-1448.0,-102
-1332.0,-74
-1344.0,-58
-1324.0,36
-1368.0,18
-1160.0,98
-1208.0,48
-1468.0,-16
-1432.0,104
-1500.0,102
-1536.0,170
-1428.0,44
-1388.0,42
-1360.0,-90
-1400.0,-80
-1460.0,-22
-1392.0,224
-1352.0,212
-1368.0,258
-1380.0,182
-1400.0,-16
-1588.0,-36
-1492.0,-156
-1460.0,-138
-1424.0,-54
-1452.0,36
-1512.0,112
-1496.0,130
-1568.0,76
-1400.0,122
-1368.0,0
-1372.0,-18
-1388.0,-62
-1464.0,-10
-1400.0,-16
-1384.0,194
-1396.0,228
-1412.0,168
-1396.0,184
-1468.0,64
-1468.0,-10
-1308.0,4
-1312.0,24
-1316.0,98
-1320.0,156
-1324.0,58
-1368.0,76
-1360.0,46
-1344.0,-64
-1380.0,50
-1404.0,48
-1372.0,110
-1556.0,144
-1516.0,188
-1432.0,100
-1372.0,112
-1476.0,148
-1476.0,154
-1392.0,38
-1548.0,12
-1444.0,-84
-1416.0,-6
-1344.0,-44
-1344.0,-56
-1428.0,-128
-1360.0,-90
-1364.0,-102
-1440.0,-28
-1424.0,-40
-1352.0,-12
-1264.0,64
-1448.0,-96
-1396.0,-14
-1324.0,-4
-1336.0,-154
-1380.0,-144
-1416.0,-104
-1448.0,-54
-1364.0,-40
-1464.0,0
-1288.0,52
-1424.0,-36
-1404.0,0
-1332.0,16
-1372.0,-36
-1448.0,-16
-1428.0,68
-1476.0,126
-1456.0,260
-1440.0,168
-1452.0,212
-1512.0,102
-1464.0,152
-1460.0,-14
-1296.0,-34
-1364.0,-30
-1432.0,-68
-1412.0,30
-1636.0,66
-1508.0,-106
-1380.0,40
-1440.0,126
-1452.0,162
-1360.0,160
-1300.0,28
-1440.0,78
-1380.0,24
-1524.0,-22
-1364.0,-70
-1336.0,-86
-1404.0,52
-1368.0,156
-1476.0,74
-1320.0,68
-1368.0,72
-1424.0,64
-1328.0,166
-1300.0,58
-1388.0,56
-1252.0,58
-1304.0,126
-1416.0,96
-1416.0,-36
-1264.0,6
-1332.0,46
-1340.0,-34
-1404.0,-40
-1472.0,-52
-1432.0,-72
-1472.0,-80
-1368.0,-114
-1460.0,-164
-1296.0,12
-1308.0,-78
-1196.0,-8
-1168.0,36
-1260.0,72
-1260.0,118
-1416.0,-64
-1504.0,-50
-1500.0,40
-1412.0,-8
-1420.0,12
-1468.0,106
-1364.0,2
-1388.0,-16
-1276.0,-102
-1336.0,-50
-1404.0,16
-1472.0,28
-1440.0,-12
-1464.0,-20
-1564.0,-6
-1448.0,-156
-1344.0,-20
-1444.0,40
-1428.0,-18
-1328.0,8
-1352.0,48
-1300.0,-22
-1308.0,36
-1388.0,190
-1240.0,200
-1328.0,220
-1388.0,236
-1404.0,176
-1448.0,236
-1476.0,104
-1436.0,-66
-1440.0,94
-1380.0,22
-1612.0,-4
-1432.0,-42
-1492.0,74
-1348.0,-8
-1380.0,-42
-1300.0,-84
-1364.0,54
-1488.0,70
-1512.0,-10
-1472.0,-88
-1484.0,-80
-1404.0,-36
-1460.0,-42
-1412.0,50
-1424.0,108
-1476.0,142
-1648.0,246
-1424.0,156
-1324.0,188
-1412.0,108
-1396.0,-38
-1488.0,-158
-1428.0,-174
-1448.0,-8
-1424.0,108
-1456.0,-52
-1416.0,-98
-1492.0,-102
-1412.0,-112
-1452.0,-98
-1480.0,-26
-1424.0,-42
-1548.0,6
-1296.0,70
-1320.0,-4
-1244.0,-22
-1448.0,46
-1400.0,4
-1396.0,-24
-1360.0,102
-1264.0,90
-1372.0,98
-1280.0,28
-1384.0,174
-1388.0,114
-1420.0,24
-1248.0,112
-1428.0,110
-1480.0,152
-1352.0,64
-1308.0,108
-1296.0,116
-1332.0,168
-1432.0,98
-1488.0,58
-1384.0,-6
-1444.0,148
-1360.0,140
-1424.0,108
-1248.0,86
-1412.0,50
-1308.0,-4
-1272.0,-138
-1480.0,-98
-1296.0,32
-1312.0,-10
-1468.0,100
-1504.0,158
-1488.0,102
-1504.0,52
-1572.0,0
-1392.0,-22
-1452.0,36
-1268.0,-68
-1372.0,-48
-1420.0,-102
-1416.0,-58
-1268.0,98
-1392.0,-10
-1440.0,106
-1404.0,18
-1408.0,42
-1508.0,-20
-1476.0,-32
-1472.0,-170
-1280.0,-160
-1476.0,-212
-1364.0,-138
-1352.0,-222
-1320.0,-280
-1520.0,-268
-1444.0,-288
-1428.0,-242
-1520.0,-238
-1508.0,-190
-1492.0,-118
-1396.0,-108
-1300.0,-80
-1336.0,-68
-1400.0,-134
-1292.0,-112
-1236.0,-40
-1432.0,-32
-1424.0,-94
-1328.0,-64
-1300.0,-46
-1472.0,-94
-1468.0,6
-1424.0,38
-1348.0,48
-1360.0,52
-1388.0,74
-1436.0,132
-1504.0,172
-1348.0,114
-1284.0,50
-1448.0,104
-1380.0,112
-1320.0,-44
-1368.0,30
-1200.0,58
-1140.0,16
-1336.0,4
-1452.0,-90
-1356.0,30
-1380.0,-48
-1304.0,-24
-1424.0,42
-1344.0,0
-1348.0,6
-1592.0,24
-1428.0,52
-1516.0,146
-1404.0,90
-1296.0,166
-1444.0,80
-1264.0,120
-1444.0,70
-1484.0,-54
-1316.0,-32
-1408.0,-38
-1444.0,-126
-1392.0,-24
-1368.0,62
-1428.0,-24
-1368.0,-12
-1516.0,-6
-1420.0,-26
-1420.0,24
-1424.0,36
-1348.0,-108
-1436.0,-96
-1324.0,-38
-1500.0,-46
-1316.0,44
-1360.0,68
-1400.0,48
-1444.0,78
-1368.0,70
-1436.0,90
-1352.0,32
-1444.0,-66
-1368.0,-12
-1388.0,-134
-1336.0,-128
-1380.0,-152
-1500.0,-186
-1464.0,-258
-1240.0,-54
-1256.0,-108
-1352.0,-104
-1408.0,32
-1396.0,-30
-1316.0,-94
-1308.0,-46
-1416.0,-44
-1504.0,14
-1464.0,-2
-1304.0,62
-1264.0,24
-1508.0,-138
-1320.0,-34
-1420.0,26
-1404.0,64
-1316.0,-8
-1224.0,10
-1336.0,-38
-1384.0,-142
-1376.0,-198
-1380.0,-52
-1328.0,-194
-1292.0,-54
-1420.0,-80
-1356.0,-76
-1436.0,106
-1420.0,90
-1456.0,176
-1456.0,60
-1492.0,124
-1508.0,-4
-1468.0,-32
-1392.0,124
-1212.0,204
-1488.0,260
-1256.0,182
-1408.0,194
-1440.0,118
-1536.0,-22
-1360.0,24
-1244.0,26
-1328.0,10
-1364.0,26
-1348.0,142
-1448.0,110
-1400.0,88
-1320.0,2
-1444.0,-6
-1456.0,-74
-1520.0,-20
-1284.0,26
-1332.0,-24
-1364.0,-44
-1372.0,-152
-1396.0,-54
-1440.0,-120
-1436.0,-72
-1388.0,6
-1380.0,82
-1396.0,-72
-1404.0,-4
-1492.0,20
-1388.0,-66
-1488.0,-40
-1500.0,6
-1356.0,162
-1460.0,194
-1272.0,130
-1408.0,70
-1304.0,114
-1344.0,158
-1352.0,-14
-1376.0,92
-1408.0,62
-1268.0,-10
-1372.0,24
-1412.0,94
-1472.0,46
-1388.0,-20
-1432.0,-106
-1512.0,36
-1368.0,40
-1572.0,186
-1428.0,96
-1564.0,10
-1452.0,50
-1292.0,84
-1420.0,-58
-1520.0,-62
-1556.0,-22
-1592.0,48
-1456.0,42
-1376.0,42
-1436.0,56
-1308.0,44
-1408.0,8
-1396.0,8
-1404.0,-68
-1336.0,-176
-1284.0,-166
-1444.0,-166
-1328.0,-124
-1384.0,-122
-1268.0,-78
-1284.0,-86
-1332.0,-146
-1316.0,-68
-1420.0,-66
-1444.0,-124
-1380.0,-160
-1392.0,-70
-1540.0,-4
-1368.0,50
-1384.0,-8
-1324.0,18
-1448.0,28
-1272.0,66
-1396.0,126
-1300.0,-10
-1356.0,40
-1380.0,8
-1288.0,-42
-1432.0,-48
-1472.0,60
-1460.0,54
-1396.0,-34
-1432.0,24
-1372.0,-80
-1308.0,-94
-1364.0,42
-1408.0,86
-1404.0,78
-1328.0,6
-1244.0,-20
-1380.0,-38
-1328.0,54
-1436.0,-2
-1352.0,120
-1408.0,92
-1376.0,14
-1352.0,52
-1424.0,40
-1408.0,-26
-1364.0,-14
-1412.0,-114
-1368.0,-162
-1412.0,-112
-1448.0,-52
-1272.0,-136
-1348.0,-140
-1404.0,-8
-1312.0,22
-1464.0,14
-1392.0,156
-1328.0,70
-1352.0,72
-1408.0,76
-1440.0,44
-1336.0,-16
-1444.0,22
-1336.0,-30
-1360.0,-76
-1488.0,-34
-1340.0,28
-1432.0,-106
-1528.0,-146
-1396.0,-24
-1268.0,-72
-1220.0,52
-1276.0,-62
-1312.0,16
-1384.0,34
-1400.0,-6
-1412.0,26
-1368.0,44
-1456.0,66
-1540.0,76
-1348.0,154
-1332.0,154
-1380.0,154
-1500.0,52
-1376.0,-10
-1372.0,62
-1416.0,18
-1368.0,-116
-1320.0,-96
-1504.0,-154
-1448.0,-104
-1344.0,10
-1412.0,-62
-1452.0,-52
-1536.0,-32
-1352.0,-86
-1284.0,-100
-1396.0,-74
-1376.0,-54
-1280.0,-160
-1312.0,-188
-1284.0,-224
-1276.0,-178
-1380.0,-76
-1420.0,-122
-1476.0,-24
-1372.0,-74
-1464.0,-148
-1416.0,0
-1428.0,-20
-1432.0,68
-1404.0,68
-1428.0,-2
-1380.0,30
-1468.0,18
-1380.0,-24
-1280.0,-2
-1412.0,64
-1380.0,-20
-1300.0,-42
-1252.0,-4
-1308.0,6
-1520.0,84
-1528.0,-14
-1532.0,-6
-1516.0,-38
-1524.0,-116
-1584.0,-138
-1512.0,-132
-1660.0,-92
-1504.0,-12
-1452.0,22
-1264.0,106
-1324.0,118
-1432.0,74
-1416.0,122
-1304.0,84
-1204.0,154
-1328.0,114
-1352.0,-2
-1300.0,-48
-1472.0,94
-1360.0,6
-1396.0,-2
-1284.0,-106
-1396.0,-54
-1484.0,-90
-1336.0,-32
-1264.0,-68
-1420.0,20
-1448.0,-104
-1528.0,-198
-1404.0,-94
-1400.0,96
-1384.0,112
-1364.0,42
-1424.0,-18
-1320.0,-12
-1404.0,-96
-1364.0,-50
-1540.0,-108
-1528.0,-20
-1464.0,48
-1584.0,80
-1368.0,38
-1256.0,-2
-1440.0,-116
-1436.0,-130
-1500.0,-64
-1504.0,-138
-1552.0,-64
-1540.0,-156
-1452.0,-170
-1420.0,-106
-1324.0,-154
-1256.0,-32
-1408.0,-138
-1548.0,-42
-1372.0,-88
-1236.0,-48
-1408.0,68
-1492.0,52
-1508.0,64
-1524.0,16
-1452.0,56
-1344.0,42
-1404.0,120
-1360.0,122
-1384.0,74
-1332.0,92
-1384.0,114
-1208.0,-18
-1328.0,22
-1388.0,26
-1492.0,86
-1276.0,20
-1360.0,10
-1348.0,70
-1360.0,104
-1384.0,24
-1468.0,-66
-1488.0,-198
-1480.0,-140
-1392.0,-128
-1408.0,-102
-1408.0,-110
-1328.0,-86
-1464.0,-104
-1256.0,-94
-1380.0,-24
-1332.0,-38
-1428.0,-32
-1584.0,-58
-1520.0,-70
-1388.0,-52
-1432.0,-102
-1344.0,-106
-1296.0,-98
-1484.0,-104
-1420.0,-64
-1496.0,-2
-1320.0,74
-1452.0,98
-1316.0,90
-1376.0,32
-1336.0,24
-1416.0,0
-1380.0,32
-1552.0,-128
-1368.0,-44
-1276.0,114
-1372.0,188
-1384.0,110
-1316.0,24
-1240.0,14
-1300.0,-26
-1220.0,-60
-1432.0,-24
-1448.0,-40
-1440.0,-26
-1504.0,-18
-1356.0,40
-1360.0,156
-1388.0,54
-1216.0,-30
-1440.0,-162
-1528.0,-184
-1384.0,-192
-1572.0,-256
-1476.0,-222
-1420.0,-232
-1500.0,-278
-1368.0,-186
-1424.0,-248
-1304.0,-140
-1456.0,-106
-1388.0,-94
-1464.0,-138
-1300.0,-164
-1512.0,-38
-1572.0,30
-1400.0,10
-1320.0,62
-1424.0,-58
-1292.0,36
-1380.0,32
-1392.0,34
-1420.0,-72
-1368.0,40
-1440.0,-4
-1496.0,-20
-1376.0,-64
-1388.0,-42
-1516.0,6
-1368.0,-34
-1516.0,-66
-1488.0,-68
-1592.0,12
-1276.0,-58
-1304.0,58
-1408.0,8
-1544.0,-36
-1300.0,-2
-1244.0,42
-1372.0,118
-1368.0,82
-1292.0,180
-1372.0,234
-1460.0,152
-1572.0,154
-1472.0,162
-1452.0,198
-1328.0,118
-1384.0,314
-1580.0,340
-1512.0,270
-1444.0,280
-1432.0,210
-1456.0,140
-1348.0,-42
-1436.0,-160
-1512.0,-308
-1280.0,-300
-1384.0,-262
-1392.0,-246
-1480.0,-200
-1452.0,-206
-1448.0,-282
-1468.0,-214
-1424.0,-254
-1552.0,-278
-1448.0,-280
-1400.0,-192
-1432.0,-32
-1344.0,-62
-1340.0,-54
-1316.0,-132
-1300.0,-96
-1460.0,-140
-1440.0,-112
-1464.0,64
-1148.0,54
-1276.0,112
-1408.0,118
-1396.0,122
-1396.0,70
-1464.0,8
-1364.0,-116
-1416.0,-56
-1360.0,-48
-1364.0,38
-1448.0,110
-1416.0,108
-1432.0,38
-1512.0,-2
-1340.0,-18
-1364.0,50
-1376.0,-8
-1400.0,-18
-1360.0,-74
-1552.0,-68
-1452.0,-24
-1400.0,56
-1468.0,64
-1432.0,-10
-1424.0,-36
-1452.0,140
-1300.0,52
-1376.0,74
-1436.0,112
-1520.0,98
-1484.0,-52
-1512.0,-84
-1484.0,-232
-1524.0,-80
-1428.0,-122
-1468.0,56
-1408.0,30
-1340.0,36
-1448.0,46
-1364.0,76
-1504.0,52
-1360.0,154
-1380.0,36
-1188.0,-104
-1408.0,-74
-1424.0,-18
-1304.0,28
-1344.0,-58
-1392.0,38
-1360.0,-6
-1348.0,-58
-1384.0,-78
-1360.0,-90
-1468.0,-144
-1484.0,-92
-1436.0,-66
-1336.0,-44
-1484.0,-140
-1424.0,-10
-1396.0,38
-1424.0,42
-1292.0,24
-1296.0,-28
-1320.0,-10
-1292.0,46
-1256.0,64
-1580.0,34
-1516.0,64
-1516.0,70
-1384.0,56
-1320.0,204
-1356.0,174
-1428.0,168
-1312.0,166
-1300.0,128
-1320.0,292
-1436.0,352
-1560.0,332
-1400.0,284
-1324.0,162
-1396.0,90
-1444.0,-60
-1504.0,-52
-1464.0,-56
-1380.0,-62
-1232.0,-4
-1444.0,-22
-1360.0,-118
-1372.0,-134
-1356.0,-30
-1376.0,-116
-1472.0,-176
-1388.0,-192
-1284.0,-78
-1380.0,-20
-1532.0,6
-1392.0,-48
-1452.0,-20
-1348.0,-28
-1292.0,-120
-1320.0,-20
-1388.0,108
-1400.0,148
-1344.0,84
-1352.0,6
-1480.0,18
-1428.0,48
-1404.0,-76
-1364.0,14
-1268.0,-12
-1248.0,-28
-1316.0,6
-1520.0,96
-1512.0,116
-1500.0,266
-1304.0,114
-1356.0,124
-1348.0,168
-1416.0,72
-1352.0,6
-1468.0,-28
-1280.0,32
-1336.0,2
-1320.0,-10
-1372.0,70
-1444.0,172
-1508.0,106
-1464.0,68
-1504.0,48
-1348.0,18
-1392.0,76
-1364.0,94
-1472.0,158
-1276.0,204
-1372.0,126
-1272.0,100
-1412.0,42
-1308.0,44
-1416.0,-84
-1304.0,-50
-1360.0,-30
-1568.0,-174
-1284.0,-148
-1484.0,-74
-1400.0,-122
-1296.0,-66
-1400.0,-66
-1452.0,-28
-1324.0,-118
-1272.0,-88
-1240.0,-66
-1296.0,64
-1400.0,82
-1404.0,168
-1412.0,160
-1428.0,84
-1368.0,42
-1312.0,100
-1344.0,224
-1424.0,126
-1384.0,42
-1220.0,8
-1244.0,32
-1436.0,8
-1220.0,2
-1376.0,-20
-1408.0,64
-1416.0,146
-1336.0,54
-1380.0,-10
-1532.0,-52
-1472.0,-80
-1340.0,-36
-1260.0,-26
-1392.0,34
-1404.0,16
-1296.0,120
-1492.0,42
-1532.0,-12
-1284.0,-114
-1300.0,-156
-1256.0,-88
-1384.0,-78
-1392.0,-86
-1412.0,-170
-1404.0,-76
-1336.0,-10
-1372.0,-48
-1240.0,-90
-1408.0,-160
-1448.0,-42
-1508.0,24
-1356.0,56
-1324.0,52
-1388.0,6
-1292.0,52
-1264.0,102
-1284.0,-4
-1376.0,-20
-1492.0,110
-1592.0,56
-1448.0,-2
-1464.0,42
-1516.0,34
-1464.0,50
-1400.0,16
-1384.0,66
-1436.0,-40
-1292.0,40
-1416.0,8
-1392.0,64
-1600.0,48
-1372.0,-22
-1436.0,50
-1520.0,28
-1380.0,70
-1488.0,130
-1500.0,146
-1532.0,12
-1468.0,-76
-1464.0,-108
-1444.0,-94
-1360.0,-30
-1280.0,138
-1256.0,76
-1300.0,-18
-1360.0,18
-1304.0,128
-1396.0,18
-1348.0,-66
-1356.0,-42
-1404.0,-14
-1360.0,54
-1400.0,150
-1296.0,24
-1312.0,-28
-1464.0,82
-1332.0,-128
-1500.0,-20
-1408.0,60
-1312.0,76
-1232.0,92
-1320.0,34
-1480.0,-38
-1376.0,14
-1272.0,128
-1408.0,70
-1372.0,78
-1436.0,146
-1524.0,180
-1472.0,184
-1452.0,98
-1440.0,-24
-1332.0,-32
-1340.0,-92
-1288.0,-180
-1404.0,-232
-1420.0,-150
-1388.0,42
-1488.0,-172
-1484.0,-126
-1372.0,-172
-1584.0,-166
-1376.0,-208
-1308.0,-148
-1320.0,-124
-1456.0,-50
-1472.0,-62
-1452.0,-48
-1360.0,4
-1352.0,-20
-1432.0,76
-1440.0,2
-1416.0,78
-1396.0,116
-1448.0,108
-1396.0,6
-1332.0,-84
-1284.0,52
-1376.0,112
-1328.0,-46
-1352.0,-126
-1304.0,82
-1280.0,108
-1372.0,80
-1352.0,-24
-1368.0,-72
-1364.0,-48
-1308.0,-92
-1328.0,-32
-1316.0,12
-1400.0,-54
-1296.0,-116
-1316.0,-154
-1360.0,-70
-1388.0,-24
-1400.0,66
-1536.0,168
-1528.0,220
-1400.0,248
-1400.0,96
-1416.0,178
-1416.0,108
-1324.0,34
-1348.0,36
-1380.0,174
-1376.0,80
-1524.0,110
-1320.0,136
-1420.0,70
-1420.0,100
-1268.0,90
-1352.0,106
-1360.0,-24
-1380.0,-54
-1400.0,-100
-1456.0,-60
-1284.0,56
-1304.0,98
-1352.0,74
-1364.0,140
-1484.0,142
-1456.0,282
-1444.0,206
-1404.0,268
-1424.0,188
-1512.0,138
-1500.0,82
-1376.0,114
-1280.0,96
-1432.0,-8
-1388.0,-80
-1308.0,-128
-1356.0,-170
-1280.0,-132
-1372.0,-64
-1356.0,-30
-1388.0,-18
-1340.0,-98
-1356.0,-42
-1392.0,-96
-1252.0,24
-1424.0,-14
-1368.0,-150
-1268.0,-76
-1444.0,-182
-1380.0,-194
-1340.0,-190
-1512.0,-116
-1400.0,18
-1352.0,74
-1400.0,-6
-1516.0,48
-1472.0,60
-1396.0,32
-1256.0,90
-1460.0,110
-1364.0,20
-1336.0,-36
-1392.0,-34
-1372.0,-82
-1336.0,-22
-1268.0,44
-1392.0,82
-1460.0,150
-1260.0,196
-1416.0,60
-1296.0,64
-1260.0,-66
-1412.0,2
-1408.0,104
-1384.0,-6
-1456.0,14
-1448.0,8
-1516.0,-62
-1524.0,50
-1368.0,88
-1492.0,66
-1488.0,146
-1368.0,112
-1288.0,242
-1484.0,238
-1296.0,170
-1336.0,4
-1364.0,96
-1324.0,52
-1324.0,-40
-1344.0,-64
-1440.0,-132
-1400.0,-104
-1552.0,-30
-1492.0,-48
-1456.0,10
-1408.0,28
-1436.0,8
-1528.0,-136
-1528.0,-8
-1324.0,-60
-1360.0,-82
-1352.0,-38
-1436.0,-16
-1432.0,-60
-1420.0,-90
-1432.0,-36
-1408.0,-122
-1268.0,-104
-1292.0,-220
-1300.0,-156
-1440.0,-190
-1388.0,-74
-1424.0,-60
-1420.0,-56
-1496.0,-90
-1408.0,16
-1348.0,108
-1376.0,72
-1448.0,142
-1372.0,156
-1408.0,250
-1392.0,56
-1320.0,56
-1136.0,14
-1356.0,26
-1408.0,102
-1296.0,46
-1228.0,72
-1312.0,-32
-1316.0,-14
-1540.0,-20
-1552.0,-28
-1440.0,-50
-1360.0,-32
-1424.0,22
-1312.0,-28
-1376.0,-42
-1316.0,-26
-1328.0,128
-1388.0,220
-1364.0,122
-1388.0,62
-1324.0,12
-1396.0,18
-1352.0,-88
-1428.0,10
-1344.0,-96
-1352.0,-62
-1308.0,12
-1448.0,150
-1364.0,174
-1284.0,100
-1360.0,92
-1424.0,92
-1508.0,70
-1300.0,8
-1296.0,54
-1276.0,60
-1372.0,134
-1288.0,64
-1360.0,0
-1340.0,-4
-1380.0,12
-1392.0,158
-1496.0,72
-1404.0,88
-1308.0,6
-1344.0,-2
-1424.0,-56
-1316.0,26
-1364.0,-84
-1456.0,2
-1424.0,104
-1248.0,52
-1384.0,114
-1404.0,108
-1348.0,58
-1320.0,124
-1384.0,32
-1312.0,90
-1364.0,90
-1504.0,14
-1408.0,88
-1348.0,102
-1316.0,-64
-1480.0,30
-1364.0,66
-1272.0,120
-1332.0,90
-1328.0,-38
-1476.0,-10
-1264.0,66
-1400.0,-54
-1372.0,-32
-1440.0,-20
-1332.0,32
-1332.0,92
-1332.0,68
-1544.0,232
-1524.0,120
-1380.0,164
-1408.0,174
-1300.0,-22
-1236.0,68
-1288.0,-98
-1268.0,-38
-1400.0,80
-1280.0,72
-1252.0,64
-1256.0,86
-1524.0,118
-1432.0,70
-1372.0,16
-1376.0,14
-1212.0,16
-1344.0,32
-1408.0,46
-1576.0,-14
-1428.0,58
-1436.0,52
-1288.0,78
-1404.0,156
-1500.0,164
-1448.0,78
-1424.0,-52
-1440.0,-6
-1412.0,90
-1428.0,130
-1372.0,168
-1240.0,128
-1244.0,92
-1308.0,10
-1316.0,180
-1268.0,110
-1356.0,-110
-1300.0,-128
-1480.0,-230
-1400.0,-260
-1504.0,-256
-1388.0,-110
-1436.0,-98
-1372.0,-48
-1384.0,-96
-1452.0,42
-1372.0,44
-1320.0,56
-1364.0,56
-1420.0,32
-1356.0,-2
-1444.0,-98
-1372.0,54
-1364.0,36
-1364.0,134
-1400.0,114
-1400.0,140
-1488.0,4
-1408.0,-12
-1548.0,-20
-1472.0,-30
-1400.0,-110
-1344.0,-50
-1328.0,-44
-1472.0,14
-1440.0,-18
-1396.0,62
-1316.0,28
-1308.0,144
-1376.0,138
-1456.0,168
-1404.0,170
-1412.0,78
-1308.0,16
-1344.0,34
-1288.0,8
-1352.0,-80
-1324.0,-82
-1392.0,20
-1384.0,-90
-1292.0,-74
-1316.0,-38
-1236.0,-76
-1368.0,-44
-1480.0,-56
-1476.0,-134
-1496.0,-172
-1516.0,-44
-1484.0,-164
-1380.0,-100
-1420.0,-190
-1276.0,-184
-1472.0,-206
-1380.0,-116
-1564.0,-118
-1384.0,-46
-1376.0,64
-1460.0,20
-1352.0,6
-1344.0,20
-1276.0,14
-1516.0,-26
-1588.0,-98
-1396.0,-86
-1416.0,-42
-1360.0,38
-1296.0,94
-1324.0,138
-1448.0,22
-1508.0,12
-1380.0,120
-1408.0,148
-1348.0,-18
-1540.0,124
-1472.0,42
-1544.0,-70
-1460.0,-32
-1396.0,-112
-1412.0,-34
-1524.0,-140
-1484.0,-74
-1372.0,-96
-1268.0,-32
-1336.0,60
-1404.0,134
-1416.0,146
-1344.0,70
-1376.0,234
-1316.0,104
-1404.0,116
-1608.0,40
-1368.0,18
-1572.0,128
-1332.0,142
-1412.0,-8
-1372.0,168
-1284.0,106
-1404.0,-24
-1356.0,-24
-1328.0,48
-1564.0,-24
-1320.0,38
-1204.0,104
-1420.0,174
-1464.0,10
-1336.0,-22
-1308.0,-32
-1360.0,70
-1444.0,-58
-1332.0,-58
-1400.0,-128
-1460.0,-26
-1300.0,-26
-1332.0,64
-1360.0,10
-1276.0,-34
-1468.0,-118
-1428.0,-156
-1312.0,-210
-1384.0,-68
-1344.0,-30
-1424.0,-20
-1456.0,68
-1544.0,48
-1412.0,36
-1344.0,116
-1332.0,56
-1300.0,-36
-1412.0,-76
-1468.0,-50
-1424.0,-80
-1408.0,-62
-1464.0,-104
-1456.0,-126
-1360.0,-12
-1320.0,16
-1304.0,6
-1352.0,118
-1368.0,-26
-1188.0,-180
-1328.0,-140
-1312.0,-120
-1416.0,-42
-1384.0,-108
-1288.0,-78
-1312.0,12
-1300.0,50
-1268.0,-22
-1380.0,-64
-1352.0,-86
-1232.0,-116
-1500.0,-130
-1436.0,-120
-1384.0,-96
-1360.0,-24
-1424.0,-76
-1140.0,26
-1400.0,38
-1248.0,-216
-1480.0,-112
-1392.0,-132
-1340.0,-114
-1356.0,-136
-1444.0,-10
-1400.0,10
-1400.0,74
-1436.0,70
-1368.0,142
-1396.0,-48
-1244.0,-40
-1400.0,106
-1492.0,134
-1352.0,116
-1384.0,64
-1416.0,64
-1392.0,30
-1448.0,-4
-1352.0,-70
-1412.0,-22
-1364.0,-18
-1552.0,80
-1572.0,22
-1600.0,-8
-1528.0,-58
-1436.0,-6
-1336.0,-76
-1352.0,-70
-1384.0,-158
-1212.0,-88
-1284.0,-10
-1400.0,-36
-1340.0,40
-1372.0,114
-1308.0,102
-1372.0,52
-1324.0,62
-1376.0,-40
-1344.0,-46
-1388.0,76
-1352.0,58
-1336.0,76
-1232.0,108
-1248.0,88
-1344.0,40
-1324.0,-18
-1320.0,28
-1336.0,-74
-1300.0,-106
-1496.0,-108
-1548.0,-82
-1484.0,-138
-1444.0,-164
-1520.0,-100
-1528.0,-92
-1448.0,-32
-1392.0,-26
-1452.0,90
-1364.0,138
-1452.0,96
-1452.0,70
-1400.0,136
-1420.0,160
-1332.0,160
-1284.0,156
-1376.0,152
-1332.0,244
-1368.0,146
-1480.0,76
-1212.0,136
-1404.0,162
-1428.0,86
-1412.0,88
-1356.0,62
-1284.0,92
-1320.0,130
-1372.0,50
-1392.0,48
-1520.0,4
-1444.0,-84
-1356.0,-76
-1344.0,-48
-1444.0,6
-1388.0,-68
-1320.0,-126
-1480.0,-86
-1328.0,-190
-1284.0,-122
-1404.0,-96
-1496.0,-52
-1420.0,-48
-1424.0,-30
-1332.0,50
-1320.0,50
-1196.0,70
-1272.0,76
-1296.0,4
-1336.0,6
-1352.0,4
-1288.0,26
-1352.0,-90
-1372.0,-90
-1316.0,-108
-1372.0,-152
-1512.0,-98
-1568.0,-114
-1480.0,-12
-1384.0,-30
-1324.0,-72
-1332.0,26
-1300.0,58
-1460.0,84
-1420.0,90
-1332.0,36
-1412.0,-50
-1320.0,-124
-1288.0,-114
-1404.0,-22
-1336.0,-28
-1388.0,-36
-1452.0,-30
-1496.0,44
-1220.0,-50
-1344.0,-52
-1324.0,-24
-1344.0,-38
-1372.0,22
-1348.0,96
-1444.0,-130
-1464.0,54
-1448.0,-138
-1448.0,-170
-1476.0,-120
-1472.0,-48
-1440.0,-82
-1428.0,-242
-1612.0,-124
-1400.0,30
-1548.0,64
-1400.0,18
-1444.0,-28
-1540.0,-114
-1520.0,-130
-1504.0,-74
-1496.0,-72
-1312.0,-22
-1432.0,-50
-1436.0,4
-1452.0,-28
-1436.0,-92
-1404.0,-112
-1460.0,-84
-1528.0,-58
-1424.0,34
-1380.0,40
-1336.0,52
-1332.0,190
-1344.0,140
-1340.0,68
-1420.0,-34
-1340.0,-48
-1392.0,10
-1232.0,-60
-1304.0,-118
-1352.0,-136
-1396.0,-14
-1332.0,42
-1272.0,4
-1392.0,34
-1400.0,-18
-1308.0,-124
-1384.0,-78
-1388.0,-30
-1388.0,-138
-1348.0,-80
-1388.0,-134
-1472.0,-132
-1512.0,-194
-1472.0,-84
-1400.0,-152
-1588.0,-50
-1640.0,-80
-1452.0,-26
-1460.0,100
-1392.0,4
-1396.0,74
-1352.0,-12
-1332.0,-42
-1360.0,18
-1352.0,28
-1296.0,74
-1428.0,60
-1448.0,132
-1396.0,38
-1340.0,-34
-1332.0,40
-1428.0,-36
-1344.0,10
-1436.0,44
-1416.0,-46
-1308.0,48
-1492.0,72
-1264.0,42
-1160.0,-8
-1192.0,82
-1408.0,-54
-1480.0,-96
-1372.0,20
-1280.0,92
-1524.0,50
-1396.0,-56
-1420.0,46
-1288.0,56
-1320.0,-18
-1260.0,-62
-1396.0,-120
-1356.0,-60
-1488.0,-116
-1396.0,-106
-1408.0,-154
-1376.0,-234
-1312.0,-126
-1244.0,-136
-1396.0,-138
-1504.0,-190
-1380.0,-68
-1312.0,-52
-1204.0,-40
-1356.0,-110
-1388.0,-154
-1416.0,-208
-1328.0,-98
-1412.0,22
-1404.0,46
-1448.0,90
-1508.0,-14
-1440.0,44
-1540.0,14
-1508.0,92
-1420.0,42
-1272.0,6
-1404.0,8
-1368.0,34
-1428.0,-44
-1604.0,-32
-1436.0,-26
-1412.0,92
-1392.0,74
-1312.0,-112
-1412.0,-6
-1416.0,46
-1396.0,86
-1372.0,52
-1472.0,-22
-1416.0,50
-1492.0,-44
-1476.0,-76
-1484.0,-60
-1388.0,-164
-1472.0,-98
-1344.0,-136
-1376.0,-136
-1296.0,-126
-1312.0,-32
-1472.0,-102
-1248.0,26
-1364.0,46
-1400.0,150
-1356.0,46
-1328.0,44
-1452.0,-42
-1400.0,0
-1348.0,24
-1312.0,26
-1452.0,58
-1392.0,-4
-1216.0,-30
-1332.0,-58
-1560.0,-26
-1512.0,62
-1376.0,46
-1304.0,-90
-1432.0,-190
-1448.0,-198
-1312.0,-226
-1308.0,-196
-1420.0,-86
-1420.0,-30
-1488.0,48
-1416.0,-38
-1276.0,-80
-1420.0,-80
-1396.0,-36
-1372.0,-12
-1392.0,82
-1252.0,120
-1408.0,82
-1408.0,94
-1296.0,94
-1300.0,112
-1380.0,90
-1436.0,92
-1412.0,124
-1448.0,176
-1356.0,32
-1532.0,24
-1340.0,-26
-1476.0,-60
-1408.0,-132
-1364.0,-128
-1456.0,-68
-1440.0,-136
-1496.0,-178
-1384.0,-140
-1528.0,-168
-1424.0,-152
-1416.0,-100
-1332.0,-150
-1460.0,-34
-1236.0,-40
-1236.0,-138
-1360.0,-112
-1312.0,-36
-1468.0,-152
-1484.0,-148
-1632.0,-72
-1520.0,-28
-1432.0,72
-1316.0,-22
-1372.0,156
-1208.0,150
-1356.0,198
-1364.0,116
-1256.0,-4
-1416.0,-44
-1428.0,-42
-1368.0,-114
-1220.0,-186
-1456.0,-204
-1388.0,48
-1404.0,58
-1260.0,-20
-1388.0,-104
-1480.0,-48
-1472.0,4
-1332.0,-76
-1304.0,90
-1360.0,180
-1392.0,78
-1396.0,108
-1236.0,136
-1400.0,164
-1416.0,260
-1324.0,192
-1480.0,128
-1428.0,260
-1368.0,376
-1356.0,222
-1308.0,170
-1196.0,150
-1232.0,204
-1328.0,260
-1324.0,180
-1564.0,202
-1612.0,214
-1428.0,112
-1404.0,22
-1488.0,-22
-1352.0,-20
-1372.0,-42
-1408.0,18
-1356.0,-34
-1472.0,76
-1380.0,-28
-1504.0,20
-1404.0,-48
-1428.0,-114
-1360.0,-48
-1368.0,-128
-1432.0,58
-1340.0,30
-1344.0,90
-1324.0,14
-1304.0,72
-1312.0,-28
-1484.0,-56
-1436.0,-32
-1348.0,0
-1436.0,-18
-1304.0,-94
-1380.0,-16
-1492.0,98
-1464.0,70
-1528.0,204
-1336.0,182
-1444.0,84
-1392.0,70
-1512.0,0
-1472.0,130
-1396.0,60
-1432.0,20
-1344.0,-60
-1344.0,-44
-1360.0,-48
-1516.0,-32
-1368.0,-92
-1444.0,-156
-1408.0,36
-1404.0,16
-1312.0,0
-1388.0,-70
-1396.0,-50
-1276.0,-74
-1440.0,8
-1332.0,-40
-1284.0,20
-1516.0,-120
-1332.0,-46
-1324.0,-20
-1220.0,54
-1328.0,-86
-1320.0,-94
-1516.0,-102
-1548.0,-110
-1464.0,94
-1364.0,110
-1344.0,128
-1396.0,48
-1320.0,40
-1244.0,16
-1532.0,-150
-1536.0,-136
-1428.0,-30
-1328.0,58
-1544.0,-36
-1496.0,-10
-1368.0,-74
-1440.0,-48
-1572.0,4
-1420.0,-98
-1448.0,-168
-1440.0,-86
-1252.0,-140
-1388.0,-182
-1488.0,-144
-1440.0,-58
-1488.0,10
-1292.0,-12
-1396.0,-14
-1396.0,8
-1520.0,-72
-1312.0,2
-1348.0,8
-1332.0,66
-1344.0,20
-1380.0,-92
-1496.0,-140
-1432.0,-162
-1380.0,4
-1436.0,24
-1300.0,112
-1388.0,140
-1376.0,30
-1352.0,74
-1352.0,38
-1392.0,-62
-1428.0,-100
-1356.0,-32
-1344.0,44
-1308.0,106
-1344.0,180
-1552.0,116
-1468.0,160
-1504.0,74
-1344.0,90
-1532.0,-30
-1320.0,46
-1496.0,48
-1380.0,136
-1408.0,44
-1316.0,-8
-1272.0,-130
-1388.0,-72
-1388.0,-100
-1364.0,-62
-1360.0,-26
-1308.0,-26
-1492.0,-86
-1440.0,-162
-1340.0,-120
-1468.0,-108
-1464.0,-132
-1460.0,-230
-1316.0,-180
-1304.0,-150
-1424.0,-52
-1436.0,-168
-1348.0,-188
-1596.0,-176
-1332.0,-76
-1348.0,-134
-1428.0,-204
-1480.0,-112
-1480.0,-6
-1396.0,76
-1528.0,-42
-1348.0,114
-1412.0,136
-1436.0,70
-1396.0,86
-1392.0,6
-1404.0,16
-1292.0,48
-1268.0,-38
-1376.0,68
-1504.0,96
-1480.0,90
-1424.0,74
-1480.0,20
-1348.0,18
-1268.0,-62
-1424.0,8
-1260.0,-102
-1320.0,-160
-1272.0,-160
-1412.0,-212
-1348.0,-114
-1440.0,-22
-1380.0,-104
-1320.0,74
-1216.0,28
-1224.0,30
-1368.0,142
-1372.0,270
-1328.0,256
-1420.0,202
-1412.0,208
-1404.0,182
-1496.0,92
-1440.0,8
-1408.0,30
-1440.0,-4
-1392.0,-48
-1344.0,-60
-1384.0,-46
-1316.0,-64
-1404.0,-118
-1332.0,-176
-1412.0,-134
-1288.0,-152
-1316.0,-188
-1364.0,-26
-1224.0,-80
-1244.0,10
-1308.0,-32
-1400.0,44
-1376.0,-26
-1260.0,-120
-1228.0,-24
-1344.0,-8
-1428.0,-12
-1320.0,104
-1336.0,144
-1332.0,18
-1452.0,-100
-1480.0,-160
-1452.0,-198
-1440.0,-146
-1424.0,-76
-1412.0,-48
-1300.0,-10
-1436.0,2
-1412.0,36
-1448.0,-6
-1336.0,-96
-1472.0,22
-1528.0,72
-1528.0,10
-1400.0,-74
-1448.0,54
-1256.0,8
-1448.0,-116
-1376.0,-108
-1600.0,-256
-1356.0,-288
-1380.0,-246
-1468.0,-150
-1336.0,-224
-1420.0,-200
-1440.0,-144
-1408.0,-136
-1456.0,-164
-1408.0,-128
-1388.0,-184
-1392.0,-180
-1368.0,-108
-1388.0,-72
-1432.0,10
-1464.0,24
-1480.0,8
-1560.0,-34
-1572.0,-118
-1408.0,-120
-1508.0,-242
-1492.0,-146
-1504.0,-76
-1496.0,58
-1456.0,94
-1464.0,128
-1456.0,284
-1612.0,292
-1640.0,298
-1468.0,260
-1400.0,158
-1484.0,86
-1616.0,-38
-1412.0,-4
-1400.0,-24
-1376.0,-14
-1192.0,-20
-1316.0,36
-1456.0,128
-1360.0,36
-1428.0,20
-1404.0,-14
-1456.0,88
-1508.0,-22
-1472.0,-30
-1276.0,-42
-1288.0,74
-1432.0,114
-1372.0,-76
-1396.0,-58
-1392.0,122
-1416.0,270
-1384.0,198
-1388.0,4
-1376.0,52
-1384.0,46
-1236.0,48
-1380.0,12
-1344.0,-30
-1404.0,-30
-1276.0,-106
-1424.0,-62
-1448.0,-44
-1504.0,-4
-1364.0,112
-1428.0,100
-1288.0,136
-1236.0,152
-1372.0,292
-1300.0,194
-1324.0,72
-1400.0,108
-1516.0,102
-1660.0,126
-1552.0,50
-1520.0,22
-1404.0,-28
-1300.0,-84
-1404.0,-122
-1432.0,-44
-1432.0,68
-1496.0,-38
-1352.0,0
-1320.0,84
-1460.0,142
-1428.0,98
-1376.0,90
-1344.0,58
-1512.0,106
-1512.0,136
-1456.0,68
-1392.0,84
-1344.0,78
-1380.0,26
-1420.0,46
-1472.0,14
-1364.0,62
-1488.0,88
-1328.0,0
-1368.0,48
-1288.0,-26
-1508.0,-42
-1300.0,32
-1464.0,-6
-1360.0,46
-1264.0,30
-1384.0,-62
-1380.0,-34
-1384.0,-66
-1340.0,-110
-1408.0,-60
-1452.0,-64
-1448.0,40
-1476.0,114
-1404.0,128
-1472.0,-68
-1424.0,-38
-1400.0,-96
-1360.0,-66
-1464.0,18
-1432.0,-116
-1308.0,-24
-1396.0,50
-1380.0,-12
-1388.0,26
-1268.0,42
-1496.0,78
-1496.0,54
-1492.0,8
-1492.0,30
-1476.0,156
-1444.0,96
-1528.0,80
-1480.0,50
-1400.0,56
-1352.0,68
-1408.0,94
-1348.0,48
-1320.0,104
-1348.0,90
-1272.0,-30
-1300.0,-10
-1448.0,-26
-1328.0,26
-1456.0,-114
-1372.0,-168
-1344.0,-50
-1304.0,-58
-1516.0,-42
-1356.0,-44
-1460.0,36
-1524.0,66
-1368.0,-10
-1284.0,-22
-1360.0,76
-1252.0,-16
-1416.0,-140
-1472.0,-42
-1484.0,-54
-1460.0,-30
-1392.0,10
-1424.0,-4
-1304.0,176
-1324.0,64
-1400.0,-38
-1368.0,98
-1408.0,194
-1460.0,126
-1404.0,122
-1312.0,-40
-1304.0,-86
-1444.0,-36
-1344.0,36
-1472.0,54
-1460.0,108
-1520.0,-16
-1540.0,40
-1404.0,-40
-1276.0,-124
-1300.0,-94
-1408.0,-94
-1392.0,-74
-1336.0,-104
-1292.0,-60
-1320.0,-54
-1308.0,28
-1320.0,-104
-1156.0,-106
-1320.0,-82
-1312.0,-26
-1348.0,-32
-1560.0,-26
-1588.0,-12
-1512.0,-14
-1408.0,-50
-1524.0,-118
-1424.0,-168
-1408.0,-124
-1340.0,-84
-1452.0,-116
-1332.0,-176
-1316.0,-100
-1252.0,-84
-1344.0,-4
-1376.0,-86
-1264.0,18
-1360.0,20
-1328.0,114
-1408.0,138
-1284.0,168
-1452.0,72
-1356.0,124
-1532.0,106
-1432.0,-94
-1548.0,-34
-1420.0,-44
-1592.0,-30
-1532.0,-60
-1460.0,122
-1232.0,36
-1292.0,62
-1436.0,-20
-1416.0,10
-1516.0,-116
-1480.0,-146
-1504.0,-170
-1400.0,-100
-1392.0,-30
-1296.0,-30
-1328.0,-62
-1244.0,-16
-1384.0,-100
-1368.0,-128
-1428.0,-164
-1300.0,-214
-1396.0,-136
-1428.0,50
-1416.0,176
-1360.0,62
-1432.0,30
-1444.0,-24
-1492.0,78
-1460.0,-14
-1432.0,50
-1408.0,-26
-1512.0,-30
-1376.0,0
-1348.0,-64
-1368.0,-112
-1240.0,-102
-1308.0,-86
-1264.0,-32
-1508.0,-66
-1420.0,-38
-1396.0,26
-1368.0,-16
-1420.0,-48
-1372.0,-130
-1356.0,-32
-1308.0,122
-1352.0,150
-1364.0,222
-1328.0,172
-1320.0,100
-1328.0,64
-1340.0,48
-1428.0,58
-1364.0,48
-1312.0,-4
-1372.0,12
-1292.0,68
-1452.0,116
-1308.0,6
-1396.0,-50
-1512.0,86
-1404.0,126
-1348.0,108
-1332.0,152
-1420.0,198
-1436.0,152
-1452.0,64
-1404.0,174
-1592.0,132
-1360.0,18
-1504.0,10
-1384.0,30
-1356.0,16
-1436.0,52
-1224.0,216
-1248.0,242
-1544.0,194
-1444.0,114
-1216.0,136
-1484.0,230
-1484.0,316
-1360.0,312
-1364.0,400
-1288.0,220
-1472.0,202
-1388.0,164
-1380.0,152
-1384.0,146
-1564.0,118
-1524.0,160
-1564.0,36
-1340.0,8
-1396.0,-10
-1428.0,-100
-1524.0,52
-1424.0,-10
-1448.0,136
-1592.0,112
-1404.0,96
-1196.0,100
-1228.0,70
-1308.0,-58
-1320.0,50
-1428.0,-8
-1364.0,-26
-1400.0,-42
-1308.0,-36
-1268.0,26
-1284.0,78
-1304.0,74
-1268.0,-54
-1348.0,-170
-1380.0,-116
-1504.0,-90
-1568.0,26
-1448.0,28
-1380.0,12
-1328.0,4
-1372.0,42
-1428.0,44
-1472.0,-48
-1464.0,26
-1396.0,36
-1368.0,130
-1456.0,66
-1376.0,134
-1264.0,34
-1400.0,-10
-1304.0,-38
-1344.0,-14
-1408.0,-22
-1372.0,-66
-1264.0,64
-1204.0,-124
-1412.0,-112
-1400.0,-28
-1420.0,102
-1436.0,18
-1428.0,-10
-1408.0,-106
-1276.0,-22
-1416.0,-90
-1408.0,-246
-1400.0,-282
-1504.0,-232
-1468.0,-176
-1372.0,-100
-1544.0,-110
-1452.0,-114
-1592.0,-174
-1572.0,-162
-1568.0,-120
-1492.0,-50
-1412.0,-128
-1340.0,-154
-1264.0,-90
-1396.0,-68
-1396.0,-58
-1356.0,-88
-1200.0,-118
-1384.0,-170
-1292.0,-140
-1476.0,-22
-1360.0,-40
-1260.0,-6
-1416.0,-24
-1436.0,50
-1308.0,46
-1372.0,52
-1328.0,38
-1428.0,172
-1468.0,186
-1424.0,110
-1420.0,94
-1592.0,32
-1560.0,30
-1500.0,-32
-1424.0,-90
-1584.0,-132
-1528.0,-168
-1416.0,-184
-1396.0,-230
-1404.0,-186
-1464.0,-148
-1364.0,-132
-1412.0,-160
-1424.0,-194
-1356.0,-314
-1384.0,-228
-1436.0,-130
-1400.0,-74
-1384.0,30
-1432.0,74
-1500.0,134
-1344.0,66
-1380.0,40
-1360.0,-164
-1440.0,-132
-1372.0,-160
-1544.0,-210
-1540.0,-154
-1372.0,-86
-1464.0,-132
-1300.0,-12
-1412.0,-12
-1468.0,-48
-1268.0,-14
-1380.0,-90
-1336.0,-86
-1252.0,-48
-1292.0,-34
-1332.0,-54
-1480.0,-34
-1332.0,32
-1384.0,-8
-1256.0,-44
-1212.0,-180
-1256.0,-112
-1268.0,-22
-1424.0,-32
-1184.0,-78
-1308.0,52
-1304.0,-58
-1360.0,18
-1460.0,-42
-1340.0,2
-1324.0,-28
-1388.0,12
-1280.0,50
-1360.0,170
-1488.0,186
-1396.0,72
-1424.0,106
-1368.0,56
-1424.0,44
-1460.0,-18
-1360.0,14
-1316.0,90
-1232.0,-2
-1364.0,-36
-1348.0,-82
-1424.0,-72
-1408.0,-74
-1464.0,-12
-1404.0,36
-1436.0,66
-1420.0,58
-1364.0,70
-1324.0,-14
-1304.0,20
-1320.0,46
-1240.0,-16
-1292.0,90
-1308.0,46
-1408.0,28
-1268.0,-20
-1420.0,76
-1408.0,32
-1324.0,-50
-1344.0,-104
-1312.0,-78
-1460.0,-130
-1384.0,28
-1380.0,-8
-1416.0,88
-1488.0,128
-1396.0,132
-1432.0,-16
-1364.0,92
-1320.0,34
-1468.0,-10
-1432.0,-12
-1332.0,92
-1392.0,76
-1440.0,38
-1380.0,34
-1352.0,-68
-1268.0,40
-1388.0,70
-1548.0,8
-1464.0,48
-1344.0,62
-1368.0,140
-1368.0,218
-1376.0,272
-1304.0,260
-1296.0,162
-1372.0,202
-1316.0,160
-1348.0,128
-1380.0,-26
-1488.0,48
-1492.0,38
-1308.0,136
-1396.0,130
-1284.0,108
-1336.0,-40
-1428.0,14
-1432.0,70
-1524.0,176
-1348.0,68
-1484.0,64
-1336.0,-48
-1508.0,-124
-1372.0,-178
-1332.0,-76
-1368.0,-18
-1376.0,-52
-1348.0,-34
-1336.0,-32
-1440.0,12
-1432.0,70
-1388.0,38
-1448.0,54
-1400.0,-70
-1456.0,32
-1476.0,66
-1436.0,-14
-1352.0,104
-1312.0,54
-1208.0,-118
-1432.0,-20
-1376.0,10
-1404.0,-84
-1360.0,138
-1388.0,58
-1372.0,102
-1392.0,100
-1248.0,82
-1404.0,174
-1276.0,20
-1384.0,-8
-1404.0,-76
-1300.0,-88
-1364.0,-166
-1416.0,-228
-1452.0,-118
-1256.0,28
-1416.0,-114
-1212.0,-82
-1296.0,4
-1396.0,46
-1392.0,-24
-1244.0,104
-1356.0,108
-1300.0,192
-1332.0,126
-1392.0,122
-1412.0,124
-1356.0,48
-1292.0,-66
-1444.0,-78
-1468.0,-14
-1368.0,52
-1248.0,-8
-1412.0,-16
-1464.0,18
-1476.0,36
-1472.0,250
-1472.0,180
-1304.0,58
-1476.0,-120
-1256.0,-58
-1436.0,-126
-1436.0,10
-1252.0,-50
-1392.0,18
-1444.0,-38
-1344.0,30
-1288.0,32
-1380.0,40
-1356.0,60
-1500.0,0
-1340.0,136
-1352.0,104
-1304.0,28
-1280.0,8
-1316.0,68
-1208.0,38
-1368.0,70
-1308.0,18
-1480.0,122
-1368.0,0
-1244.0,-14
-1448.0,106
-1460.0,122
-1364.0,70
-1300.0,112
-1340.0,50
-1380.0,86
-1300.0,94
-1268.0,12
-1468.0,-30
-1452.0,50
-1360.0,64
-1460.0,50
-1488.0,70
-1456.0,-18
-1260.0,66
-1476.0,6
-1428.0,-12
-1448.0,-8
-1368.0,34
-1308.0,-34
-1372.0,0
-1284.0,-4
-1428.0,-12
-1420.0,22
-1456.0,90
-1488.0,78
-1320.0,-80
-1348.0,-176
-1328.0,-48
-1384.0,12
-1304.0,-14
-1468.0,-64
-1368.0,-62
-1344.0,-90
-1412.0,-30
-1448.0,-14
-1400.0,-62
-1504.0,32
-1504.0,68
-1340.0,30
-1532.0,62
-1416.0,-12
-1348.0,-34
-1488.0,134
-1448.0,154
-1416.0,174
-1416.0,226
-1460.0,104
-1436.0,112
-1468.0,-40
-1364.0,124
-1360.0,186
-1324.0,50
-1428.0,-12
-1348.0,-44
-1260.0,-76
-1268.0,-30
-1268.0,-34
-1308.0,36
-1380.0,48
-1324.0,16
-1456.0,-114
-1332.0,-148
-1460.0,-142
-1336.0,-184
-1372.0,-136
-1480.0,-78
-1572.0,-232
-1448.0,-258
-1460.0,-148
-1380.0,-64
-1492.0,-82
-1504.0,-52
-1452.0,-152
-1280.0,-88
-1272.0,4
-1416.0,-48
-1384.0,-72
-1412.0,-26
-1284.0,-46
-1348.0,-60
-1304.0,-104
-1428.0,-72
-1324.0,-120
-1344.0,-2
-1332.0,-46
-1248.0,16
-1152.0,-126
-1324.0,-4
-1188.0,-64
-1328.0,-92
-1300.0,-26
-1268.0,52
-1336.0,-6
-1432.0,76
-1412.0,80
-1408.0,82
-1460.0,48
-1484.0,118
-1284.0,200
-1348.0,20
-1340.0,-82
-1328.0,-2
-1524.0,54
-1452.0,206
-1412.0,102
-1220.0,22
-1248.0,32
-1308.0,-130
-1248.0,-94
-1232.0,-62
-1260.0,-8
-1344.0,-4
-1312.0,-12
-1316.0,114
-1152.0,110
-1260.0,32
-1380.0,0
-1384.0,-100
-1416.0,-98
-1224.0,-22
-1320.0,-10
-1316.0,-80
-1396.0,-84
-1400.0,-62
-1592.0,-34
-1500.0,58
-1312.0,46
-1096.0,112
-1360.0,-58
-1384.0,-178
-1428.0,-154
-1376.0,-134
-1340.0,-188
-1320.0,-96
-1372.0,54
-1552.0,108
-1504.0,158
-1424.0,80
-1536.0,48
-1532.0,12
-1384.0,-44
-1484.0,98
-1460.0,-20
-1476.0,-76
-1400.0,-182
-1460.0,-178
-1388.0,-48
-1344.0,84
-1368.0,92
-1180.0,94
-1340.0,112
-1420.0,48
-1388.0,142
-1388.0,114
-1340.0,86
-1448.0,174
-1460.0,132
-1372.0,100
-1420.0,90
-1400.0,46
-1404.0,8
-1464.0,84
-1488.0,114
-1356.0,44
-1324.0,-14
-1400.0,26
-1292.0,-114
-1428.0,-68
-1400.0,-144
-1420.0,-118
-1316.0,-30
-1416.0,90
-1188.0,72
-1264.0,46
-1344.0,8
-1368.0,104
-1276.0,52
-1280.0,-10
-1248.0,8
-1324.0,154
-1340.0,36
-1496.0,42
-1448.0,88
-1300.0,22
-1212.0,-202
-1484.0,-178
-1444.0,-136
-1304.0,-48
-1452.0,-72
-1444.0,-22
-1540.0,-8
-1488.0,8
-1324.0,-48
-1472.0,-42
-1316.0,-110
-1464.0,56
-1400.0,80
-1372.0,70
-1392.0,82
-1420.0,110
-1364.0,8
-1312.0,0
-1412.0,-48
-1596.0,-26
-1512.0,-78
-1492.0,-34
-1344.0,14
-1448.0,144
-1320.0,130
-1364.0,196
-1468.0,192
-1376.0,194
-1424.0,34
-1424.0,-62
-1484.0,-42
-1388.0,-28
-1480.0,-118
-1360.0,-86
-1252.0,-82
-1360.0,-84
-1392.0,22
-1468.0,-4
-1380.0,72
-1440.0,116
-1344.0,-46
-1320.0,54
-1440.0,-36
-1344.0,-8
-1432.0,0
-1400.0,-94
-1420.0,-34
-1376.0,-42
-1424.0,4
-1396.0,32
-1336.0,-18
-1392.0,-26
-1324.0,-18
-1388.0,44
-1460.0,102
-1436.0,128
-1348.0,-10
-1348.0,22
-1492.0,38
-1456.0,8
-1576.0,-76
-1440.0,-66
-1404.0,-92
-1324.0,-24
-1372.0,6
-1468.0,64
-1420.0,8
-1424.0,-44
-1396.0,-4
-1404.0,52
-1396.0,166
-1276.0,114
-1396.0,4
-1480.0,46
-1336.0,52
-1280.0,-16
-1332.0,-32
-1344.0,-12
-1476.0,60
-1424.0,42
-1336.0,-10
-1412.0,-74
-1476.0,96
-1504.0,154
-1464.0,162
-1428.0,122
-1468.0,198
-1328.0,180
-1428.0,174
-1440.0,184
-1340.0,222
-1384.0,216
-1368.0,226
-1336.0,108
-1440.0,108
-1612.0,-42
-1524.0,-84
-1560.0,-80
-1500.0,70
-1424.0,-8
-1240.0,-54
-1352.0,-12
-1504.0,80
-1184.0,8
-1344.0,-52
-1340.0,4
-1408.0,144
-1388.0,110
-1300.0,148
-1332.0,146
-1368.0,90
-1348.0,214
-1356.0,234
-1440.0,252
-1484.0,336
-1516.0,334
-1380.0,278
-1652.0,342
-1420.0,306
-1504.0,290
-1356.0,278
-1424.0,156
-1408.0,130
-1388.0,198
-1408.0,174
-1380.0,10
-1424.0,-46
-1412.0,-162
-1444.0,-70
-1500.0,-126
-1668.0,-90
-1648.0,26
-1436.0,-8
-1444.0,-30
-1368.0,-20
-1348.0,-92
-1408.0,48
-1516.0,-34
-1460.0,80
-1456.0,-62
-1368.0,0
-1296.0,-52
-1352.0,-160
-1268.0,-82
-1532.0,-162
-1424.0,-86
-1284.0,-24
-1224.0,-62
-1288.0,8
-1340.0,46
-1268.0,74
-1240.0,-4
-1372.0,-76
-1468.0,-18
-1412.0,-10
-1424.0,64
-1556.0,186
-1380.0,164
-1436.0,148
-1432.0,212
-1360.0,164
-1304.0,152
-1356.0,142
-1420.0,224
-1400.0,226
-1356.0,182
-1548.0,118
-1448.0,-44
-1412.0,96
-1320.0,100
-1464.0,54
-1428.0,22
-1284.0,84
-1444.0,132
-1364.0,40
-1524.0,-80
-1448.0,-104
-1412.0,-52
-1304.0,-44
-1344.0,-22
-1372.0,44
-1452.0,152
-1472.0,132
-1440.0,56
-1652.0,34
-1428.0,12
-1464.0,116
-1536.0,62
-1464.0,170
-1224.0,226
-1348.0,154
-1412.0,34
-1392.0,-22
-1328.0,-122
-1228.0,-116
-1360.0,-56
-1548.0,-124
-1524.0,-100
-1524.0,-146
-1460.0,-62
-1408.0,-38
-1276.0,-44
-1344.0,14
-1512.0,20
-1380.0,2
-1436.0,-94
-1400.0,-196
-1392.0,-210
-1324.0,-76
-1404.0,-176
-1512.0,-232
-1540.0,-174
-1324.0,-196
-1440.0,-108
-1308.0,90
-1264.0,34
-1312.0,96
-1252.0,14
-1232.0,-24
-1380.0,26
-1216.0,-78
-1404.0,-74
-1360.0,-12
-1508.0,-24
-1396.0,54
-1288.0,-38
-1280.0,-38
-1328.0,-2
-1376.0,-30
-1412.0,40
-1484.0,-46
-1272.0,38
-1328.0,-14
-1364.0,-66
-1352.0,-136
-1316.0,4
-1420.0,146
-1368.0,38
-1432.0,58
-1336.0,-78
-1368.0,-40
-1400.0,-6
-1456.0,-48
-1444.0,-100
-1436.0,-60
-1312.0,-58
-1364.0,-100
-1488.0,-122
-1284.0,6
-1352.0,-58
-1440.0,-70
-1352.0,-96
-1432.0,-16
-1392.0,-2
-1352.0,-42
-1320.0,62
-1432.0,52
-1360.0,-46
-1352.0,-50
-1344.0,-40
-1420.0,14
-1328.0,-36
-1440.0,-80
-1264.0,36
-1372.0,46
-1180.0,22
-1372.0,18
-1236.0,100
-1252.0,46
-1408.0,54
-1352.0,162
-1308.0,188
-1320.0,166
-1428.0,42
-1228.0,18
-1356.0,-56
-1364.0,50
-1424.0,-2
-1368.0,106
-1360.0,44
-1484.0,34
-1552.0,-10
-1460.0,26
-1396.0,78
-1408.0,48
-1436.0,-88
-1312.0,-10
-1384.0,56
-1252.0,-22
-1468.0,-66
-1180.0,-110
-1408.0,-114
-1336.0,-94
-1536.0,92
-1300.0,84
-1320.0,52
-1280.0,-10
-1368.0,36
-1256.0,22
-1248.0,-4
-1232.0,-84
-1264.0,-46
-1516.0,-108
-1568.0,-146
-1488.0,-150
-1364.0,-16
-1364.0,10
-1364.0,54
-1448.0,94
-1344.0,-22
-1420.0,-28
-1300.0,-58
-1268.0,-114
-1412.0,-98
-1364.0,48
-1380.0,-92
-1416.0,-22
-1388.0,-20
-1460.0,10
-1340.0,96
-1368.0,246
-1304.0,286
-1300.0,106
-1512.0,176
-1436.0,50
-1404.0,48
-1432.0,-28
-1376.0,52
-1428.0,10
-1392.0,-74
-1368.0,40
-1380.0,26
-1408.0,60
-1208.0,2
-1328.0,-36
-1288.0,8
-1284.0,58
-1456.0,114
-1444.0,-36
-1440.0,-76
-1488.0,-30
-1204.0,-28
-1368.0,24
-1328.0,-32
-1372.0,-130
-1380.0,-120
-1508.0,12
-1324.0,4
-1308.0,32
-1320.0,-20
-1368.0,-220
-1504.0,-168
-1388.0,-118
-1412.0,-148
-1432.0,-188
-1460.0,-134
-1452.0,-112
-1480.0,-48
-1508.0,-56
-1484.0,-40
-1424.0,-20
-1368.0,-22
-1412.0,-12
-1424.0,16
-1372.0,-30
-1468.0,20
-1500.0,-38
-1328.0,34
-1388.0,28
-1528.0,154
-1392.0,118
-1348.0,160
-1540.0,160
-1304.0,-50
-1272.0,-22
-1188.0,-8
-1304.0,32
-1304.0,186
-1372.0,96
-1384.0,122
-1424.0,94
-1544.0,52
-1340.0,76
-1388.0,-72
-1332.0,-54
-1316.0,-84
-1144.0,-100
-1412.0,6
-1492.0,42
-1392.0,72
-1324.0,-44
-1484.0,-84
-1408.0,-72
-1268.0,54
-1292.0,46
-1432.0,-10
-1476.0,-156
-1388.0,-88
-1432.0,-102
-1524.0,-88
-1364.0,-234
-1176.0,-192
-1488.0,-226
-1456.0,-76
-1468.0,-124
-1440.0,18
-1388.0,14
-1308.0,96
-1388.0,82
-1316.0,82
-1344.0,-58
-1388.0,-76
-1340.0,-96
-1440.0,-138
-1380.0,14
-1284.0,-52
-1348.0,-86
-1452.0,-92
-1416.0,-70
-1372.0,-24
-1368.0,-36
-1268.0,-80
-1292.0,12
-1232.0,-78
-1364.0,-18
-1380.0,-48
-1356.0,-42
-1420.0,-156
-1428.0,-118
-1356.0,-42
-1440.0,18
-1372.0,52
-1420.0,102
-1340.0,22
-1420.0,128
-1384.0,164
-1368.0,40
-1464.0,76
-1400.0,42
-1392.0,-74
-1344.0,-26
-1464.0,-8
-1396.0,-126
-1420.0,-92
-1372.0,-198
-1404.0,-8
-1408.0,100
-1328.0,120
-1360.0,70
-1276.0,120
-1276.0,126
-1364.0,256
-1316.0,318
-1272.0,272
-1276.0,268
-1428.0,274
-1472.0,234
-1540.0,172
-1396.0,226
-1412.0,72
-1380.0,54
-1296.0,52
-1360.0,48
-1408.0,78
-1272.0,54
-1264.0,156
-1304.0,76
-1408.0,68
-1388.0,34
-1360.0,62
-1500.0,16
-1460.0,42
-1376.0,20
-1292.0,50
-1388.0,-2
-1440.0,-50
-1328.0,-20
-1440.0,28
-1456.0,-10
-1496.0,-94
-1336.0,-188
-1324.0,-122
-1320.0,-70
-1380.0,36
-1356.0,132
-1512.0,58
-1600.0,244
-1444.0,118
-1380.0,60
-1404.0,0
-1436.0,-32
-1496.0,-96
-1440.0,-50
-1356.0,-74
-1420.0,22
-1332.0,-42
-1416.0,50
-1484.0,-54
-1396.0,-76
-1312.0,-116
-1348.0,-62
-1468.0,-66
-1436.0,-108
-1580.0,-8
-1400.0,124
-1380.0,14
-1456.0,4
-1316.0,-62
-1504.0,38
-1340.0,56
-1332.0,140
-1388.0,94
-1340.0,-2
-1336.0,42
-1472.0,-12
-1592.0,12
-1400.0,104
-1384.0,54
-1520.0,56
-1368.0,0
-1224.0,-44
-1416.0,-102
-1336.0,-38
-1388.0,-202
-1324.0,-138
-1316.0,-70
-1472.0,-20
-1348.0,-12
-1364.0,132
-1436.0,62
-1392.0,64
-1448.0,50
-1584.0,72
-1448.0,-4
-1480.0,140
-1420.0,40
-1516.0,8
-1492.0,-90
-1484.0,-112
-1436.0,-70
-1400.0,-62
-1388.0,-176
-1352.0,-130
-1456.0,-236
-1432.0,-112
-1416.0,-20
-1484.0,86
-1448.0,52
-1412.0,142
-1396.0,170
-1488.0,36
-1484.0,140
-1328.0,-28
-1400.0,52
-1292.0,54
-1384.0,126
-1452.0,34
-1380.0,10
-1360.0,6
-1248.0,-48
-1424.0,6
-1532.0,-40
-1512.0,-148
-1436.0,-108
-1344.0,-98
-1300.0,-186
-1448.0,-144
-1428.0,-76
-1372.0,-106
-1388.0,-68
-1380.0,-196
-1300.0,-34
-1536.0,-70
-1560.0,-148
-1312.0,-52
-1356.0,-140
-1216.0,-50
-1340.0,-12
-1272.0,-26
-1344.0,-20
-1456.0,-2
-1316.0,74
-1468.0,198
-1448.0,132
-1408.0,284
-1376.0,244
-1352.0,152
-1320.0,288
-1480.0,112
-1448.0,62
-1500.0,30
-1520.0,52
-1452.0,-42
-1516.0,-114
-1412.0,-50
-1376.0,-76
-1464.0,-60
-1304.0,-48
-1524.0,-60
-1300.0,-110
-1372.0,-68
-1376.0,-76
-1340.0,-2
-1372.0,78
-1532.0,94
-1420.0,-14
-1448.0,110
-1380.0,62
-1284.0,30
-1380.0,-4
-1544.0,-82
-1548.0,-176
-1476.0,2
-1352.0,96
-1408.0,24
-1376.0,-26
-1500.0,94
-1512.0,18
-1372.0,-2
-1420.0,-8
-1388.0,22
-1384.0,66
-1400.0,86
-1356.0,46
-1468.0,18
-1468.0,-38
-1484.0,-88
-1348.0,-6
-1520.0,-222
-1380.0,-298
-1200.0,-272
-1316.0,-238
-1332.0,-162
-1336.0,-134
-1324.0,-104
-1404.0,-76
-1468.0,-76
-1320.0,-52
-1316.0,-104
-1220.0,2
-1504.0,-42
-1536.0,-70
-1328.0,-108
-1568.0,-58
-1484.0,-70
-1412.0,-122
-1356.0,-148
-1316.0,-146
-1348.0,-142
-1404.0,-68
-1444.0,4
-1540.0,46
-1520.0,-6
-1552.0,52
-1360.0,74
-1352.0,140
-1384.0,196
-1236.0,12
-1152.0,12
-1340.0,104
-1348.0,42
-1428.0,50
-1356.0,68
-1396.0,46
-1476.0,114
-1380.0,20
-1452.0,26
-1528.0,-24
-1448.0,-64
-1304.0,-102
-1464.0,-74
-1368.0,-22
-1420.0,-58
-1156.0,-28
-1276.0,4
-1372.0,-80
-1440.0,-54
-1444.0,18
-1344.0,142
-1424.0,222
-1316.0,238
-1424.0,144
-1276.0,112
-1312.0,-28
-1472.0,-44
-1428.0,62
-1344.0,40
-1328.0,56
-1256.0,-68
-1404.0,-26
-1356.0,44
-1272.0,40
-1244.0,122
-1352.0,70
-1536.0,110
-1468.0,78
-1368.0,28
-1344.0,-132
-1196.0,-68
-1316.0,-162
-1400.0,-134
-1568.0,34
-1492.0,38
-1348.0,2
-1400.0,-28
-1348.0,-16
-1256.0,-108
-1288.0,-158
-1308.0,-106
-1276.0,-30
-1352.0,20
-1428.0,44
-1460.0,66
-1504.0,176
-1496.0,162
-1456.0,174
-1492.0,48
-1436.0,100
-1464.0,86
-1276.0,70
-1260.0,-76
-1432.0,-92
-1296.0,-2
-1460.0,-54
-1488.0,-30
-1272.0,92
-1292.0,154
-1260.0,50
-1308.0,84
-1388.0,182
-1424.0,140
-1440.0,70
-1548.0,92
-1500.0,50
-1372.0,62
-1452.0,6
-1368.0,-4
-1372.0,-4
-1316.0,98
-1200.0,96
-1528.0,50
-1516.0,122
-1408.0,-6
-1596.0,42
-1436.0,70
-1396.0,44
-1344.0,66
-1404.0,46
-1472.0,100
-1272.0,88
-1480.0,128
-1384.0,120
-1392.0,28
-1308.0,8
-1272.0,-12
-1444.0,-30
-1560.0,-64
-1504.0,-134
-1488.0,-26
-1544.0,62
-1440.0,94
-1348.0,178
-1328.0,192
-1300.0,248
-1332.0,70
-1220.0,44
-1320.0,-60
-1304.0,-20
-1428.0,-130
-1520.0,-178
-1508.0,-174
-1464.0,-76
-1556.0,-116
-1448.0,-170
-1336.0,-58
-1436.0,-14
-1372.0,32
-1356.0,-118
-1300.0,-152
-1260.0,-74
-1280.0,-28
-1268.0,-154
-1472.0,-116
-1428.0,-52
-1372.0,-104
-1288.0,-64
-1232.0,18
-1412.0,48
-1428.0,148
-1392.0,66
-1416.0,46
-1332.0,6
-1360.0,42
-1260.0,2
-1280.0,194
-1260.0,82
-1396.0,24
-1400.0,-20
-1424.0,-22
-1392.0,-66
-1432.0,34
-1472.0,8
-1588.0,-58
-1412.0,-108
-1380.0,-154
-1432.0,-224
-1592.0,-124
-1464.0,-16
-1404.0,12
-1440.0,36
-1436.0,-24
-1328.0,26
-1372.0,-4
-1448.0,28
-1432.0,100
-1528.0,96
-1428.0,44
-1428.0,-36
-1436.0,2
-1228.0,-96
-1516.0,-60
-1508.0,30
-1444.0,98
-1316.0,14
-1432.0,36
-1280.0,24
-1212.0,90
-1380.0,54
-1388.0,20
-1480.0,-26
-1464.0,-2
-1624.0,-40
-1464.0,-54
-1396.0,-90
-1432.0,-8
-1288.0,0
-1436.0,-98
-1392.0,-44
-1488.0,-34
-1516.0,-150
-1504.0,-180
-1556.0,-144
-1396.0,40
-1488.0,24
-1424.0,-36
-1432.0,-18
-1368.0,-20
-1260.0,44
-1316.0,-46
-1256.0,-4
-1380.0,-74
-1396.0,-150
-1312.0,-6
-1364.0,40
-1468.0,160
-1476.0,272
-1384.0,264
-1408.0,180
-1376.0,6
-1388.0,-18
-1428.0,90
-1368.0,22
-1348.0,32
-1280.0,102
-1348.0,-6
-1344.0,84
-1356.0,76
-1292.0,-6
-1296.0,-10
-1304.0,-138
-1300.0,-82
-1324.0,-64
-1252.0,-36
-1436.0,-108
-1428.0,-88
-1324.0,-10
-1328.0,-94
-1428.0,-6
-1360.0,-40
-1428.0,128
-1408.0,182
-1432.0,110
-1392.0,128
-1448.0,134
-1472.0,98
-1424.0,92
-1492.0,0
-1580.0,12
-1452.0,76
-1344.0,62
-1380.0,-12
-1480.0,120
-1496.0,214
-1396.0,132
-1456.0,-30
-1508.0,22
-1352.0,26
-1360.0,172
-1212.0,64
-1352.0,22
-1400.0,150
-1480.0,62
-1336.0,58
-1312.0,0
-1208.0,-14
-1328.0,32
-1348.0,84
-1332.0,78
-1372.0,6
-1168.0,-60
-1312.0,-168
-1460.0,-174
-1428.0,-188
-1496.0,-82
-1344.0,-72
-1324.0,-124
-1360.0,-154
-1296.0,-128
-1364.0,-204
-1368.0,-146
-1360.0,-152
-1404.0,-254
-1312.0,-212
-1264.0,-134
-1412.0,-196
-1408.0,-160
-1488.0,-112
-1504.0,-210
-1292.0,-136
-1424.0,-168
-1404.0,-32
-1260.0,-24
-1420.0,-20
-1376.0,14
-1368.0,-54
-1284.0,-68
-1460.0,-132
-1480.0,-14
-1496.0,-12
-1260.0,-114
-1272.0,-22
-1488.0,22
-1432.0,-4
-1344.0,-6
-1396.0,114
-1436.0,62
-1384.0,36
-1264.0,6
-1396.0,68
-1300.0,68
-1460.0,168
-1476.0,196
-1464.0,66
-1216.0,50
-1284.0,44
-1444.0,-14
-1448.0,-112
-1456.0,-264
-1380.0,-156
-1372.0,-100
-1432.0,-42
-1464.0,-58
-1400.0,-132
-1396.0,-30
-1280.0,-2
-1404.0,70
-1284.0,116
-1476.0,18
-1340.0,40
-1332.0,-6
-1428.0,-24
-1296.0,-36
-1460.0,-40
-1356.0,100
-1380.0,68
-1392.0,116
-1320.0,68
-1436.0,124
-1348.0,-132
-1256.0,-42
-1444.0,38
-1432.0,-34
-1504.0,-6
-1444.0,48
-1388.0,-18
-1348.0,22
-1232.0,-42
-1340.0,-120
-1448.0,-14
-1548.0,206
-1300.0,146
-1344.0,136
-1380.0,74
-1328.0,170
-1412.0,134
-1412.0,142
-1284.0,92
-1396.0,10
-1380.0,-20
-1464.0,-114
-1368.0,-184
-1384.0,-130
-1364.0,-48
-1372.0,-14
-1408.0,-30
-1464.0,-26
-1364.0,44
-1428.0,-66
-1396.0,-32
-1516.0,-76
-1444.0,-34
-1484.0,-14
-1488.0,-2
-1424.0,-2
-1384.0,-120
-1300.0,62
-1272.0,134
-1396.0,178
-1408.0,124
-1572.0,108
-1376.0,-40
-1444.0,138
-1420.0,176
-1304.0,130
-1376.0,-12
-1420.0,-34
-1420.0,-106
-1368.0,-144
-1316.0,-102
-1428.0,-50
-1444.0,-66
-1408.0,-4
-1356.0,20
-1252.0,134
-1252.0,10
-1432.0,-74
-1328.0,-44
-1412.0,-54
-1372.0,-26
-1180.0,-72
-1280.0,-48
-1432.0,-76
-1328.0,-48
-1368.0,-94
-1444.0,-210
-1304.0,-226
-1188.0,-220
-1252.0,-88
-1348.0,-18
-1400.0,-100
-1352.0,32
-1444.0,104
-1484.0,132
-1384.0,102
-1296.0,102
-1400.0,86
-1368.0,78
-1368.0,104
-1236.0,24
-1352.0,-100
-1340.0,-88
-1336.0,-18
-1348.0,-70
-1260.0,-4
-1392.0,-52
-1364.0,-54
-1460.0,0
-1580.0,12
-1624.0,30
-1544.0,-28
-1424.0,8
-1392.0,38
-1352.0,24
-1372.0,154
-1376.0,254
-1304.0,214
-1420.0,118
-1392.0,-64
-1412.0,-60
-1548.0,-12
-1400.0,-26
-1344.0,-44
-1328.0,-48
-1404.0,-68
-1236.0,-60
-1232.0,0
-1316.0,-108
-1400.0,-74
-1368.0,-134
-1256.0,-134
-1188.0,-110
-1360.0,-162
-1340.0,-112
-1228.0,-190
-1424.0,-92
-1380.0,-126
-1488.0,20
-1456.0,-26
-1452.0,38
-1312.0,6
-1212.0,132
-1228.0,202
-1376.0,344
-1400.0,104
-1516.0,84
-1248.0,146
-1408.0,46
-1468.0,44
-1472.0,174
-1364.0,150
-1416.0,180
-1372.0,214
-1364.0,228
-1316.0,116
-1396.0,130
-1268.0,60
-1360.0,110
-1384.0,132
-1348.0,80
-1352.0,-28
-1460.0,-102
-1412.0,-114
-1396.0,-68
-1232.0,-50
-1152.0,6
-1336.0,-18
-1308.0,-30
-1436.0,-148
-1608.0,-182
-1220.0,-140
-1428.0,-74
-1488.0,-154
-1424.0,-168
-1312.0,-214
-1508.0,-150
-1348.0,-94
-1328.0,-82
-1452.0,6
-1356.0,52
-1456.0,138
-1520.0,96
-1528.0,96
-1488.0,96
-1392.0,114
-1352.0,48
-1252.0,-48
-1168.0,-52
-1248.0,-60
-1436.0,-112
-1416.0,-24
-1308.0,-8
-1392.0,-90
-1260.0,-10
-1344.0,24
-1344.0,-32
-1304.0,12
-1308.0,84
-1300.0,40
-1348.0,98
-1508.0,70
-1304.0,-44
-1280.0,-78
-1392.0,-80
-1396.0,-72
-1380.0,-64
-1456.0,112
-1292.0,128
-1228.0,112
-1352.0,92
-1456.0,-20
-1380.0,-56
-1488.0,-2
-1332.0,114
-1384.0,26
-1280.0,200
-1328.0,274
-1380.0,254
-1548.0,224
-1444.0,120
-1312.0,6
-1388.0,96
-1364.0,62
-1356.0,-34
-1372.0,8
-1380.0,-72
-1356.0,-152
-1268.0,-52
-1316.0,-50
-1368.0,-102
-1372.0,28
-1308.0,84
-1424.0,68
-1388.0,114
-1408.0,58
-1368.0,-30
-1500.0,-42
-1268.0,-74
-1392.0,-92
-1248.0,-90
-1344.0,-70
-1372.0,28
-1324.0,42
-1400.0,166
-1460.0,86
-1304.0,44
-1404.0,142
-1284.0,42
-1392.0,48
-1332.0,18
-1300.0,112
-1380.0,286
-1528.0,274
-1292.0,182
-1496.0,200
-1316.0,116
-1596.0,202
-1448.0,294
-1404.0,220
-1420.0,164
-1276.0,162
-1288.0,32
-1188.0,68
-1408.0,94
-1372.0,2
-1268.0,-50
-1396.0,-18
-1352.0,-106
-1444.0,-72
-1408.0,26
-1348.0,-38
-1496.0,-102
-1420.0,-70
-1460.0,-54
-1308.0,-148
-1292.0,-100
-1224.0,-62
-1376.0,-16
-1360.0,-32
-1412.0,-6
-1412.0,2
-1356.0,82
-1404.0,142
-1504.0,124
-1520.0,146
-1472.0,-78
-1536.0,-12
-1436.0,-82
-1460.0,20
-1516.0,-212
-1608.0,-216
-1476.0,-92
-1436.0,-114
-1380.0,-108
-1320.0,-66
-1292.0,106
-1336.0,122
-1288.0,64
-1276.0,84
-1384.0,48
-1416.0,68
-1384.0,-40
-1396.0,34
-1264.0,48
-1256.0,10
-1428.0,88
-1492.0,112
-1576.0,114
-1560.0,34
-1572.0,72
-1584.0,80
-1652.0,186
-1504.0,18
-1468.0,-10
-1324.0,164
-1428.0,80
-1412.0,20
-1400.0,-18
-1332.0,52
-1372.0,44
-1476.0,-10
-1388.0,18
-1456.0,-44
-1308.0,-92
-1280.0,74
-1188.0,-10
-1264.0,-36
-1388.0,42
-1368.0,2
-1432.0,-136
-1368.0,-106
-1304.0,-168
-1440.0,-212
-1248.0,-200
-1480.0,-162
-1432.0,-70
-1376.0,76
-1392.0,48
-1476.0,6
-1308.0,8
-1380.0,-158
-1396.0,-210
-1372.0,-72
-1336.0,-10
-1328.0,-60
-1476.0,-142
-1432.0,-122
-1488.0,-170
-1488.0,-170
-1452.0,-178
-1400.0,10
-1296.0,14
-1468.0,-68
-1392.0,56
-1352.0,-4
-1384.0,-48
-1436.0,-140
-1364.0,-58
-1436.0,-110
-1504.0,-50
-1404.0,-62
-1448.0,-12
-1412.0,-42
-1416.0,46
-1312.0,32
-1252.0,12
-1364.0,64
-1276.0,84
-1444.0,208
-1332.0,202
-1284.0,136
-1516.0,90
-1508.0,-42
-1404.0,-58
-1360.0,-170
-1416.0,-104
-1456.0,-94
-1392.0,-48
-1404.0,-82
-1396.0,-50
-1256.0,-4
-1332.0,44
-1452.0,22
-1364.0,88
-1280.0,74
-1228.0,26
-1476.0,58
-1460.0,112
-1352.0,174
-1448.0,156
-1468.0,148
-1504.0,50
-1384.0,-60
-1360.0,-50
-1380.0,-140
-1276.0,-204
-1408.0,-152
-1348.0,-290
-1468.0,-110
-1456.0,-46
-1508.0,-62
-1532.0,-66
-1436.0,-2
-1436.0,-78
-1440.0,-62
-1404.0,28
-1396.0,88
-1460.0,70
-1372.0,134
-1416.0,208
-1456.0,162
-1316.0,118
-1272.0,102
-1316.0,54
-1344.0,120
-1364.0,48
-1452.0,24
-1460.0,-26
-1364.0,82
-1496.0,66
-1352.0,22
-1312.0,10
-1252.0,42
-1360.0,-76
-1328.0,36
-1504.0,-18
-1472.0,-4
-1452.0,148
-1504.0,46
-1460.0,-24
-1372.0,12
-1380.0,24
-1256.0,-28
-1220.0,-134
-1352.0,-168
-1348.0,-44
-1376.0,-66
-1340.0,-28
-1416.0,-10
-1348.0,-44
-1420.0,-136
-1388.0,-52
-1592.0,16
-1436.0,-52
-1356.0,-42
-1284.0,-104
-1448.0,20
-1492.0,36
-1392.0,94
-1400.0,-40
-1520.0,-54
-1388.0,-160
-1364.0,-102
-1332.0,-72
-1284.0,48
-1408.0,52
-1384.0,28
-1372.0,22
-1460.0,176
-1412.0,112
-1244.0,-14
-1392.0,-42
-1384.0,98
-1508.0,102
-1444.0,-22
-1428.0,-44
-1488.0,-2
-1428.0,60
-1308.0,82
-1448.0,34
-1400.0,52
-1328.0,68
-1320.0,12
-1436.0,180
-1444.0,236
-1432.0,40
-1328.0,46
-1320.0,28
-1492.0,24
-1420.0,176
-1444.0,224
-1240.0,206
-1320.0,234
-1464.0,204
-1352.0,156
-1304.0,62
-1280.0,-30
-1516.0,10
-1424.0,52
-1452.0,44
-1460.0,58
-1464.0,66
-1424.0,46
-1384.0,-148
-1392.0,10
-1388.0,-24
-1328.0,-28
-1304.0,66
-1512.0,-48
-1372.0,0
-1464.0,22
-1568.0,16
-1404.0,-2
-1296.0,-96
-1308.0,-78
-1380.0,-30
-1452.0,6
-1392.0,8
-1328.0,-12
-1460.0,-72
-1392.0,-2
-1264.0,56
-1292.0,48
-1332.0,52
-1484.0,76
-1404.0,104
-1428.0,-18
-1292.0,28
-1380.0,-20
-1300.0,74
-1296.0,68
-1392.0,32
-1328.0,-68
-1372.0,6
-1300.0,-52
-1408.0,44
-1328.0,22
-1228.0,26
-1296.0,-46
-1304.0,-72
-1320.0,36
-1296.0,-56
-1432.0,-32
-1232.0,-54
-1268.0,-94
-1284.0,-76
-1324.0,-78
-1340.0,-102
-1428.0,4
-1448.0,38
-1220.0,94
-1216.0,120
-1452.0,228
-1672.0,264
-1488.0,188
-1660.0,226
-1596.0,140
-1416.0,96
-1444.0,54
-1408.0,58
-1416.0,24
-1540.0,32
-1512.0,-8
-1356.0,20
-1360.0,-70
-1284.0,-100
-1204.0,-20
-1296.0,66
-1468.0,-8
-1328.0,78
-1212.0,44
-1396.0,80
-1196.0,170
-1296.0,252
-1452.0,124
-1360.0,22
-1592.0,48
-1620.0,84
-1468.0,42
-1400.0,46
-1336.0,56
-1376.0,46
-1400.0,112
-1564.0,50
-1544.0,72
-1460.0,36
-1476.0,8
-1456.0,4
-1380.0,60
-1524.0,118
-1376.0,44
-1304.0,44
-1352.0,90
-1448.0,66
-1380.0,-26
-1460.0,-6
-1392.0,24
-1420.0,16
-1416.0,-92
-1560.0,-50
-1456.0,-96
-1468.0,-50
-1380.0,30
-1332.0,124
-1416.0,-30
-1392.0,78
-1428.0,8
-1264.0,-4
-1252.0,-178
-1244.0,-138
-1300.0,-132
-1356.0,-130
-1352.0,-50
-1304.0,-54
-1432.0,-70
-1500.0,-108
-1388.0,-92
-1272.0,-20
-1236.0,-64
-1424.0,-120
-1492.0,-82
-1348.0,6
-1476.0,-16
-1508.0,-36
-1368.0,-38
-1456.0,72
-1260.0,24
-1436.0,-66
-1440.0,-62
-1364.0,-94
-1300.0,-88
-1520.0,-202
-1488.0,-26
-1340.0,88
-1504.0,210
-1344.0,102
-1512.0,166
-1524.0,126
-1376.0,68
-1340.0,48
-1420.0,-42
-1348.0,-98
-1388.0,-76
-1340.0,-116
-1440.0,52
-1384.0,14
-1392.0,42
-1404.0,-122
-1148.0,-156
-1328.0,-168
-1296.0,-194
-1340.0,-100
-1400.0,-144
-1256.0,-150
-1424.0,-8
-1260.0,-68
-1276.0,-36
-1448.0,-12
-1332.0,-62
-1216.0,-86
-1244.0,-38
-1380.0,-130
-1508.0,-40
-1428.0,6
-1512.0,-6
-1392.0,24
-1508.0,16
-1324.0,42
-1420.0,42
-1400.0,0
-1384.0,-34
-1456.0,28
-1424.0,6
-1400.0,-40
-1424.0,-92
-1312.0,-102
-1272.0,-122
-1372.0,-48
-1496.0,-86
-1508.0,-170
-1416.0,-62
-1400.0,-66
-1408.0,38
-1408.0,-6
-1392.0,58
-1312.0,-18
-1372.0,14
-1400.0,198
-1428.0,204
-1420.0,152
-1504.0,80
-1524.0,168
-1496.0,80
-1516.0,-92
-1508.0,16
-1304.0,-20
-1400.0,54
-1228.0,10
-1348.0,24
-1388.0,40
-1416.0,-108
-1372.0,-66
-1528.0,-194
-1540.0,-10
-1468.0,-56
-1416.0,-54
-1456.0,-20
-1388.0,-94
-1416.0,-34
-1476.0,86
-1316.0,-18
-1240.0,-70
-1532.0,-104
-1460.0,-100
-1328.0,86
-1460.0,202
-1364.0,126
-1336.0,74
-1400.0,80
-1452.0,56
-1564.0,-18
-1456.0,60
-1516.0,-50
-1368.0,-50
-1304.0,-32
-1420.0,-20
-1400.0,-28
-1252.0,2
-1336.0,54
-1320.0,-44
-1440.0,-22
-1512.0,-28
-1468.0,56
-1360.0,192
-1372.0,196
-1276.0,114
-1204.0,106
-1200.0,98
-1232.0,68
-1408.0,98
-1268.0,52
-1248.0,-22
-1392.0,-72
-1416.0,-4
-1432.0,16
-1324.0,54
-1504.0,28
-1432.0,8
-1508.0,32
-1344.0,104
-1420.0,202
-1452.0,212
-1456.0,144
-1380.0,38
-1492.0,56
-1520.0,-80
-1464.0,-48
-1272.0,-10
-1340.0,-54
-1408.0,-36
-1424.0,-46
-1496.0,-40
-1508.0,50
-1488.0,144
-1452.0,36
-1536.0,54
-1484.0,-34
-1280.0,64
-1284.0,134
-1372.0,100
-1420.0,24
-1280.0,108
-1360.0,74
-1304.0,-44
-1428.0,-38
-1456.0,40
-1256.0,74
-1372.0,90
-1312.0,-28
-1176.0,-8
-1244.0,98
-1352.0,26
-1460.0,20
-1420.0,-42
-1448.0,32
-1380.0,-96
-1488.0,-178
-1392.0,-154
-1468.0,-28
-1356.0,-48
-1280.0,-92
-1424.0,-136
-1240.0,-130
-1428.0,-158
-1452.0,-98
-1360.0,-152
-1420.0,-8
-1504.0,-64
-1488.0,-72
-1544.0,-38
-1484.0,2
-1464.0,142
-1344.0,200
-1348.0,92
-1400.0,116
-1460.0,-18
-1524.0,-8
-1392.0,-42
-1352.0,154
-1424.0,70
-1304.0,94
-1264.0,82
-1320.0,18
-1324.0,-62
-1448.0,-66
-1316.0,-34
-1468.0,18
-1408.0,32
-1352.0,-60
-1348.0,12
-1340.0,54
-1428.0,-8
-1356.0,18
-1360.0,0
-1456.0,12
-1308.0,82
-1416.0,134
-1284.0,166
-1344.0,144
-1292.0,70
-1460.0,68
-1340.0,-12
-1276.0,-152
-1440.0,28
-1480.0,112
-1392.0,114
-1476.0,136
-1408.0,54
-1380.0,60
-1428.0,-140
-1544.0,-166
-1352.0,-160
-1348.0,-122
-1412.0,-94
-1536.0,-126
-1344.0,-98
-1380.0,-100
-1436.0,-132
-1476.0,-290
-1548.0,-204
-1508.0,-256
-1396.0,-292
-1476.0,-240
-1256.0,-186
-1320.0,-204
-1332.0,-166
-1444.0,-242
-1320.0,-42
-1308.0,-96
-1320.0,82
-1516.0,78
-1448.0,4
-1408.0,-98
-1332.0,-94
-1388.0,-108
-1312.0,-104
-1556.0,-82
-1420.0,-54
-1340.0,-52
-1480.0,-28
-1364.0,-28
-1332.0,146
-1336.0,80
-1328.0,84
-1392.0,78
-1528.0,8
-1440.0,-26
-1420.0,14
-1516.0,-20
-1336.0,16
-1396.0,-38
-1400.0,58
-1404.0,124
-1316.0,88
-1420.0,96
-1512.0,-2
-1344.0,4
-1348.0,-118
-1508.0,26
-1484.0,76
-1416.0,54
-1344.0,-12
-1356.0,-28
-1260.0,-102
-1452.0,-178
-1532.0,-180
-1500.0,50
-1368.0,-70
-1536.0,74
-1316.0,78
-1532.0,-54
-1332.0,68
-1444.0,116
-1268.0,122
-1300.0,170
-1220.0,184
-1380.0,36
-1224.0,50
-1224.0,136
-1288.0,72
-1280.0,32
-1388.0,-46
-1368.0,64
-1304.0,34
-1288.0,104
-1420.0,18
-1460.0,46
-1416.0,50
-1480.0,-4
-1372.0,-48
-1392.0,12
-1396.0,22
-1380.0,44
-1364.0,-68
-1584.0,-6
-1436.0,20
-1356.0,116
-1336.0,122
-1344.0,208
-1312.0,106
-1244.0,40
-1284.0,-34
-1548.0,-8
-1564.0,-24
-1428.0,-24
-1340.0,-36
-1384.0,92
-1468.0,-54
-1404.0,52
-1532.0,132
-1388.0,110
-1320.0,104
-1392.0,44
-1380.0,128
-1488.0,46
-1332.0,4
-1284.0,-70
-1284.0,12
-1304.0,-76
-1412.0,26
-1340.0,-26
-1476.0,-78
-1408.0,-86
-1392.0,-10
-1400.0,-60
-1360.0,-36
-1524.0,-84
-1392.0,0
-1264.0,156
-1372.0,138
-1396.0,168
-1420.0,-8
-1524.0,-92
-1540.0,-54
-1472.0,-26
-1436.0,-76
-1432.0,0
-1572.0,-46
-1520.0,-52
-1400.0,-10
-1316.0,128
-1440.0,32
-1532.0,88
-1400.0,24
-1416.0,-24
-1328.0,-44
-1460.0,-178
-1420.0,-114
-1404.0,-30
-1412.0,88
-1344.0,60
-1380.0,26
-1208.0,-4
-1296.0,56
-1296.0,130
-1392.0,156
-1308.0,84
-1396.0,74
-1332.0,70
-1340.0,202
-1384.0,132
-1400.0,198
-1420.0,216
-1404.0,234
-1492.0,248
-1396.0,224
-1384.0,78
-1344.0,170
-1476.0,218
-1400.0,166
-1324.0,164
-1196.0,168
-1340.0,222
-1444.0,200
-1432.0,216
-1392.0,250
-1336.0,142
-1424.0,154
-1420.0,218
-1400.0,214
-1508.0,114
-1512.0,116
-1476.0,230
-1572.0,138
-1456.0,130
-1496.0,144
-1316.0,176
-1216.0,130
-1288.0,44
-1456.0,108
-1436.0,148
-1336.0,-52
-1364.0,-74
-1504.0,-104
-1440.0,-82
-1392.0,-92
-1440.0,8
-1384.0,34
-1456.0,42
-1388.0,96
-1272.0,18
-1324.0,-38
-1356.0,-112
-1328.0,-156
-1332.0,-154
-1416.0,-194
-1568.0,-126
-1532.0,-88
-1456.0,-50
-1568.0,-32
-1516.0,46
-1400.0,70
-1296.0,102
-1384.0,-8
-1488.0,-4
-1276.0,50
-1400.0,98
-1384.0,20
-1532.0,40
-1308.0,120
-1316.0,156
-1360.0,-2
-1384.0,-100
-1440.0,-98
-1348.0,-72
-1460.0,-16
-1432.0,-108
-1484.0,-212
-1400.0,-148
-1520.0,-208
-1440.0,-192
-1412.0,-168
-1432.0,-352
-1396.0,-266
-1312.0,-180
-1196.0,-58
-1252.0,34
-1392.0,-94
-1468.0,-8
-1524.0,90
-1484.0,4
-1408.0,-36
-1444.0,66
-1292.0,54
-1400.0,14
-1448.0,34
-1420.0,-58
-1360.0,-112
-1396.0,-40
-1400.0,-28
-1416.0,-74
-1548.0,-66
-1524.0,4
-1396.0,106
-1376.0,-62
-1424.0,-38
-1380.0,68
-1404.0,70
-1368.0,66
-1424.0,2
-1456.0,18
-1388.0,24
-1560.0,42
-1288.0,100
-1436.0,112
-1212.0,106
-1304.0,50
-1440.0,40
-1292.0,88
-1296.0,178
-1436.0,14
-1444.0,-112
-1436.0,-158
-1288.0,-98
-1400.0,-56
-1392.0,-122
-1464.0,46
-1440.0,-30
-1348.0,-22
-1484.0,6
-1332.0,26
-1376.0,46
-1336.0,70
-1280.0,162
-1392.0,152
-1292.0,18
-1492.0,-84
-1364.0,-108
-1324.0,-14
-1368.0,-78
-1400.0,-118
-1276.0,-86
-1308.0,-90
-1364.0,-74
-1356.0,-66
-1360.0,-174
-1228.0,-142
-1248.0,-98
-1324.0,-134
-1496.0,-190
-1372.0,-190
-1444.0,-148
-1384.0,-128
-1484.0,-130
-1532.0,-164
-1536.0,-126
-1400.0,-82
-1368.0,-6
-1276.0,-6
-1440.0,-18
-1288.0,-52
-1536.0,-78
-1384.0,-28
-1356.0,26
-1300.0,42
-1336.0,72
-1304.0,-12
-1248.0,84
-1368.0,84
-1572.0,114
-1480.0,24
-1408.0,30
-1412.0,-82
-1484.0,-112
-1388.0,-176
-1468.0,50
-1468.0,26
-1280.0,106
-1292.0,38
-1320.0,100
-1428.0,86
-1452.0,158
-1352.0,74
-1380.0,110
-1220.0,48
-1376.0,124
-1172.0,150
-1300.0,-26
-1376.0,76
-1352.0,40
-1476.0,50
-1376.0,-2
-1364.0,-114
-1276.0,-92
-1276.0,108
-1296.0,-4
-1384.0,-116
-1316.0,16
-1296.0,-54
-1276.0,-34
-1328.0,-24
-1448.0,-8
-1368.0,-28
-1332.0,98
-1252.0,38
-1416.0,54
-1376.0,88
-1464.0,-94
-1468.0,-120
-1408.0,-188
-1464.0,-174
-1292.0,-118
-1424.0,-156
-1396.0,-144
-1240.0,-168
-1436.0,-94
-1392.0,-22
-1368.0,-2
-1396.0,-32
-1352.0,-68
-1256.0,-80
-1220.0,-92
-1332.0,-16
-1424.0,-34
-1464.0,-110
-1436.0,-82
-1324.0,-188
-1416.0,-156
-1452.0,-120
-1388.0,-110
-1352.0,-50
-1416.0,-66
-1340.0,-178
-1436.0,-258
-1424.0,-252
-1432.0,-84
-1472.0,-138
-1380.0,-164
-1516.0,-148
-1516.0,-156
-1564.0,-162
-1432.0,-230
-1356.0,-124
-1268.0,-66
-1380.0,-78
-1348.0,-122
-1436.0,-44
-1468.0,-92
-1392.0,-114
-1312.0,-58
-1376.0,-152
-1348.0,-156
-1312.0,-6
-1300.0,166
-1388.0,140
-1404.0,72
-1464.0,-62
-1324.0,-52
-1244.0,72
-1340.0,-28
-1296.0,-28
-1292.0,-104
-1344.0,-84
-1500.0,-128
-1504.0,-176
-1412.0,-104
-1364.0,-6
-1364.0,-68
-1504.0,-22
-1372.0,-28
-1448.0,-88
-1324.0,-56
-1364.0,-2
-1364.0,-6
-1428.0,-12
-1296.0,28
-1280.0,22
-1308.0,34
-1432.0,-34
-1408.0,28
-1392.0,242
-1528.0,200
-1520.0,156
-1400.0,242
-1264.0,160
-1284.0,-52
-1432.0,62
-1392.0,-92
-1348.0,74
-1440.0,-28
-1244.0,-102
-1428.0,-60
-1492.0,-82
-1328.0,-22
-1368.0,12
-1504.0,-62
-1520.0,-92
-1492.0,-52
-1460.0,52
-1396.0,58
-1456.0,62
-1360.0,134
-1344.0,74
-1400.0,36
-1464.0,-82
-1400.0,10
-1424.0,30
-1376.0,22
-1524.0,-4
-1248.0,-52
-1372.0,-186
-1284.0,-116
-1372.0,-28
-1392.0,-108
-1468.0,4
-1548.0,86
-1368.0,-14
-1428.0,-92
-1408.0,-116
-1444.0,-16
-1304.0,-86
-1532.0,-34
-1364.0,20
-1376.0,4
-1336.0,32
-1524.0,122
-1448.0,130
-1352.0,82
-1356.0,-48
-1428.0,92
-1460.0,116
-1304.0,48
-1324.0,-44
-1472.0,30
-1408.0,-60
-1292.0,140
-1244.0,144
-1288.0,110
-1336.0,68
-1396.0,110
-1424.0,172
-1332.0,146
-1324.0,66
-1424.0,-70
-1280.0,-78
-1528.0,-8
-1420.0,-72
-1436.0,82
-1308.0,170
-1296.0,110
-1496.0,38
-1404.0,46
-1300.0,-32
-1320.0,-78
-1412.0,-62
-1396.0,-70
-1244.0,-86
-1484.0,-2
-1484.0,-10
-1388.0,-6
-1328.0,-116
-1356.0,-180
-1340.0,-144
-1528.0,-104
-1452.0,-50
-1332.0,0
-1296.0,-24
-1364.0,-32
-1436.0,-60
-1472.0,2
-1516.0,30
-1412.0,32
-1400.0,94
-1408.0,32
-1356.0,-20
-1296.0,28
-1424.0,132
-1412.0,136
-1440.0,128
-1588.0,88
-1432.0,60
-1432.0,36
-1428.0,-44
-1424.0,28
-1292.0,-8
-1240.0,70
-1280.0,130
-1296.0,140
-1312.0,66
-1292.0,-8
-1400.0,34
-1464.0,-24
-1452.0,-82
-1492.0,18
-1416.0,36
-1452.0,104
-1356.0,76
-1444.0,-66
-1380.0,-154
-1364.0,-132
-1372.0,-128
-1288.0,-72
-1540.0,-170
-1484.0,-80
-1436.0,-26
-1432.0,48
-1612.0,84
-1448.0,-96
-1408.0,-50
-1508.0,-90
-1336.0,-140
-1288.0,-22
-1328.0,-46
-1380.0,-180
-1404.0,-140
-1460.0,-164
-1404.0,-138
-1420.0,-62
-1368.0,-116
-1324.0,-10
-1388.0,-74
-1248.0,-66
-1440.0,-4
-1492.0,-50
-1384.0,-126
-1296.0,-174
-1404.0,-128
-1408.0,-54
-1280.0,-8
-1440.0,10
-1296.0,56
-1348.0,-38
-1444.0,-56
-1352.0,-78
-1280.0,-10
-1312.0,-82
-1532.0,-20
-1288.0,6
-1328.0,36
-1304.0,114
-1344.0,24
-1608.0,54
-1428.0,32
-1416.0,70
-1348.0,62
-1408.0,142
-1428.0,20
-1388.0,-16
-1308.0,-36
-1328.0,-10
-1452.0,-26
-1544.0,-22
-1548.0,44
-1340.0,-22
-1384.0,10
-1376.0,74
-1188.0,-16
-1452.0,-20
-1440.0,40
-1472.0,124
-1600.0,132
-1400.0,112
-1488.0,184
-1488.0,20
-1404.0,-90
-1448.0,-186
-1432.0,-176
-1208.0,-58
-1332.0,-102
-1320.0,-192
-1316.0,-242
-1292.0,-194
-1368.0,-126
-1468.0,-126
-1516.0,-78
-1508.0,-38
-1420.0,102
-1320.0,28
-1432.0,96
-1504.0,124
-1344.0,124
-1452.0,68
-1400.0,112
-1508.0,150
-1472.0,88
-1360.0,26
-1260.0,-36
-1308.0,-128
-1228.0,-98
-1176.0,-102
-1360.0,-58
-1380.0,-98
-1360.0,-16
-1364.0,-26
-1488.0,-102
-1456.0,-62
-1344.0,-4
-1308.0,4
-1244.0,-40
-1304.0,-92
-1444.0,-188
-1320.0,-102
-1408.0,38
-1408.0,26
-1376.0,-100
-1432.0,-100
-1336.0,-114
-1340.0,-28
-1348.0,4
-1376.0,60
-1408.0,60
-1444.0,-64
-1360.0,68
-1376.0,-62
-1356.0,-10
-1216.0,-20
-1412.0,28
-1360.0,-28
-1368.0,22
-1364.0,-18
-1448.0,-90
-1324.0,-102
-1400.0,-106
-1488.0,-80
-1412.0,2
-1496.0,-70
-1556.0,-124
-1444.0,-134
-1488.0,-58
-1484.0,-70
-1440.0,-4
-1340.0,-16
-1420.0,-16
-1376.0,-16
-1480.0,-28
-1420.0,66
-1408.0,58
-1288.0,20
-1388.0,-106
-1484.0,22
-1496.0,0
-1416.0,46
-1512.0,128
-1304.0,204
-1288.0,198
-1288.0,18
-1432.0,10
-1392.0,32
-1496.0,-44
-1404.0,-170
-1468.0,-126
-1328.0,-14
-1380.0,2
-1428.0,82
-1284.0,98
-1360.0,132
-1404.0,126
-1228.0,78
-1416.0,114
-1448.0,70
-1628.0,110
-1508.0,108
-1520.0,-16
-1508.0,-36
-1312.0,-28
-1292.0,-68
-1284.0,-90
-1260.0,-2
-1424.0,-40
-1404.0,-84
-1484.0,-24
-1436.0,-20
-1444.0,-34
-1428.0,-12
-1344.0,50
-1420.0,50
-1424.0,-20
-1320.0,-106
-1456.0,-34
-1468.0,-78
-1240.0,-12
-1336.0,92
-1464.0,62
-1456.0,8
-1376.0,-6
-1356.0,-36
-1504.0,-116
-1424.0,-58
-1392.0,-66
-1328.0,-28
-1392.0,-80
-1312.0,-128
-1240.0,-82
-1404.0,-120
-1328.0,-84
-1460.0,-22
-1476.0,-44
-1600.0,-78
-1456.0,-48
-1332.0,-12
-1276.0,46
-1356.0,-54
-1328.0,14
-1320.0,-126
-1404.0,-142
-1300.0,-124
-1288.0,-44
-1252.0,-90
-1524.0,-52
-1436.0,-150
-1548.0,-140
-1464.0,48
-1408.0,34
-1564.0,-96
-1328.0,-118
-1348.0,-92
-1244.0,18
-1324.0,42
-1368.0,-6
-1356.0,94
-1392.0,42
-1376.0,76
-1472.0,-46
-1560.0,-42
-1528.0,-106
-1328.0,-178
-1300.0,-34
-1280.0,-64
-1324.0,-150
-1364.0,-80
-1460.0,-110
-1440.0,-144
-1436.0,-134
-1280.0,-56
-1324.0,-62
-1364.0,8
-1488.0,54
-1444.0,-82
-1484.0,10
-1412.0,-82
-1296.0,-138
-1292.0,-78
-1292.0,-128
-1236.0,-24
-1392.0,42
-1308.0,2
-1244.0,42
-1388.0,-32
-1264.0,-34
-1396.0,70
-1340.0,122
-1272.0,-6
-1264.0,-70
-1252.0,36
-1316.0,152
-1528.0,172
-1548.0,150
-1420.0,126
-1364.0,62
-1316.0,10
-1340.0,-90
-1464.0,-74
-1308.0,-76
-1400.0,-120
-1460.0,-74
-1456.0,-10
-1380.0,-2
-1356.0,18
-1288.0,16
-1320.0,-38
-1268.0,-104
-1308.0,-34
-1400.0,-136
-1280.0,-96
-1336.0,-124
-1232.0,-38
-1308.0,2
-1348.0,60
-1436.0,16
-1316.0,88
-1552.0,68
-1424.0,20
-1416.0,-6
-1332.0,-64
-1272.0,-12
-1256.0,-54
-1344.0,104
-1372.0,56
-1440.0,96
-1464.0,166
-1380.0,36
-1492.0,-72
-1368.0,-110
-1392.0,-46
-1340.0,132
-1336.0,110
-1396.0,86
-1400.0,90
-1436.0,118
-1416.0,84
-1268.0,-6
-1324.0,22
-1244.0,118
-1328.0,66
-1284.0,66
-1352.0,74
-1368.0,94
-1300.0,-4
-1112.0,2
-1284.0,40
-1196.0,42
-1420.0,28
-1432.0,-32
-1336.0,-60
-1368.0,126
-1456.0,196
-1352.0,142
-1460.0,98
-1256.0,114
-1364.0,114
-1376.0,80
-1376.0,184
-1460.0,144
-1452.0,96
-1500.0,56
-1508.0,-14
-1484.0,48
-1456.0,52
-1360.0,20
-1392.0,0
-1352.0,-84
-1340.0,-96
-1432.0,-128
-1428.0,-64
-1456.0,-158
-1356.0,-216
-1328.0,-182
-1404.0,-192
-1336.0,-188
-1444.0,-170
-1380.0,-182
-1424.0,-190
-1484.0,-146
-1488.0,-88
-1408.0,-4
-1316.0,54
-1456.0,56
-1308.0,174
-1268.0,18
-1404.0,-96
-1380.0,-116
-1476.0,-14
-1360.0,0
-1324.0,82
-1436.0,166
-1264.0,80
-1272.0,46
-1540.0,-134
-1400.0,-110
-1380.0,-78
-1364.0,-52
-1340.0,-86
-1404.0,-40
-1384.0,0
-1480.0,16
-1348.0,70
-1380.0,210
-1268.0,150
-1376.0,118
-1256.0,68
-1404.0,6
-1428.0,66
-1364.0,-2
-1348.0,40
-1412.0,82
-1304.0,78
-1328.0,-56
-1436.0,-8
-1440.0,-28
-1364.0,56
-1376.0,30
-1452.0,-42
-1404.0,-72
-1464.0,-94
-1372.0,-50
-1400.0,-148
-1508.0,-40
-1404.0,-120
-1408.0,-138
-1348.0,-64
-1388.0,-4
-1516.0,104
-1408.0,-58
-1388.0,16
-1364.0,0
-1380.0,-16
-1380.0,-76
-1452.0,52
-1556.0,200
-1452.0,122
-1376.0,-38
-1316.0,-12
-1304.0,-82
-1640.0,-16
-1292.0,-32
-1400.0,-54
-1392.0,-28
-1460.0,44
-1348.0,14
-1428.0,136
-1292.0,50
-1120.0,72
-1296.0,206
-1336.0,220
-1284.0,118
-1356.0,46
-1364.0,82
-1344.0,38
-1328.0,74
-1268.0,100
-1524.0,110
-1540.0,82
-1408.0,-24
-1396.0,16
-1480.0,110
-1464.0,234
-1356.0,220
-1524.0,148
-1604.0,226
-1504.0,272
-1520.0,208
-1340.0,142
-1368.0,114
-1168.0,94
-1352.0,50
-1500.0,24
-1404.0,40
-1304.0,80
-1352.0,-10
-1548.0,-12
-1388.0,-78
-1312.0,-84
-1404.0,-118
-1392.0,-110
-1416.0,-122
-1312.0,-170
-1260.0,-224
-1208.0,-134
-1208.0,40
-1372.0,106
-1432.0,94
-1528.0,62
-1416.0,88
-1352.0,-40
-1368.0,84
-1416.0,36
-1324.0,114
-1360.0,132
-1464.0,158
-1400.0,24
-1348.0,-50
-1256.0,-88
-1256.0,-10
-1376.0,56
-1428.0,-46
-1360.0,-90
-1312.0,-92
-1344.0,-66
-1364.0,-24
-1328.0,-56
-1448.0,-38
-1416.0,-30
-1388.0,-28
-1284.0,-126
-1356.0,-110
-1288.0,-98
-1364.0,-94
-1424.0,-50
-1412.0,-44
-1412.0,-118
-1592.0,-34
-1500.0,32
-1436.0,-48
-1464.0,-42
-1452.0,-34
-1492.0,-80
-1444.0,-50
-1404.0,66
-1468.0,88
-1492.0,160
-1472.0,110
-1392.0,28
-1396.0,28
-1392.0,88
-1336.0,-108
-1392.0,-96
-1516.0,-62
-1332.0,-92
-1396.0,-108
-1484.0,-82
-1448.0,52
-1460.0,24
-1312.0,88
-1572.0,38
-1396.0,-42
-1328.0,-22
-1368.0,2
-1328.0,-150
-1452.0,-152
-1444.0,-138
-1532.0,-80
-1360.0,-56
-1360.0,-136
-1244.0,-86
-1276.0,-218
-1524.0,-208
-1448.0,-172
-1316.0,-108
-1460.0,4
-1444.0,40
-1528.0,-52
-1552.0,-32
-1476.0,94
-1368.0,56
-1404.0,-46
-1344.0,-18
-1368.0,-50
-1276.0,38
-1332.0,66
-1172.0,10
-1404.0,-50
-1496.0,-34
-1532.0,-32
-1472.0,0
-1340.0,-76
-1472.0,-26
-1372.0,-54
-1140.0,-10
-1236.0,66
-1432.0,76
-1528.0,126
-1300.0,52
-1368.0,100
-1272.0,160
-1472.0,168
-1384.0,140
-1356.0,50
-1400.0,38
-1408.0,106
-1320.0,74
-1412.0,82
-1372.0,58
-1464.0,-24
-1412.0,102
-1456.0,62
-1396.0,28
-1480.0,-104
-1372.0,-98
-1348.0,-252
-1452.0,-176
-1356.0,-144
-1284.0,-108
-1468.0,-18
-1372.0,-78
-1456.0,-62
-1416.0,-94
-1460.0,-152
-1496.0,-250
-1404.0,-244
-1392.0,-158
-1296.0,-88
-1232.0,-108
-1428.0,-112
-1332.0,-84
-1364.0,-66
-1380.0,58
-1384.0,-18
-1328.0,-90
-1428.0,-82
-1512.0,-124
-1420.0,-144
-1328.0,-138
-1340.0,-96
-1224.0,12
-1496.0,6
-1400.0,-38
-1412.0,-30
-1328.0,-34
-1228.0,76
-1404.0,-24
-1384.0,86
-1416.0,-16
-1532.0,-22
-1432.0,38
-1516.0,26
-1412.0,66
-1388.0,62
-1364.0,78
-1452.0,50
-1388.0,84
-1232.0,148
-1404.0,52
-1416.0,58
-1256.0,44
-1440.0,82
-1368.0,162
-1328.0,218
-1296.0,32
-1424.0,58
-1492.0,-4
-1232.0,18
-1280.0,-106
-1360.0,-96
-1448.0,-22
-1344.0,62
-1332.0,50
-1408.0,138
-1304.0,68
-1316.0,76
-1548.0,16
-1468.0,-8
-1448.0,-36
-1380.0,60
-1300.0,6
-1452.0,-4
-1360.0,-102
-1256.0,-96
-1428.0,-68
-1416.0,2
-1492.0,-34
-1416.0,-194
-1444.0,-14
-1484.0,24
-1216.0,0
-1288.0,-32
-1404.0,-72
-1392.0,-220
-1388.0,-212
-1332.0,-140
-1436.0,-70
-1460.0,4
-1396.0,-2
-1432.0,-16
-1424.0,62
-1492.0,32
-1496.0,-14
-1516.0,-10
-1360.0,-70
-1296.0,-86
-1356.0,-170
-1380.0,-110
-1580.0,-102
-1540.0,-88
-1444.0,-72
-1340.0,-72
-1516.0,26
-1284.0,78
-1324.0,200
-1368.0,124
-1460.0,96
-1504.0,24
-1416.0,-60
-1464.0,28
-1384.0,38
-1380.0,56
-1500.0,-18
-1596.0,0
-1412.0,-64
-1396.0,-94
-1324.0,-42
-1380.0,-112
-1220.0,-54
-1288.0,-12
-1292.0,56
-1412.0,14
-1296.0,28
-1368.0,16
-1400.0,2
-1332.0,18
-1440.0,-34
-1424.0,-10
-1492.0,36
-1220.0,32
-1324.0,158
-1316.0,106
-1332.0,70
-1288.0,58
-1340.0,42
-1360.0,84
-1384.0,172
-1356.0,76
-1360.0,134
-1404.0,30
-1428.0,-54
-1516.0,-40
-1328.0,-74
-1368.0,-94
-1404.0,-210
-1416.0,-190
-1484.0,-78
-1572.0,-184
-1500.0,-158
-1568.0,-68
-1552.0,-96
-1352.0,-124
-1508.0,-44
-1588.0,58
-1336.0,96
-1260.0,130
-1276.0,130
-1332.0,-14
-1320.0,-62
-1260.0,-94
-1320.0,-98
-1284.0,-214
-1468.0,-160
-1508.0,-198
-1396.0,-74
-1492.0,-28
-1312.0,-4
-1456.0,18
-1436.0,56
-1368.0,-48
-1396.0,-68
-1556.0,-84
-1488.0,-14
-1432.0,-24
-1348.0,-4
-1224.0,-6
-1316.0,-22
-1480.0,-110
-1404.0,-50
-1336.0,136
-1516.0,78
-1424.0,170
-1312.0,174
-1516.0,136
-1432.0,-28
-1272.0,-66
-1428.0,-40
-1488.0,-88
-1524.0,-18
-1440.0,38
-1448.0,124
-1368.0,-52
-1348.0,-66
-1400.0,16
-1288.0,60
-1428.0,76
-1508.0,96
-1504.0,166
-1460.0,142
-1364.0,78
-1432.0,88
-1280.0,16
-1248.0,68
-1480.0,84
-1568.0,18
-1612.0,8
-1488.0,86
-1408.0,82
-1380.0,28
-1284.0,-16
-1448.0,-52
-1372.0,-158
-1372.0,-96
-1512.0,-156
-1392.0,-54
-1372.0,-38
-1424.0,-72
-1560.0,-94
-1428.0,-92
-1452.0,-106
-1472.0,-132
-1500.0,-196
-1436.0,-102
-1328.0,-116
-1468.0,-70
-1416.0,-48
-1524.0,40
-1376.0,-72
-1412.0,-34
-1304.0,-6
-1348.0,38
-1368.0,-28
-1316.0,0
-1300.0,38
-1384.0,146
-1412.0,120
-1336.0,102
-1436.0,164
-1360.0,24
-1432.0,62
-1456.0,70
-1356.0,-12
-1196.0,48
-1364.0,14
-1292.0,82
-1372.0,88
-1324.0,38
-1372.0,34
-1332.0,-12
-1412.0,-124
-1300.0,-70
-1276.0,-48
-1444.0,-2
-1424.0,-38
-1408.0,-12
-1364.0,132
-1400.0,46
-1372.0,110
-1380.0,158
-1304.0,24
-1392.0,-34
-1344.0,46
-1368.0,60
-1500.0,84
-1540.0,160
-1536.0,200
-1352.0,0
-1332.0,-6
-1408.0,80
-1344.0,40
-1432.0,134
-1420.0,186
-1536.0,72
-1280.0,128
-1288.0,10
-1244.0,-70
-1320.0,-124
-1404.0,-56
-1256.0,-34
-1376.0,-84
-1352.0,-72
-1356.0,36
-1440.0,36
-1464.0,-20
-1424.0,-26
-1488.0,24
-1408.0,66
-1348.0,40
-1320.0,52
-1420.0,102
-1300.0,126
-1368.0,124
-1416.0,192
-1452.0,98
-1440.0,14
-1428.0,102
-1344.0,222
-1280.0,110
-1356.0,126
-1432.0,98
-1448.0,94
-1472.0,130
-1332.0,156
-1384.0,250
-1260.0,144
-1324.0,228
-1444.0,212
-1412.0,118
-1296.0,36
-1356.0,-56
-1328.0,-64
-1244.0,-180
-1388.0,-206
-1404.0,-184
-1448.0,-156
-1440.0,-90
-1368.0,-38
-1480.0,-24
-1484.0,-6
-1524.0,120
-1444.0,90
-1264.0,98
-1292.0,56
-1236.0,22
-1256.0,6
-1404.0,176
-1364.0,214
-1388.0,216
-1576.0,272
-1452.0,234
-1564.0,258
-1480.0,136
-1388.0,58
-1516.0,12
-1504.0,-28
-1540.0,28
-1396.0,-82
-1456.0,-50
-1344.0,10
-1388.0,-96
-1452.0,66
-1348.0,30
-1420.0,-44
-1484.0,-58
-1412.0,-116
-1480.0,-184
-1468.0,-170
-1420.0,-176
-1444.0,-204
-1436.0,-100
-1372.0,-54
-1468.0,48
-1424.0,-6
-1484.0,-72
-1452.0,-106
-1388.0,-32
-1540.0,-54
-1548.0,-56
-1336.0,-28
-1536.0,-116
-1424.0,-34
-1532.0,34
-1472.0,-50
-1536.0,88
-1380.0,112
-1380.0,128
-1420.0,92
-1476.0,108
-1372.0,166
-1504.0,194
-1372.0,166
-1480.0,194
-1256.0,98
-1332.0,56
-1484.0,98
-1496.0,78
-1484.0,56
-1320.0,-42
-1368.0,-80
-1344.0,-28
-1328.0,-92
-1144.0,-36
-1356.0,64
-1288.0,82
-1324.0,-16
-1292.0,-60
-1368.0,-126
-1404.0,-18
-1504.0,-44
-1568.0,-130
-1512.0,84
-1416.0,108
-1496.0,12
-1468.0,-6
-1284.0,-8
-1376.0,36
-1356.0,52
-1368.0,152
-1288.0,38
-1268.0,60
-1336.0,-26
-1340.0,-88
-1404.0,16
-1396.0,104
-1392.0,110
-1512.0,88
-1356.0,98
-1372.0,84
-1340.0,130
-1524.0,54
-1480.0,144
-1400.0,36
-1320.0,2
-1320.0,-2
-1344.0,-58
-1412.0,-28
-1276.0,-34
-1288.0,-66
-1300.0,-104
-1388.0,-72
-1360.0,-88
-1340.0,-76
-1352.0,-108
-1392.0,-4
-1396.0,-62
-1456.0,-70
-1396.0,-28
-1364.0,-36
-1408.0,-58
-1360.0,-44
-1344.0,8
-1228.0,44
-1316.0,54
-1288.0,-16
-1452.0,-118
-1416.0,-44
-1428.0,-108
-1432.0,-20
-1524.0,152
-1500.0,128
-1328.0,104
-1248.0,88
-1356.0,156
-1344.0,116
-1432.0,-2
-1444.0,66
-1356.0,14
-1464.0,-46
-1280.0,-36
-1376.0,72
-1380.0,-12
-1372.0,4
-1312.0,12
-1360.0,80
-1424.0,100
-1324.0,-52
-1412.0,-20
-1432.0,-34
-1364.0,-86
-1300.0,54
-1276.0,16
-1420.0,-42
-1376.0,-102
-1460.0,-104
-1372.0,-166
-1396.0,-166
-1424.0,-152
-1448.0,-178
-1360.0,-256
-1304.0,-156
-1368.0,-120
-1508.0,-138
-1436.0,-140
-1464.0,-138
-1472.0,-40
-1436.0,-36
-1496.0,-18
-1288.0,-28
-1276.0,-60
-1480.0,-84
-1356.0,-94
-1340.0,-40
-1320.0,-46
-1340.0,-42
-1424.0,-44
-1396.0,-192
-1488.0,-114
-1520.0,84
-1460.0,16
-1272.0,84
-1408.0,20
-1336.0,-54
-1280.0,96
-1224.0,88
-1288.0,144
-1260.0,124
-1300.0,168
-1384.0,82
-1432.0,124
-1492.0,116
-1444.0,80
-1484.0,-24
-1480.0,-80
-1520.0,-76
-1364.0,-80
-1304.0,96
-1384.0,10
-1464.0,-128
-1560.0,-26
-1424.0,128
-1300.0,52
-1268.0,128
-1412.0,-6
-1436.0,40
-1420.0,80
-1340.0,56
-1356.0,202
-1296.0,198
-1360.0,184
-1352.0,-4
-1352.0,-78
-1320.0,42
-1360.0,60
-1420.0,-40
-1348.0,0
-1408.0,76
-1440.0,50
-1516.0,162
-1448.0,106
-1384.0,52
-1352.0,50
-1488.0,88
-1568.0,70
-1496.0,94
-1372.0,38
-1404.0,142
-1372.0,118
-1460.0,138
-1376.0,162
-1544.0,110
-1408.0,12
-1408.0,-42
-1484.0,-12
-1484.0,56
-1392.0,0
-1276.0,-2
-1404.0,48
-1420.0,-100
-1416.0,36
-1364.0,-6
-1356.0,136
-1468.0,166
-1448.0,40
-1516.0,108
-1360.0,162
-1576.0,128
-1360.0,124
-1360.0,66
-1392.0,-12
-1460.0,74
-1384.0,-24
-1472.0,-110
-1396.0,-44
-1440.0,18
-1376.0,-20
-1204.0,30
-1332.0,-2
-1400.0,-62
-1448.0,-66
-1404.0,-68
-1388.0,-6
-1296.0,-82
-1404.0,-4
-1308.0,-128
-1420.0,-50
-1364.0,-78
-1404.0,22
-1292.0,134
-1532.0,-32
-1364.0,-98
-1388.0,-20
-1428.0,-216
-1336.0,-228
-1352.0,-132
-1496.0,-84
-1348.0,-44
-1400.0,44
-1360.0,102
-1328.0,56
-1420.0,124
-1456.0,56
-1552.0,-22
-1456.0,20
-1500.0,18
-1416.0,-98
-1404.0,14
-1404.0,42
-1412.0,188
-1384.0,178
-1236.0,130
-1268.0,120
-1452.0,64
-1396.0,-46
-1420.0,-6
-1464.0,-90
-1416.0,-172
-1452.0,-58
-1360.0,32
-1316.0,-2
-1180.0,70
-1200.0,-74
-1304.0,54
-1352.0,68
-1448.0,130
-1464.0,62
-1496.0,72
-1452.0,8
-1352.0,112
-1252.0,36
-1360.0,8
-1424.0,-36
-1380.0,32
-1356.0,6
-1464.0,48
-1408.0,-6
-1456.0,-100
-1388.0,-118
-1468.0,10
-1332.0,0
-1404.0,148
-1300.0,96
-1288.0,8
-1332.0,-124
-1392.0,-62
-1484.0,-68
-1304.0,-26
-1444.0,84
-1300.0,4
-1388.0,-28
-1384.0,144
-1360.0,104
-1480.0,156
-1328.0,140
-1448.0,-22
-1540.0,-36
-1448.0,-20
-1444.0,8
-1372.0,52
-1496.0,30
-1624.0,-4
-1440.0,184
-1448.0,-8
-1556.0,-66
-1440.0,6
-1364.0,6
-1340.0,-32
-1364.0,6
-1400.0,26
-1388.0,-16
-1336.0,34
-1368.0,-16
-1472.0,4
-1428.0,-44
-1416.0,-22
-1328.0,-88
-1316.0,-130
-1540.0,-230
-1576.0,-244
-1468.0,-142
-1444.0,-198
-1328.0,-182
-1224.0,-34
-1316.0,24
-1424.0,14
-1392.0,10
-1400.0,36
-1484.0,38
-1608.0,182
-1500.0,88
-1468.0,62
-1336.0,-124
-1368.0,-48
-1420.0,-68
-1520.0,-8
-1332.0,94
-1368.0,8
-1436.0,74
-1440.0,160
-1328.0,278
-1340.0,72
-1352.0,142
-1356.0,160
-1276.0,34
-1356.0,-168
-1248.0,-66
-1396.0,-16
-1444.0,-22
-1400.0,16
-1352.0,-42
-1540.0,-86
-1444.0,-174
-1324.0,-150
-1364.0,-26
-1400.0,-58
-1396.0,18
-1360.0,-76
-1264.0,24
-1432.0,26
-1360.0,-26
-1284.0,-50
-1400.0,-86
-1472.0,20
-1264.0,-16
-1332.0,68
-1324.0,-18
-1420.0,-62
-1352.0,-22
-1324.0,-12
-1604.0,136
-1484.0,22
-1468.0,-12
-1408.0,-12
-1468.0,64
-1408.0,0
-1512.0,0
-1672.0,-218
-1536.0,-148
-1500.0,-8
-1544.0,-116
-1376.0,-202
-1312.0,-204
-1252.0,-116
-1380.0,-118
-1380.0,-64
-1452.0,-78
-1376.0,-28
-1284.0,14
-1336.0,2
-1456.0,22
-1508.0,-112
-1424.0,-42
-1204.0,-150
-1380.0,-156
-1320.0,-136
-1332.0,-128
-1416.0,22
-1272.0,26
-1392.0,76
-1272.0,118
-1344.0,122
-1496.0,38
-1380.0,98
-1468.0,10
-1424.0,-34
-1324.0,-78
-1516.0,-104
-1360.0,10
-1452.0,164
-1516.0,132
-1524.0,50
-1380.0,86
-1572.0,86
-1344.0,230
-1360.0,44
-1476.0,82
-1344.0,62
-1392.0,0
-1348.0,-92
-1452.0,-58
-1488.0,-160
-1464.0,-88
-1472.0,-66
-1360.0,-112
-1460.0,-16
-1468.0,-24
-1536.0,-48
-1468.0,-30
-1440.0,-18
-1472.0,184
-1528.0,136
-1404.0,24
-1420.0,8
-1292.0,-30
-1300.0,-10
-1372.0,78
-1472.0,-26
-1472.0,36
-1524.0,120
-1476.0,152
-1336.0,-52
-1340.0,20
-1396.0,-102
-1436.0,-42
-1332.0,-62
-1376.0,-60
-1424.0,-128
-1376.0,-158
-1408.0,-136
-1380.0,-26
-1328.0,-82
-1228.0,-90
-1444.0,-8
-1488.0,-74
-1344.0,42
-1380.0,-20
-1484.0,108
-1364.0,56
-1300.0,34
-1500.0,130
-1432.0,182
-1416.0,132
-1516.0,162
-1452.0,186
-1392.0,90
-1332.0,112
-1352.0,120
-1224.0,194
-1356.0,196
-1268.0,88
-1368.0,204
-1400.0,106
-1340.0,184
-1504.0,66
-1504.0,122
-1400.0,44
-1216.0,-28
-1344.0,-20
-1296.0,-56
-1396.0,-32
-1300.0,-62
-1468.0,50
-1400.0,6
-1380.0,48
-1324.0,-98
-1396.0,-114
-1340.0,-10
-1368.0,14
-1332.0,26
-1384.0,56
-1316.0,34
-1408.0,136
-1376.0,150
-1492.0,150
-1500.0,148
-1420.0,88
-1336.0,118
-1372.0,6
-1476.0,-54
-1364.0,-74
-1312.0,-72
-1344.0,-60
-1420.0,-24
-1528.0,-42
-1540.0,104
-1392.0,80
-1280.0,42
-1524.0,42
-1328.0,-102
-1368.0,-76
-1348.0,-88
-1412.0,-86
-1580.0,-136
-1560.0,-70
-1520.0,-122
-1452.0,-80
-1472.0,-40
-1296.0,-66
-1452.0,-20
-1368.0,22
-1336.0,8
-1376.0,86
-1308.0,124
-1240.0,116
-1216.0,156
-1460.0,232
-1368.0,68
-1368.0,108
-1268.0,80
-1416.0,26
-1348.0,-4
-1400.0,-50
-1460.0,8
-1312.0,22
-1340.0,44
-1284.0,30
-1404.0,22
-1408.0,58
-1352.0,118
-1348.0,62
-1364.0,104
-1468.0,68
-1404.0,34
-1244.0,34
-1356.0,-50
-1364.0,-110
-1444.0,-96
-1312.0,-76
-1384.0,-150
-1352.0,-36
-1436.0,12
-1496.0,-112
-1564.0,-222
-1392.0,-270
-1348.0,-226
-1312.0,-266
-1400.0,-242
-1428.0,-216
-1444.0,-90
-1372.0,-128
-1400.0,-90
-1424.0,-8
-1304.0,-14
-1264.0,30
-1336.0,8
-1476.0,22
-1328.0,10
-1532.0,-52
-1328.0,0
-1388.0,50
-1432.0,160
-1292.0,52
-1456.0,-16
-1324.0,86
-1380.0,194
-1388.0,116
-1304.0,-10
-1544.0,14
-1456.0,4
-1372.0,74
-1424.0,2
-1340.0,-62
-1348.0,-100
-1344.0,-110
-1404.0,-90
-1520.0,28
-1548.0,36
-1420.0,84
-1492.0,134
-1524.0,164
-1428.0,0
-1448.0,22
-1476.0,14
-1524.0,40
-1268.0,-30
-1284.0,-24
-1364.0,-74
-1372.0,-62
-1316.0,22
-1324.0,54
-1492.0,98
-1444.0,174
-1332.0,78
-1252.0,44
-1360.0,104
-1428.0,78
-1512.0,-124
-1420.0,-86
-1348.0,-142
-1356.0,-192
-1500.0,-68
-1488.0,16
-1484.0,44
-1432.0,-70
-1304.0,-76
-1396.0,-32
-1348.0,-106
-1312.0,-170
-1448.0,-138
-1384.0,-114
-1532.0,-18
-1592.0,84
-1480.0,-24
-1292.0,-4
-1340.0,4
-1304.0,-34
-1328.0,-118
-1348.0,-190
-1376.0,-210
-1428.0,-254
-1336.0,-192
-1256.0,-188
-1324.0,-252
-1248.0,-204
-1300.0,-180
-1308.0,-120
-1316.0,-64
-1336.0,-92
-1348.0,66
-1440.0,112
-1424.0,160
-1416.0,116
-1368.0,48
-1500.0,-6
-1472.0,72
-1356.0,18
-1436.0,96
-1452.0,-32
-1488.0,-106
-1428.0,18
-1336.0,78
-1408.0,190
-1456.0,204
-1400.0,120
-1444.0,104
-1440.0,46
-1460.0,22
-1388.0,-138
-1356.0,-130
-1344.0,-94
-1292.0,-74
-1412.0,6
-1424.0,12
-1432.0,18
-1452.0,52
-1504.0,16
-1288.0,74
-1452.0,-52
-1416.0,-116
-1544.0,-132
-1524.0,-214
-1432.0,-164
-1404.0,-260
-1308.0,-230
-1252.0,-172
-1400.0,-116
-1300.0,-140
-1356.0,-92
-1460.0,-24
-1388.0,-140
-1364.0,-70
-1312.0,-36
-1224.0,-128
-1200.0,-188
-1400.0,-126
-1428.0,-126
-1424.0,-112
-1340.0,-130
-1424.0,12
-1380.0,-62
-1416.0,-2
-1392.0,16
-1472.0,-88
-1532.0,-16
-1472.0,48
-1400.0,34
-1452.0,90
-1532.0,42
-1536.0,6
-1540.0,44
-1424.0,28
-1432.0,132
-1464.0,204
-1396.0,184
-1408.0,150
-1360.0,86
-1208.0,-56
-1340.0,26
-1276.0,60
-1296.0,-70
-1352.0,-48
-1244.0,22
-1460.0,0
-1536.0,-54
-1332.0,-178
-1404.0,-288
-1416.0,-108
-1336.0,-118
-1436.0,46
-1488.0,-2
-1360.0,-42
-1368.0,52
-1424.0,154
-1396.0,178
-1308.0,216
-1328.0,108
-1424.0,-52
-1328.0,-70
-1324.0,-52
-1320.0,-54
-1432.0,-34
-1448.0,-86
-1528.0,-2
-1456.0,-86
-1336.0,-126
-1448.0,-114
-1444.0,-94
-1388.0,-22
-1472.0,68
-1340.0,98
-1272.0,66
-1344.0,68
-1452.0,8
-1496.0,6
-1304.0,-26
-1316.0,-172
-1324.0,-44
-1320.0,-22
-1344.0,-100
-1396.0,-118
-1248.0,-182
-1424.0,-70
-1448.0,-116
-1448.0,-94
-1480.0,-38
-1356.0,-142
-1476.0,-92
-1428.0,-28
-1404.0,262
-1484.0,166
-1556.0,248
-1568.0,248
-1432.0,154
-1376.0,152
-1388.0,102
-1256.0,106
-1428.0,32
-1448.0,48
-1296.0,18
-1320.0,-110
-1288.0,-168
-1340.0,-134
-1356.0,-130
-1476.0,-18
-1512.0,-20
-1412.0,-62
-1376.0,-64
-1424.0,-44
-1400.0,-34
-1316.0,6
-1428.0,8
-1524.0,120
-1432.0,108
-1504.0,76
-1376.0,88
-1368.0,94
-1416.0,84
-1352.0,-8
-1428.0,-40
-1428.0,-58
-1380.0,-54
-1356.0,-126
-1428.0,-250
-1288.0,-268
-1316.0,-116
-1452.0,-10
-1432.0,-32
-1408.0,-18
-1364.0,96
-1276.0,30
-1356.0,62
-1416.0,186
-1408.0,132
-1408.0,178
-1412.0,180
-1336.0,176
-1300.0,242
-1372.0,156
-1424.0,144
-1452.0,18
-1428.0,-34
-1364.0,4
-1424.0,2
-1508.0,-144
-1348.0,-28
-1392.0,4
-1420.0,46
-1516.0,60
-1356.0,132
-1380.0,76
-1352.0,-50
-1320.0,-26
-1404.0,-78
-1304.0,34
-1360.0,42
-1136.0,-56
-1412.0,-78
-1296.0,-32
-1432.0,-46
-1344.0,124
-1276.0,110
-1496.0,8
-1508.0,38
-1592.0,80
-1476.0,250
-1420.0,298
-1600.0,208
-1568.0,216
-1512.0,206
-1488.0,184
-1400.0,78
-1352.0,-4
-1404.0,-22
-1400.0,8
-1320.0,66
-1288.0,76
-1316.0,16
-1192.0,-78
-1264.0,82
-1292.0,108
-1292.0,76
-1500.0,-54
-1404.0,102
-1564.0,160
-1404.0,120
-1436.0,212
-1460.0,56
-1372.0,56
-1412.0,6
-1400.0,152
-1404.0,110
-1328.0,22
-1352.0,-56
-1352.0,-22
-1464.0,-2
-1468.0,54
-1264.0,66
-1368.0,-96
-1372.0,-146
-1292.0,-122
-1392.0,-96
-1340.0,34
-1368.0,-48
-1440.0,-20
-1292.0,-10
-1360.0,-50
-1280.0,-170
-1380.0,-132
-1296.0,-84
-1336.0,-10
-1372.0,4
-1384.0,132
-1372.0,86
-1492.0,140
-1408.0,-38
-1384.0,6
-1408.0,-54
-1372.0,32
-1440.0,126
-1392.0,38
-1456.0,50
-1432.0,34
-1268.0,2
-1312.0,-120
-1344.0,-90
-1272.0,-26
-1416.0,2
-1476.0,-78
-1268.0,-50
-1332.0,-70
-1592.0,-98
-1588.0,-80
-1680.0,-94
-1568.0,-112
-1440.0,-22
-1292.0,-14
-1268.0,-20
-1436.0,-100
-1388.0,-134
-1368.0,-100
-1372.0,-90
-1336.0,-186
-1344.0,-190
-1300.0,-90
-1364.0,-14
-1356.0,-54
-1416.0,0
-1496.0,-8
-1412.0,60
-1412.0,76
-1396.0,-4
-1580.0,-8
-1508.0,-38
-1548.0,4
-1500.0,42
-1560.0,20
-1436.0,18
-1444.0,-70
-1488.0,-104
-1548.0,-108
-1476.0,-80
-1384.0,-96
-1548.0,-90
-1536.0,-34
-1496.0,138
-1388.0,124
-1360.0,152
-1356.0,96
-1404.0,164
-1328.0,130
-1432.0,138
-1268.0,50
-1388.0,-114
-1356.0,-18
-1476.0,-18
-1376.0,-48
-1480.0,22
-1492.0,-72
-1364.0,68
-1356.0,174
-1484.0,136
-1388.0,66
-1432.0,154
-1448.0,180
-1364.0,116
-1340.0,166
-1436.0,162
-1348.0,62
-1300.0,40
-1404.0,180
-1380.0,158
-1372.0,132
-1488.0,94
-1500.0,26
-1548.0,-22
-1388.0,8
-1540.0,-100
-1456.0,-90
-1576.0,-44
-1472.0,-104
-1504.0,-94
-1404.0,-28
-1224.0,-158
-1268.0,-146
-1308.0,-148
-1296.0,-218
-1372.0,-34
-1344.0,-90
-1204.0,38
-1400.0,104
-1332.0,130
-1352.0,-42
-1524.0,-12
-1456.0,40
-1384.0,32
-1324.0,86
-1448.0,106
-1368.0,142
-1336.0,20
-1380.0,-70
-1388.0,48
-1316.0,-8
-1264.0,-114
-1364.0,-116
-1344.0,-86
-1368.0,-86
-1424.0,-100
-1456.0,-32
-1400.0,-8
-1556.0,68
-1592.0,82
-1564.0,224
-1340.0,218
-1300.0,150
-1256.0,132
-1276.0,168
-1280.0,180
-1480.0,184
-1612.0,202
-1504.0,78
-1492.0,54
-1416.0,-46
-1440.0,-40
-1328.0,30
-1500.0,-16
-1300.0,-12
-1416.0,-132
-1368.0,-96
-1384.0,-152
-1348.0,32
-1296.0,82
-1300.0,84
-1224.0,72
-1188.0,184
-1100.0,60
-1256.0,-108
-1384.0,-158
-1312.0,-84
-1328.0,-146
-1420.0,-80
-1464.0,-116
-1340.0,-90
-1420.0,-54
-1404.0,-154
-1364.0,-44
-1336.0,0
-1372.0,-12
-1276.0,-28
-1224.0,-62
-1364.0,52
-1356.0,58
-1504.0,24
-1320.0,4
-1436.0,78
-1424.0,122
-1440.0,124
-1472.0,68
-1448.0,124
-1520.0,148
-1388.0,108
-1420.0,50
-1480.0,88
-1540.0,-12
-1512.0,-56
-1480.0,-58
-1472.0,112
-1472.0,156
-1420.0,48
-1444.0,-32
-1348.0,-6
-1316.0,-114
-1452.0,-58
-1376.0,76
-1512.0,76
-1452.0,-18
-1492.0,32
-1460.0,48
-1496.0,26
-1372.0,98
-1484.0,68
-1400.0,166
-1360.0,68
-1420.0,-150
-1492.0,-204
-1444.0,-190
-1396.0,-170
-1284.0,-6
-1136.0,20
-1236.0,-18
-1344.0,-86
-1488.0,-114
-1340.0,34
-1332.0,-50
-1296.0,32
-1152.0,32
-1308.0,-34
-1284.0,36
-1384.0,46
-1380.0,38
-1308.0,4
-1260.0,56
-1340.0,78
-1468.0,-24
-1396.0,36
-1368.0,46
-1328.0,0
-1344.0,82
-1324.0,110
-1272.0,174
-1380.0,148
-1416.0,126
-1440.0,34
-1300.0,36
-1404.0,78
-1452.0,162
-1412.0,102
-1324.0,108
-1400.0,14
-1252.0,8
-1132.0,88
-1400.0,64
-1576.0,102
-1356.0,34
-1492.0,-10
-1412.0,24
-1472.0,36
-1260.0,-76
-1252.0,38
-1460.0,120
-1392.0,134
-1508.0,244
-1444.0,210
-1552.0,196
-1468.0,74
-1404.0,40
-1352.0,-10
-1352.0,8
-1444.0,-54
-1216.0,-36
-1480.0,6
-1536.0,28
-1484.0,-32
-1528.0,-98
-1436.0,-74
-1360.0,18
-1492.0,50
-1520.0,-52
-1460.0,-80
-1460.0,-132
-1340.0,-50
-1404.0,-68
-1448.0,22
-1404.0,-40
-1516.0,126
-1408.0,120
-1376.0,66
-1352.0,66
-1316.0,-22
-1188.0,-78
-1288.0,-94
-1356.0,-4
-1496.0,-22
-1404.0,-46
-1332.0,48
-1388.0,-54
-1392.0,-2
-1308.0,-68
-1368.0,-28
-1348.0,70
-1472.0,-4
-1380.0,32
-1368.0,0
-1360.0,50
-1284.0,-64
-1280.0,-112
-1332.0,-76
-1208.0,42
-1236.0,70
-1416.0,92
-1412.0,38
-1464.0,90
-1472.0,82
-1428.0,96
-1500.0,116
-1532.0,40
-1408.0,98
-1460.0,16
-1540.0,-4
-1232.0,108
-1316.0,30
-1184.0,-10
-1336.0,62
-1536.0,22
-1544.0,-30
-1416.0,-44
-1364.0,-38
-1384.0,-58
-1252.0,0
-1344.0,74
-1420.0,2
-1324.0,-32
-1252.0,-72
-1304.0,-98
-1248.0,-126
-1376.0,-44
-1248.0,-208
-1360.0,-178
-1272.0,-162
-1336.0,-154
-1504.0,-152
-1512.0,-148
-1420.0,-126
-1452.0,-130
-1400.0,-78
-1452.0,-80
-1412.0,-58
-1348.0,-106
-1416.0,-126
-1464.0,-126
-1292.0,-174
-1188.0,-92
-1304.0,-18
-1312.0,50
-1312.0,134
-1420.0,140
-1400.0,146
-1288.0,256
-1536.0,96
-1388.0,88
-1436.0,62
-1408.0,116
-1444.0,94
-1476.0,44
-1396.0,218
-1400.0,68
-1332.0,-8
-1496.0,-26
-1356.0,116
-1392.0,98
-1476.0,194
-1376.0,134
-1332.0,136
-1364.0,106
-1364.0,166
-1224.0,120
-1264.0,120
-1364.0,10
-1288.0,72
-1276.0,40
-1324.0,-64
-1388.0,-36
-1404.0,8
-1280.0,-78
-1376.0,-62
-1508.0,-62
-1364.0,-100
-1332.0,16
-1368.0,2
-1440.0,112
-1380.0,-42
-1400.0,-36
-1512.0,-82
-1488.0,8
-1472.0,2
-1496.0,-68
-1552.0,-8
-1480.0,-234
-1428.0,-290
-1420.0,-280
-1380.0,-170
-1336.0,-120
-1408.0,-34
-1428.0,-12
-1428.0,-34
-1460.0,-104
-1268.0,-60
-1300.0,52
-1456.0,2
-1392.0,22
-1448.0,-68
-1412.0,-36
-1500.0,90
-1460.0,90
-1388.0,82
-1464.0,110
-1312.0,94
-1348.0,116
-1452.0,48
-1280.0,28
-1308.0,86
-1356.0,-42
-1460.0,-26
-1544.0,-32
-1440.0,-106
-1364.0,-6
-1512.0,-38
-1492.0,-110
-1360.0,-82
-1404.0,-10
-1328.0,28
-1356.0,86
-1368.0,50
-1452.0,62
-1460.0,-80
-1336.0,-86
-1452.0,-66
-1476.0,22
-1316.0,34
-1360.0,102
-1368.0,134
-1432.0,70
-1352.0,132
-1392.0,194
-1356.0,46
-1280.0,-12
-1352.0,-20
-1436.0,-58
-1484.0,-70
-1428.0,-136
-1344.0,-76
-1472.0,-42
-1472.0,-100
-1464.0,-226
-1536.0,-344
-1344.0,-296
-1328.0,-302
-1232.0,-236
-1280.0,-122
-1436.0,-132
-1256.0,-138
-1160.0,-118
-1328.0,-210
-1324.0,-236
-1312.0,-156
-1448.0,-130
-1276.0,-164
-1404.0,-58
-1400.0,-68
-1428.0,-158
-1328.0,-106
-1392.0,-120
-1348.0,-90
-1372.0,-72
-1424.0,-190
-1360.0,-130
-1280.0,-60
-1412.0,-76
-1328.0,-18
-1388.0,-94
-1204.0,-40
-1304.0,-62
-1380.0,-144
-1428.0,-202
-1280.0,-210
-1448.0,-52
-1488.0,6
-1496.0,90
-1428.0,92
-1448.0,106
-1456.0,54
-1564.0,50
-1500.0,50
-1532.0,30
-1464.0,136
-1372.0,246
-1316.0,146
-1272.0,126
-1464.0,70
-1344.0,66
-1452.0,120
-1308.0,-18
-1376.0,-4
-1404.0,174
-1376.0,-40
-1280.0,-68
-1380.0,-12
-1300.0,44
-1416.0,14
-1432.0,-48
-1432.0,-18
-1520.0,16
-1504.0,122
-1440.0,86
-1360.0,44
-1276.0,14
-1380.0,60
-1396.0,92
-1464.0,46
-1492.0,90
-1416.0,-18
-1452.0,12
-1440.0,-66
-1448.0,-162
-1564.0,-114
-1328.0,-46
-1288.0,-24
-1348.0,32
-1364.0,-36
-1328.0,-24
-1348.0,132
-1344.0,44
-1376.0,-4
-1408.0,86
-1324.0,110
-1460.0,90
-1404.0,112
-1284.0,132
-1316.0,130
-1344.0,60
-1436.0,18
-1484.0,24
-1396.0,-52
-1392.0,36
-1376.0,-128
-1328.0,-130
-1336.0,-300
-1404.0,-230
-1476.0,-280
-1340.0,-232
-1348.0,-142
-1432.0,-112
-1452.0,-106
-1400.0,-12
-1328.0,98
-1328.0,120
-1524.0,170
-1368.0,278
-1480.0,208
-1548.0,152
-1428.0,96
-1320.0,204
-1468.0,182
-1224.0,186
-1440.0,120
-1468.0,134
-1436.0,44
-1396.0,-26
-1464.0,-80
-1428.0,-124
-1332.0,-130
-1376.0,-110
-1368.0,-36
-1484.0,-122
-1424.0,44
-1376.0,-74
-1404.0,-2
-1328.0,-94
-1380.0,-54
-1484.0,2
-1436.0,98
-1532.0,128
-1332.0,124
-1424.0,310
-1292.0,116
-1408.0,122
-1384.0,104
-1500.0,102
-1372.0,218
-1444.0,106
-1432.0,136
-1408.0,208
-1472.0,288
-1500.0,292
-1480.0,232
-1364.0,160
-1328.0,298
-1212.0,224
-1276.0,230
-1276.0,218
-1284.0,100
-1300.0,72
-1448.0,106
-1392.0,38
-1460.0,86
-1348.0,70
-1300.0,-30
-1300.0,-144
-1384.0,-44
-1460.0,-84
-1308.0,-112
-1376.0,-90
-1448.0,32
-1336.0,-58
-1388.0,-52
-1504.0,52
-1468.0,-50
-1280.0,-110
-1392.0,-136
-1468.0,-44
-1380.0,-80
-1528.0,-122
-1460.0,-106
-1396.0,-30
-1332.0,-8
-1404.0,48
-1272.0,8
-1336.0,-6
-1508.0,42
-1508.0,62
-1416.0,54
-1408.0,118
-1308.0,66
-1444.0,52
-1496.0,-120
-1480.0,-72
-1348.0,28
-1380.0,-10
-1356.0,-58
-1344.0,-108
-1368.0,-114
-1336.0,-160
-1520.0,-128
-1360.0,-86
-1388.0,110
-1420.0,82
-1356.0,164
-1120.0,116
-1204.0,112
-1276.0,64
-1368.0,-58
-1264.0,-36
-1240.0,-64
-1272.0,-66
-1332.0,100
-1344.0,0
-1468.0,-102
-1444.0,-128
-1508.0,-94
-1428.0,-164
-1364.0,-150
-1272.0,-134
-1404.0,-70
-1488.0,-10
-1520.0,-28
-1388.0,-18
-1400.0,186
-1496.0,16
-1424.0,-54
-1512.0,-174
-1596.0,-64
-1488.0,-112
-1444.0,-122
-1428.0,-124
-1260.0,-190
-1432.0,-102
-1356.0,-138
-1328.0,-130
-1384.0,-44
-1252.0,-60
-1288.0,48
-1440.0,24
-1332.0,124
-1372.0,166
-1224.0,12
-1324.0,56
-1504.0,26
-1444.0,-42
-1416.0,-50
-1484.0,-64
-1440.0,-84
-1356.0,-122
-1376.0,-126
-1408.0,-142
-1468.0,-132
-1448.0,-206
-1272.0,-222
-1272.0,-152
-1360.0,-84
-1412.0,-112
-1348.0,-224
-1360.0,-298
-1552.0,-116
-1524.0,-66
-1272.0,-74
-1252.0,-10
-1368.0,-14
-1420.0,24
-1136.0,54
-1372.0,60
-1424.0,88
-1340.0,166
-1328.0,96
-1284.0,74
-1356.0,24
-1360.0,68
-1356.0,154
-1480.0,136
-1300.0,170
-1404.0,74
-1336.0,44
-1556.0,44
-1480.0,-18
-1540.0,-22
-1300.0,-2
-1524.0,-48
-1388.0,-74
-1384.0,-132
-1428.0,-200
-1508.0,-60
-1408.0,2
-1420.0,-96
-1396.0,-102
-1500.0,-206
-1412.0,-154
-1348.0,-20
-1320.0,-10
-1372.0,-10
-1416.0,54
-1312.0,16
-1428.0,18
-1400.0,10
-1508.0,114
-1468.0,14
-1316.0,0
-1328.0,-38
-1372.0,-48
-1388.0,-60
-1364.0,-118
-1224.0,-74
-1368.0,-74
-1360.0,36
-1340.0,26
-1336.0,92
-1360.0,76
-1436.0,6
-1524.0,-58
-1312.0,-46
-1388.0,-138
-1532.0,-80
-1388.0,-182
-1444.0,-78
-1392.0,-24
-1460.0,22
-1352.0,38
-1300.0,96
-1388.0,0
-1400.0,8
-1312.0,-42
-1356.0,30
-1336.0,32
-1340.0,58
-1316.0,-66
-1392.0,-40
-1428.0,-8
-1360.0,-62
-1304.0,-40
-1392.0,-112
-1332.0,-52
-1332.0,72
-1484.0,-6
-1548.0,-46
-1384.0,-40
-1396.0,12
-1380.0,28
-1388.0,-22
-1404.0,12
-1384.0,-72
-1292.0,10
-1400.0,-32
-1336.0,68
-1344.0,50
-1300.0,56
-1404.0,110
-1460.0,78
-1284.0,-18
-1408.0,48
-1496.0,4
-1392.0,-88
-1288.0,-110
-1344.0,-94
-1268.0,-20
-1432.0,16
-1360.0,184
-1280.0,4
-1264.0,-36
-1428.0,-8
-1452.0,56
-1460.0,12
-1452.0,20
-1324.0,6
-1304.0,-48
-1376.0,-68
-1500.0,-62
-1532.0,-120
-1352.0,-72
-1428.0,4
-1356.0,82
-1352.0,140
-1504.0,18
-1348.0,82
-1544.0,48
-1404.0,86
-1368.0,66
-1348.0,6
-1448.0,180
-1420.0,48
-1424.0,90
-1344.0,-104
-1420.0,-110
-1488.0,-44
-1544.0,6
-1424.0,-22
-1388.0,-44
-1432.0,-78
-1316.0,28
-1348.0,52
-1432.0,70
-1380.0,-98
-1312.0,-34
-1372.0,-16
-1372.0,-70
-1344.0,-102
-1344.0,-68
-1496.0,-28
-1552.0,-12
-1472.0,-16
-1524.0,-44
-1416.0,92
-1380.0,136
-1476.0,116
-1356.0,88
-1272.0,-106
-1296.0,-26
-1236.0,30
-1428.0,90
-1500.0,70
-1348.0,104
-1284.0,112
-1556.0,0
-1372.0,-102
-1312.0,-24
-1496.0,-18
-1584.0,-30
-1420.0,62
-1480.0,46
-1368.0,2
-1320.0,16
-1496.0,-108
-1444.0,4
-1356.0,66
-1308.0,152
-1484.0,108
-1348.0,196
-1420.0,202
-1360.0,212
-1444.0,144
-1344.0,-4
-1412.0,178
-1308.0,154
-1392.0,110
-1400.0,58
-1388.0,46
-1360.0,-34
-1424.0,-94
-1324.0,-92
-1188.0,-82
-1196.0,-48
-1424.0,64
-1428.0,-4
-1544.0,16
-1472.0,10
-1468.0,-44
-1588.0,-132
-1560.0,-130
-1452.0,120
-1276.0,224
-1324.0,148
-1360.0,76
-1416.0,130
-1404.0,44
-1256.0,104
-1272.0,-22
-1320.0,-72
-1424.0,-36
-1416.0,-44
-1332.0,4
-1464.0,-6
-1608.0,-30
-1472.0,10
-1428.0,160
-1508.0,180
-1260.0,88
-1440.0,34
-1396.0,104
-1420.0,20
-1396.0,0
-1316.0,-172
-1284.0,-112
-1344.0,-132
-1352.0,-68
-1436.0,-102
-1420.0,-40
-1536.0,-92
-1476.0,58
-1436.0,-46
-1340.0,-136
-1376.0,-118
-1396.0,-104
-1336.0,-58
-1428.0,-134
-1456.0,-82
-1432.0,-70
-1424.0,-144
-1400.0,-60
-1408.0,84
-1348.0,-26
-1324.0,32
-1440.0,12
-1284.0,118
-1364.0,-16
-1428.0,50
-1420.0,76
-1416.0,114
-1404.0,154
-1448.0,30
-1512.0,8
-1484.0,76
-1392.0,134
-1388.0,210
-1496.0,218
-1224.0,34
-1572.0,44
-1380.0,-40
-1308.0,-46
-1412.0,-70
-1280.0,-4
-1392.0,-68
-1352.0,-44
-1328.0,64
-1308.0,90
-1240.0,172
-1256.0,98
-1476.0,238
-1596.0,234
-1592.0,190
-1708.0,86
-1492.0,96
-1488.0,234
-1520.0,138
-1400.0,72
-1324.0,144
-1388.0,144
-1540.0,114
-1304.0,-16
-1380.0,-62
-1324.0,-168
-1420.0,-76
-1328.0,70
-1368.0,168
-1292.0,112
-1444.0,48
-1564.0,-76
-1540.0,-94
-1592.0,-156
-1528.0,-66
-1256.0,-12
-1396.0,12
-1404.0,8
-1336.0,20
-1248.0,-124
-1480.0,24
-1460.0,-106
-1320.0,6
-1340.0,0
-1424.0,16
-1420.0,-8
-1360.0,50
-1284.0,-14
-1412.0,-38
-1440.0,-158
-1388.0,-98
-1284.0,-118
-1336.0,-26
-1236.0,-36
-1408.0,-74
-1424.0,54
-1360.0,22
-1240.0,4
-1396.0,72
-1540.0,-10
-1548.0,-68
-1352.0,6
-1160.0,138
-1300.0,52
-1396.0,6
-1412.0,92
-1356.0,122
-1368.0,18
-1348.0,60
-1388.0,64
-1452.0,162
-1516.0,290
-1456.0,214
-1396.0,204
-1436.0,66
-1492.0,90
-1372.0,136
-1264.0,66
-1280.0,-4
-1484.0,206
-1480.0,210
-1456.0,206
-1356.0,64
-1516.0,32
-1456.0,-2
-1360.0,26
-1400.0,212
-1288.0,194
-1468.0,168
-1420.0,-62
-1392.0,-220
-1364.0,-98
-1280.0,-18
-1340.0,-18
-1436.0,24
-1320.0,56
-1304.0,-20
-1340.0,-44
-1424.0,-24
-1396.0,36
-1352.0,-34
-1440.0,-72
-1400.0,-64
-1408.0,-56
-1316.0,-50
-1292.0,-24
-1436.0,-132
-1300.0,-50
-1376.0,-40
-1484.0,-48
-1296.0,-64
-1460.0,-56
-1480.0,-14
-1496.0,70
-1552.0,-82
-1448.0,-52
-1488.0,-126
-1416.0,-78
-1340.0,16
-1288.0,98
-1272.0,178
-1356.0,112
-1184.0,20
-1332.0,160
-1388.0,54
-1328.0,-36
-1580.0,-64
-1504.0,-14
-1464.0,8
-1468.0,40
-1384.0,-90
-1520.0,-34
-1400.0,34
-1316.0,116
-1280.0,30
-1316.0,-24
-1320.0,60
-1356.0,-74
-1408.0,-102
-1392.0,-18
-1372.0,-74
-1416.0,-54
-1384.0,12
-1436.0,28
-1464.0,84
-1428.0,60
-1288.0,-6
-1408.0,146
-1352.0,172
-1356.0,164
-1416.0,114
-1528.0,164
-1392.0,-94
-1492.0,-154
-1500.0,-74
-1424.0,-96
-1512.0,-144
-1308.0,-162
-1392.0,-76
-1256.0,-94
-1356.0,-114
-1396.0,-102
-1260.0,-16
-1220.0,10
-1452.0,14
-1396.0,-12
-1272.0,56
-1424.0,-26
-1492.0,-180
-1500.0,-82
-1372.0,-70
-1384.0,-30
-1412.0,-52
-1396.0,-122
-1356.0,-94
-1404.0,-90
-1352.0,-26
-1368.0,134
-1400.0,118
-1232.0,12
-1208.0,18
-1248.0,-26
-1288.0,2
-1468.0,-132
-1440.0,-52
-1368.0,-32
-1460.0,-110
-1420.0,-200
-1388.0,-116
-1368.0,16
-1212.0,66
-1400.0,6
-1364.0,0
-1380.0,52
-1408.0,68
-1424.0,-32
-1396.0,-144
-1404.0,-44
-1316.0,-62
-1412.0,-46
-1360.0,-138
-1428.0,-82
-1364.0,-32
-1420.0,12
-1284.0,-4
-1384.0,-4
-1340.0,-48
-1376.0,-60
-1412.0,-36
-1396.0,-108
-1432.0,-24
-1600.0,-88
-1344.0,-120
-1344.0,-116
-1308.0,-114
-1328.0,-54
-1400.0,68
-1328.0,80
-1392.0,-10
-1448.0,50
-1332.0,-22
-1316.0,28
-1268.0,16
-1360.0,96
-1312.0,28
-1428.0,-22
-1280.0,-114
-1388.0,-152
-1440.0,-32
-1328.0,-154
-1404.0,-70
-1504.0,20
-1312.0,-14
-1304.0,54
-1332.0,-68
-1268.0,-50
-1348.0,-136
-1420.0,-88
-1392.0,10
-1420.0,60
-1376.0,70
-1464.0,78
-1448.0,66
-1420.0,-2
-1448.0,-44
-1468.0,-42
-1524.0,-54
-1480.0,72
-1352.0,56
-1396.0,72
-1344.0,-32
-1332.0,-84
-1432.0,-72
-1412.0,-48
-1260.0,0
-1320.0,84
-1448.0,6
-1404.0,72
-1416.0,166
-1496.0,206
-1376.0,166
-1276.0,6
-1428.0,202
-1392.0,170
-1336.0,110
-1412.0,34
-1448.0,-84
-1280.0,-102
-1248.0,-116
-1288.0,-136
-1380.0,-56
-1260.0,38
-1264.0,64
-1340.0,36
-1300.0,46
-1416.0,-92
-1592.0,-150
-1432.0,-66
-1584.0,-92
-1372.0,-122
-1328.0,-46
-1280.0,-36
-1392.0,-14
-1396.0,-18
-1380.0,-120
-1372.0,78
-1360.0,166
-1416.0,142
-1372.0,120
-1400.0,168
-1360.0,136
-1368.0,44
-1488.0,164
-1420.0,112
-1396.0,348
-1384.0,218
-1452.0,126
-1428.0,66
-1492.0,32
-1436.0,-34
-1460.0,30
-1464.0,34
-1452.0,30
-1372.0,10
-1344.0,14
-1288.0,-36
-1448.0,-4
-1496.0,-102
-1388.0,-160
-1436.0,-56
-1396.0,-70
-1280.0,24
-1376.0,80
-1328.0,2
-1316.0,64
-1160.0,70
-1280.0,-12
-1192.0,114
-1356.0,60
-1392.0,54
-1484.0,-32
-1404.0,-128
-1456.0,-132
-1444.0,-160
-1568.0,-32
-1388.0,-128
-1468.0,-190
-1448.0,-240
-1224.0,-98
-1564.0,-24
-1460.0,-150
-1384.0,-110
-1496.0,-26
-1416.0,2
-1496.0,108
-1464.0,36
-1448.0,8
-1500.0,86
-1516.0,82
-1404.0,72
-1284.0,-34
-1352.0,-70
-1332.0,-82
-1448.0,-30
-1352.0,-76
-1460.0,-104
-1280.0,70
-1416.0,102
-1320.0,110
-1308.0,-20
-1364.0,58
-1368.0,128
-1336.0,4
-1224.0,-10
-1400.0,2
-1392.0,84
-1392.0,100
-1336.0,70
-1432.0,182
-1480.0,234
-1452.0,36
-1432.0,44
-1476.0,-32
-1472.0,56
-1508.0,40
-1564.0,-92
-1524.0,-80
-1488.0,-116
-1464.0,-188
-1520.0,-156
-1416.0,-116
-1584.0,-120
-1464.0,-34
-1424.0,-94
-1548.0,-178
-1352.0,-110
-1340.0,2
-1344.0,8
-1424.0,38
-1420.0,44
-1460.0,56
-1508.0,-98
-1432.0,0
-1424.0,-12
-1400.0,-76
-1368.0,38
-1404.0,-30
-1388.0,14
-1348.0,0
-1348.0,68
-1396.0,68
-1292.0,130
-1308.0,92
-1420.0,180
-1448.0,86
-1436.0,76
-1268.0,-26
-1312.0,-156
-1392.0,-136
-1372.0,-104
-1408.0,-8
-1372.0,-154
-1408.0,-184
-1448.0,-196
-1496.0,-162
-1444.0,-58
-1408.0,-40
-1280.0,-48
-1424.0,-42
-1316.0,-68
-1404.0,-6
-1344.0,-20
-1408.0,12
-1288.0,-30
-1444.0,18
-1488.0,150
-1500.0,30
-1364.0,28
-1520.0,-14
-1548.0,62
-1324.0,88
-1344.0,120
-1384.0,16
-1348.0,-86
-1508.0,-30
-1416.0,-16
-1204.0,-2
-1176.0,-34
-1176.0,10
-1452.0,72
-1408.0,116
-1448.0,150
-1352.0,64
-1332.0,-112
-1408.0,-110
-1436.0,-154
-1448.0,-112
-1500.0,-96
-1544.0,-94
-1388.0,-4
-1344.0,-6
-1364.0,-22
-1376.0,-118
-1480.0,-220
-1528.0,-58
-1416.0,-52
-1376.0,-158
-1212.0,-110
-1236.0,-106
-1240.0,-108
-1412.0,-214
-1344.0,-152
-1344.0,-162
-1388.0,-220
-1500.0,-214
-1284.0,-128
-1368.0,-190
-1408.0,-124
-1472.0,-174
-1516.0,-174
-1492.0,-176
-1604.0,-212
-1524.0,-270
-1324.0,-230
-1408.0,-132
-1396.0,-86
-1416.0,-128
-1384.0,-170
-1496.0,-144
-1416.0,-6
-1284.0,130
-1340.0,52
-1300.0,-76
-1400.0,-48
-1328.0,-58
-1388.0,-124
-1340.0,44
-1328.0,84
-1392.0,150
-1492.0,90
-1516.0,-2
-1552.0,18
-1536.0,-42
-1492.0,-26
-1460.0,56
-1456.0,100
-1208.0,40
-1236.0,4
-1372.0,94
-1336.0,8
-1280.0,-6
-1344.0,16
-1456.0,12
-1464.0,-6
-1336.0,-40
-1404.0,-52
-1488.0,42
-1444.0,90
-1464.0,24
-1432.0,-8
-1308.0,124
-1368.0,80
-1480.0,128
-1388.0,68
-1304.0,-18
-1436.0,20
-1444.0,120
-1196.0,102
-1388.0,-36
-1424.0,-108
-1444.0,-284
-1348.0,-76
-1396.0,-130
-1268.0,-68
-1560.0,-150
-1496.0,-94
-1428.0,-182
-1668.0,-148
-1552.0,-104
-1332.0,-38
-1396.0,0
